[
{
  "model": "admin.logentry",
  "pk": 1,
  "fields": {
    "action_time": "2021-05-15T05:33:18.610Z",
    "user": 1,
    "content_type": 13,
    "object_id": "1",
    "object_repr": "La Habana",
    "action_flag": 1,
    "change_message": "[{\"added\": {}}]"
  }
},
{
  "model": "admin.logentry",
  "pk": 2,
  "fields": {
    "action_time": "2021-05-15T05:33:26.016Z",
    "user": 1,
    "content_type": 15,
    "object_id": "1",
    "object_repr": "Regla",
    "action_flag": 1,
    "change_message": "[{\"added\": {}}]"
  }
},
{
  "model": "admin.logentry",
  "pk": 3,
  "fields": {
    "action_time": "2021-05-15T05:33:53.418Z",
    "user": 1,
    "content_type": 10,
    "object_id": "1",
    "object_repr": "Roaldys-roal",
    "action_flag": 1,
    "change_message": "[{\"added\": {}}]"
  }
},
{
  "model": "admin.logentry",
  "pk": 4,
  "fields": {
    "action_time": "2021-05-15T05:34:38.217Z",
    "user": 1,
    "content_type": 7,
    "object_id": "1",
    "object_repr": "Matrícula Online - Icono: None",
    "action_flag": 1,
    "change_message": "[{\"added\": {}}]"
  }
},
{
  "model": "admin.logentry",
  "pk": 5,
  "fields": {
    "action_time": "2021-05-15T05:35:27.851Z",
    "user": 1,
    "content_type": 3,
    "object_id": "1",
    "object_repr": "Admin",
    "action_flag": 1,
    "change_message": "[{\"added\": {}}]"
  }
},
{
  "model": "admin.logentry",
  "pk": 6,
  "fields": {
    "action_time": "2021-05-15T05:35:36.969Z",
    "user": 1,
    "content_type": 3,
    "object_id": "2",
    "object_repr": "Estudiante",
    "action_flag": 1,
    "change_message": "[{\"added\": {}}]"
  }
},
{
  "model": "admin.logentry",
  "pk": 7,
  "fields": {
    "action_time": "2021-05-15T05:35:52.659Z",
    "user": 1,
    "content_type": 4,
    "object_id": "1",
    "object_repr": "roal",
    "action_flag": 2,
    "change_message": "[]"
  }
},
{
  "model": "admin.logentry",
  "pk": 8,
  "fields": {
    "action_time": "2021-05-15T05:36:21.796Z",
    "user": 1,
    "content_type": 4,
    "object_id": "1",
    "object_repr": "roal",
    "action_flag": 2,
    "change_message": "[{\"changed\": {\"fields\": [\"Groups\"]}}]"
  }
},
{
  "model": "admin.logentry",
  "pk": 9,
  "fields": {
    "action_time": "2021-05-15T06:16:24.894Z",
    "user": 1,
    "content_type": 4,
    "object_id": "2",
    "object_repr": "pepe",
    "action_flag": 2,
    "change_message": "[{\"changed\": {\"fields\": [\"Groups\"]}}]"
  }
},
{
  "model": "admin.logentry",
  "pk": 10,
  "fields": {
    "action_time": "2021-05-15T06:18:33.364Z",
    "user": 1,
    "content_type": 10,
    "object_id": "1",
    "object_repr": "Roaldys-roal",
    "action_flag": 2,
    "change_message": "[{\"changed\": {\"fields\": [\"Carne Identidad\"]}}]"
  }
},
{
  "model": "admin.logentry",
  "pk": 11,
  "fields": {
    "action_time": "2021-05-15T06:19:40.491Z",
    "user": 1,
    "content_type": 10,
    "object_id": "2",
    "object_repr": "sfdsdf-pepe",
    "action_flag": 1,
    "change_message": "[{\"added\": {}}]"
  }
},
{
  "model": "admin.logentry",
  "pk": 12,
  "fields": {
    "action_time": "2021-05-15T08:46:35.028Z",
    "user": 1,
    "content_type": 4,
    "object_id": "4",
    "object_repr": "otro",
    "action_flag": 3,
    "change_message": ""
  }
},
{
  "model": "admin.logentry",
  "pk": 13,
  "fields": {
    "action_time": "2021-05-15T08:46:35.053Z",
    "user": 1,
    "content_type": 4,
    "object_id": "2",
    "object_repr": "pepe",
    "action_flag": 3,
    "change_message": ""
  }
},
{
  "model": "admin.logentry",
  "pk": 14,
  "fields": {
    "action_time": "2021-05-15T08:46:35.072Z",
    "user": 1,
    "content_type": 4,
    "object_id": "5",
    "object_repr": "petro",
    "action_flag": 3,
    "change_message": ""
  }
},
{
  "model": "admin.logentry",
  "pk": 15,
  "fields": {
    "action_time": "2021-05-15T08:46:35.086Z",
    "user": 1,
    "content_type": 4,
    "object_id": "3",
    "object_repr": "qqq",
    "action_flag": 3,
    "change_message": ""
  }
},
{
  "model": "admin.logentry",
  "pk": 16,
  "fields": {
    "action_time": "2021-05-15T09:24:04.858Z",
    "user": 1,
    "content_type": 4,
    "object_id": "6",
    "object_repr": "lolo",
    "action_flag": 2,
    "change_message": "[{\"changed\": {\"fields\": [\"Groups\"]}}]"
  }
},
{
  "model": "admin.logentry",
  "pk": 17,
  "fields": {
    "action_time": "2021-05-15T10:11:48.031Z",
    "user": 1,
    "content_type": 4,
    "object_id": "7",
    "object_repr": "ana",
    "action_flag": 3,
    "change_message": ""
  }
},
{
  "model": "admin.logentry",
  "pk": 18,
  "fields": {
    "action_time": "2021-05-15T10:11:48.042Z",
    "user": 1,
    "content_type": 4,
    "object_id": "12",
    "object_repr": "carlo",
    "action_flag": 3,
    "change_message": ""
  }
},
{
  "model": "admin.logentry",
  "pk": 19,
  "fields": {
    "action_time": "2021-05-15T10:11:48.054Z",
    "user": 1,
    "content_type": 4,
    "object_id": "11",
    "object_repr": "don",
    "action_flag": 3,
    "change_message": ""
  }
},
{
  "model": "admin.logentry",
  "pk": 20,
  "fields": {
    "action_time": "2021-05-15T10:11:48.063Z",
    "user": 1,
    "content_type": 4,
    "object_id": "8",
    "object_repr": "elo",
    "action_flag": 3,
    "change_message": ""
  }
},
{
  "model": "admin.logentry",
  "pk": 21,
  "fields": {
    "action_time": "2021-05-15T10:11:48.073Z",
    "user": 1,
    "content_type": 4,
    "object_id": "9",
    "object_repr": "frank",
    "action_flag": 3,
    "change_message": ""
  }
},
{
  "model": "admin.logentry",
  "pk": 22,
  "fields": {
    "action_time": "2021-05-15T10:11:48.083Z",
    "user": 1,
    "content_type": 4,
    "object_id": "6",
    "object_repr": "lolo",
    "action_flag": 3,
    "change_message": ""
  }
},
{
  "model": "admin.logentry",
  "pk": 23,
  "fields": {
    "action_time": "2021-05-15T10:11:48.091Z",
    "user": 1,
    "content_type": 4,
    "object_id": "10",
    "object_repr": "lulo",
    "action_flag": 3,
    "change_message": ""
  }
},
{
  "model": "admin.logentry",
  "pk": 24,
  "fields": {
    "action_time": "2021-05-15T10:11:48.101Z",
    "user": 1,
    "content_type": 4,
    "object_id": "13",
    "object_repr": "peo",
    "action_flag": 3,
    "change_message": ""
  }
},
{
  "model": "admin.logentry",
  "pk": 25,
  "fields": {
    "action_time": "2021-05-19T08:20:21.339Z",
    "user": 1,
    "content_type": 13,
    "object_id": "2",
    "object_repr": "Las Tunas",
    "action_flag": 1,
    "change_message": "[{\"added\": {}}]"
  }
},
{
  "model": "admin.logentry",
  "pk": 26,
  "fields": {
    "action_time": "2021-05-19T08:20:51.657Z",
    "user": 1,
    "content_type": 15,
    "object_id": "2",
    "object_repr": "Puerto Padre",
    "action_flag": 1,
    "change_message": "[{\"added\": {}}]"
  }
},
{
  "model": "admin.logentry",
  "pk": 27,
  "fields": {
    "action_time": "2021-05-19T10:35:21.286Z",
    "user": 1,
    "content_type": 4,
    "object_id": "14",
    "object_repr": "ana",
    "action_flag": 3,
    "change_message": ""
  }
},
{
  "model": "admin.logentry",
  "pk": 28,
  "fields": {
    "action_time": "2021-05-19T10:35:21.308Z",
    "user": 1,
    "content_type": 4,
    "object_id": "18",
    "object_repr": "kati",
    "action_flag": 3,
    "change_message": ""
  }
},
{
  "model": "admin.logentry",
  "pk": 29,
  "fields": {
    "action_time": "2021-05-19T10:35:21.323Z",
    "user": 1,
    "content_type": 4,
    "object_id": "16",
    "object_repr": "leron",
    "action_flag": 3,
    "change_message": ""
  }
},
{
  "model": "admin.logentry",
  "pk": 30,
  "fields": {
    "action_time": "2021-05-19T10:35:21.338Z",
    "user": 1,
    "content_type": 4,
    "object_id": "17",
    "object_repr": "maria",
    "action_flag": 3,
    "change_message": ""
  }
},
{
  "model": "admin.logentry",
  "pk": 31,
  "fields": {
    "action_time": "2021-05-19T10:35:21.354Z",
    "user": 1,
    "content_type": 4,
    "object_id": "20",
    "object_repr": "qqqq",
    "action_flag": 3,
    "change_message": ""
  }
},
{
  "model": "admin.logentry",
  "pk": 32,
  "fields": {
    "action_time": "2021-05-19T10:35:21.368Z",
    "user": 1,
    "content_type": 4,
    "object_id": "19",
    "object_repr": "roro",
    "action_flag": 3,
    "change_message": ""
  }
},
{
  "model": "admin.logentry",
  "pk": 33,
  "fields": {
    "action_time": "2021-05-19T10:35:59.331Z",
    "user": 1,
    "content_type": 4,
    "object_id": "15",
    "object_repr": "frank",
    "action_flag": 2,
    "change_message": "[{\"changed\": {\"fields\": [\"Username\", \"Active\"]}}]"
  }
},
{
  "model": "admin.logentry",
  "pk": 34,
  "fields": {
    "action_time": "2021-05-20T00:19:49.882Z",
    "user": 1,
    "content_type": 4,
    "object_id": "21",
    "object_repr": "pepe",
    "action_flag": 2,
    "change_message": "[]"
  }
},
{
  "model": "admin.logentry",
  "pk": 35,
  "fields": {
    "action_time": "2021-05-20T00:45:21.905Z",
    "user": 1,
    "content_type": 8,
    "object_id": "1",
    "object_repr": "Administrar Datos - True ",
    "action_flag": 1,
    "change_message": "[{\"added\": {}}]"
  }
},
{
  "model": "admin.logentry",
  "pk": 36,
  "fields": {
    "action_time": "2021-05-20T00:46:18.562Z",
    "user": 1,
    "content_type": 9,
    "object_id": "1",
    "object_repr": "Estudiante - Administrar Datos",
    "action_flag": 1,
    "change_message": "[{\"added\": {}}]"
  }
},
{
  "model": "admin.logentry",
  "pk": 37,
  "fields": {
    "action_time": "2021-05-20T00:47:49.976Z",
    "user": 1,
    "content_type": 9,
    "object_id": "2",
    "object_repr": "Profesor - Administrar Datos",
    "action_flag": 1,
    "change_message": "[{\"added\": {}}]"
  }
},
{
  "model": "admin.logentry",
  "pk": 38,
  "fields": {
    "action_time": "2021-05-20T00:48:12.841Z",
    "user": 1,
    "content_type": 9,
    "object_id": "3",
    "object_repr": "Gestor - Administrar Datos",
    "action_flag": 1,
    "change_message": "[{\"added\": {}}]"
  }
},
{
  "model": "admin.logentry",
  "pk": 39,
  "fields": {
    "action_time": "2021-05-20T00:49:05.897Z",
    "user": 1,
    "content_type": 9,
    "object_id": "4",
    "object_repr": "Matricula - Administrar Datos",
    "action_flag": 1,
    "change_message": "[{\"added\": {}}]"
  }
},
{
  "model": "admin.logentry",
  "pk": 40,
  "fields": {
    "action_time": "2021-05-20T00:53:49.097Z",
    "user": 1,
    "content_type": 9,
    "object_id": "3",
    "object_repr": "Gestor - Administrar Datos",
    "action_flag": 2,
    "change_message": "[{\"changed\": {\"fields\": [\"Icono del Men\\u00fa\"]}}]"
  }
},
{
  "model": "admin.logentry",
  "pk": 41,
  "fields": {
    "action_time": "2021-05-20T00:54:03.443Z",
    "user": 1,
    "content_type": 8,
    "object_id": "1",
    "object_repr": "Administrar Datos - True ",
    "action_flag": 2,
    "change_message": "[{\"changed\": {\"fields\": [\"Icono\"]}}]"
  }
},
{
  "model": "admin.logentry",
  "pk": 42,
  "fields": {
    "action_time": "2021-05-20T07:46:05.676Z",
    "user": 1,
    "content_type": 8,
    "object_id": "2",
    "object_repr": "TBL-Simples - True ",
    "action_flag": 1,
    "change_message": "[{\"added\": {}}]"
  }
},
{
  "model": "admin.logentry",
  "pk": 43,
  "fields": {
    "action_time": "2021-05-20T07:47:36.742Z",
    "user": 1,
    "content_type": 9,
    "object_id": "5",
    "object_repr": "Provincias - TBL-Simples",
    "action_flag": 1,
    "change_message": "[{\"added\": {}}]"
  }
},
{
  "model": "admin.logentry",
  "pk": 44,
  "fields": {
    "action_time": "2021-05-20T07:49:08.123Z",
    "user": 1,
    "content_type": 9,
    "object_id": "6",
    "object_repr": "Cargo-Instructor - TBL-Simples",
    "action_flag": 1,
    "change_message": "[{\"added\": {}}]"
  }
},
{
  "model": "admin.logentry",
  "pk": 45,
  "fields": {
    "action_time": "2021-05-20T07:51:40.236Z",
    "user": 1,
    "content_type": 9,
    "object_id": "7",
    "object_repr": "Ocupación - TBL-Simples",
    "action_flag": 1,
    "change_message": "[{\"added\": {}}]"
  }
},
{
  "model": "admin.logentry",
  "pk": 46,
  "fields": {
    "action_time": "2021-05-20T07:52:42.136Z",
    "user": 1,
    "content_type": 8,
    "object_id": "3",
    "object_repr": "Estudiante - True ",
    "action_flag": 1,
    "change_message": "[{\"added\": {}}]"
  }
},
{
  "model": "admin.logentry",
  "pk": 47,
  "fields": {
    "action_time": "2021-05-20T07:53:04.711Z",
    "user": 1,
    "content_type": 8,
    "object_id": "4",
    "object_repr": "Profesor - True ",
    "action_flag": 1,
    "change_message": "[{\"added\": {}}]"
  }
},
{
  "model": "admin.logentry",
  "pk": 48,
  "fields": {
    "action_time": "2021-06-08T03:22:48.711Z",
    "user": 1,
    "content_type": 8,
    "object_id": "5",
    "object_repr": "Reportes - True ",
    "action_flag": 1,
    "change_message": "[{\"added\": {}}]"
  }
},
{
  "model": "admin.logentry",
  "pk": 49,
  "fields": {
    "action_time": "2021-06-08T03:23:01.523Z",
    "user": 1,
    "content_type": 8,
    "object_id": "5",
    "object_repr": "Reportes - True ",
    "action_flag": 2,
    "change_message": "[]"
  }
},
{
  "model": "admin.logentry",
  "pk": 50,
  "fields": {
    "action_time": "2021-06-08T03:25:05.294Z",
    "user": 1,
    "content_type": 9,
    "object_id": "8",
    "object_repr": "Listar Estudiante - Reportes",
    "action_flag": 1,
    "change_message": "[{\"added\": {}}]"
  }
},
{
  "model": "admin.logentry",
  "pk": 51,
  "fields": {
    "action_time": "2021-06-08T03:28:22.356Z",
    "user": 1,
    "content_type": 9,
    "object_id": "9",
    "object_repr": "Lista Cursos - Reportes",
    "action_flag": 1,
    "change_message": "[{\"added\": {}}]"
  }
},
{
  "model": "admin.logentry",
  "pk": 52,
  "fields": {
    "action_time": "2021-06-08T04:22:54.542Z",
    "user": 1,
    "content_type": 8,
    "object_id": "1",
    "object_repr": "Admin Usuarios - True ",
    "action_flag": 2,
    "change_message": "[{\"changed\": {\"fields\": [\"Nombre Modulo\"]}}]"
  }
},
{
  "model": "admin.logentry",
  "pk": 53,
  "fields": {
    "action_time": "2021-06-08T04:24:27.720Z",
    "user": 1,
    "content_type": 8,
    "object_id": "4",
    "object_repr": "Admin Entidad - True ",
    "action_flag": 2,
    "change_message": "[{\"changed\": {\"fields\": [\"Nombre Modulo\"]}}]"
  }
},
{
  "model": "admin.logentry",
  "pk": 54,
  "fields": {
    "action_time": "2021-06-08T04:24:44.605Z",
    "user": 1,
    "content_type": 8,
    "object_id": "3",
    "object_repr": "Admin Cursos - True ",
    "action_flag": 2,
    "change_message": "[{\"changed\": {\"fields\": [\"Nombre Modulo\"]}}]"
  }
},
{
  "model": "admin.logentry",
  "pk": 55,
  "fields": {
    "action_time": "2021-06-08T04:25:35.717Z",
    "user": 1,
    "content_type": 8,
    "object_id": "2",
    "object_repr": "TBL-Simples - True ",
    "action_flag": 2,
    "change_message": "[{\"changed\": {\"fields\": [\"Padre\"]}}]"
  }
},
{
  "model": "admin.logentry",
  "pk": 56,
  "fields": {
    "action_time": "2021-06-08T04:27:46.816Z",
    "user": 1,
    "content_type": 8,
    "object_id": "6",
    "object_repr": "Admin Matrícula - True ",
    "action_flag": 1,
    "change_message": "[{\"added\": {}}]"
  }
},
{
  "model": "admin.logentry",
  "pk": 57,
  "fields": {
    "action_time": "2021-06-08T04:29:23.001Z",
    "user": 1,
    "content_type": 8,
    "object_id": "7",
    "object_repr": "Estudiante - True ",
    "action_flag": 1,
    "change_message": "[{\"added\": {}}]"
  }
},
{
  "model": "admin.logentry",
  "pk": 58,
  "fields": {
    "action_time": "2021-06-08T04:30:05.490Z",
    "user": 1,
    "content_type": 8,
    "object_id": "8",
    "object_repr": "Gestor - True ",
    "action_flag": 1,
    "change_message": "[{\"added\": {}}]"
  }
},
{
  "model": "admin.logentry",
  "pk": 59,
  "fields": {
    "action_time": "2021-06-08T04:30:37.990Z",
    "user": 1,
    "content_type": 8,
    "object_id": "9",
    "object_repr": "Instructor - True ",
    "action_flag": 1,
    "change_message": "[{\"added\": {}}]"
  }
},
{
  "model": "admin.logentry",
  "pk": 60,
  "fields": {
    "action_time": "2021-06-08T04:31:01.920Z",
    "user": 1,
    "content_type": 8,
    "object_id": "10",
    "object_repr": "Maestro - False ",
    "action_flag": 1,
    "change_message": "[{\"added\": {}}]"
  }
},
{
  "model": "admin.logentry",
  "pk": 61,
  "fields": {
    "action_time": "2021-06-08T04:31:08.002Z",
    "user": 1,
    "content_type": 8,
    "object_id": "10",
    "object_repr": "Maestro - True ",
    "action_flag": 2,
    "change_message": "[{\"changed\": {\"fields\": [\"Estado\"]}}]"
  }
},
{
  "model": "admin.logentry",
  "pk": 62,
  "fields": {
    "action_time": "2021-06-08T04:32:12.884Z",
    "user": 1,
    "content_type": 9,
    "object_id": "9",
    "object_repr": "Lista Cursos - Reportes",
    "action_flag": 3,
    "change_message": ""
  }
},
{
  "model": "admin.logentry",
  "pk": 63,
  "fields": {
    "action_time": "2021-06-08T04:32:12.901Z",
    "user": 1,
    "content_type": 9,
    "object_id": "8",
    "object_repr": "Listar Estudiante - Reportes",
    "action_flag": 3,
    "change_message": ""
  }
},
{
  "model": "admin.logentry",
  "pk": 64,
  "fields": {
    "action_time": "2021-06-08T04:32:12.915Z",
    "user": 1,
    "content_type": 9,
    "object_id": "4",
    "object_repr": "Matricula - Admin Usuarios",
    "action_flag": 3,
    "change_message": ""
  }
},
{
  "model": "admin.logentry",
  "pk": 65,
  "fields": {
    "action_time": "2021-06-08T04:32:12.928Z",
    "user": 1,
    "content_type": 9,
    "object_id": "3",
    "object_repr": "Gestor - Admin Usuarios",
    "action_flag": 3,
    "change_message": ""
  }
},
{
  "model": "admin.logentry",
  "pk": 66,
  "fields": {
    "action_time": "2021-06-08T04:32:12.942Z",
    "user": 1,
    "content_type": 9,
    "object_id": "2",
    "object_repr": "Profesor - Admin Usuarios",
    "action_flag": 3,
    "change_message": ""
  }
},
{
  "model": "admin.logentry",
  "pk": 67,
  "fields": {
    "action_time": "2021-06-08T04:32:12.956Z",
    "user": 1,
    "content_type": 9,
    "object_id": "1",
    "object_repr": "Estudiante - Admin Usuarios",
    "action_flag": 3,
    "change_message": ""
  }
},
{
  "model": "admin.logentry",
  "pk": 68,
  "fields": {
    "action_time": "2021-06-08T04:32:42.812Z",
    "user": 1,
    "content_type": 9,
    "object_id": "10",
    "object_repr": "Crear Estudiante - Admin Usuarios",
    "action_flag": 1,
    "change_message": "[{\"added\": {}}]"
  }
},
{
  "model": "admin.logentry",
  "pk": 69,
  "fields": {
    "action_time": "2021-06-08T04:33:09.462Z",
    "user": 1,
    "content_type": 9,
    "object_id": "7",
    "object_repr": "Ocupación - Estudiante",
    "action_flag": 2,
    "change_message": "[{\"changed\": {\"fields\": [\"Tipo de M\\u00f3dulo\"]}}]"
  }
},
{
  "model": "admin.logentry",
  "pk": 70,
  "fields": {
    "action_time": "2021-06-08T04:33:19.293Z",
    "user": 1,
    "content_type": 9,
    "object_id": "10",
    "object_repr": "Crear Estudiante - Estudiante",
    "action_flag": 2,
    "change_message": "[{\"changed\": {\"fields\": [\"Tipo de M\\u00f3dulo\"]}}]"
  }
},
{
  "model": "admin.logentry",
  "pk": 71,
  "fields": {
    "action_time": "2021-06-08T04:33:50.090Z",
    "user": 1,
    "content_type": 9,
    "object_id": "11",
    "object_repr": "Discapacidad - Estudiante",
    "action_flag": 1,
    "change_message": "[{\"added\": {}}]"
  }
},
{
  "model": "admin.logentry",
  "pk": 72,
  "fields": {
    "action_time": "2021-06-08T04:34:29.597Z",
    "user": 1,
    "content_type": 9,
    "object_id": "12",
    "object_repr": "Categoría-Ocupaciona - Estudiante",
    "action_flag": 1,
    "change_message": "[{\"added\": {}}]"
  }
},
{
  "model": "admin.logentry",
  "pk": 73,
  "fields": {
    "action_time": "2021-06-08T04:35:52.478Z",
    "user": 1,
    "content_type": 9,
    "object_id": "13",
    "object_repr": "Gestión Instructor - Gestor",
    "action_flag": 1,
    "change_message": "[{\"added\": {}}]"
  }
},
{
  "model": "admin.logentry",
  "pk": 74,
  "fields": {
    "action_time": "2021-06-08T04:36:27.707Z",
    "user": 1,
    "content_type": 9,
    "object_id": "14",
    "object_repr": "Gestón Maestro - Maestro",
    "action_flag": 1,
    "change_message": "[{\"added\": {}}]"
  }
},
{
  "model": "admin.logentry",
  "pk": 75,
  "fields": {
    "action_time": "2021-06-08T04:36:56.594Z",
    "user": 1,
    "content_type": 9,
    "object_id": "6",
    "object_repr": "Cargo-Instructor - Instructor",
    "action_flag": 2,
    "change_message": "[{\"changed\": {\"fields\": [\"Tipo de M\\u00f3dulo\"]}}]"
  }
},
{
  "model": "admin.logentry",
  "pk": 76,
  "fields": {
    "action_time": "2021-06-08T04:37:10.353Z",
    "user": 1,
    "content_type": 9,
    "object_id": "14",
    "object_repr": "Gestión Maestro - Maestro",
    "action_flag": 2,
    "change_message": "[{\"changed\": {\"fields\": [\"Nombre del men\\u00fa\"]}}]"
  }
},
{
  "model": "admin.logentry",
  "pk": 77,
  "fields": {
    "action_time": "2021-06-08T04:39:08.225Z",
    "user": 1,
    "content_type": 9,
    "object_id": "15",
    "object_repr": "JCP - Admin Entidad",
    "action_flag": 1,
    "change_message": "[{\"added\": {}}]"
  }
},
{
  "model": "admin.logentry",
  "pk": 78,
  "fields": {
    "action_time": "2021-06-08T04:39:28.550Z",
    "user": 1,
    "content_type": 9,
    "object_id": "16",
    "object_repr": "JCM - Admin Entidad",
    "action_flag": 1,
    "change_message": "[{\"added\": {}}]"
  }
},
{
  "model": "admin.logentry",
  "pk": 79,
  "fields": {
    "action_time": "2021-06-08T04:39:47.945Z",
    "user": 1,
    "content_type": 9,
    "object_id": "17",
    "object_repr": "JCB - Admin Entidad",
    "action_flag": 1,
    "change_message": "[{\"added\": {}}]"
  }
},
{
  "model": "admin.logentry",
  "pk": 80,
  "fields": {
    "action_time": "2021-06-08T04:41:17.441Z",
    "user": 1,
    "content_type": 9,
    "object_id": "18",
    "object_repr": "Región - Admin Entidad",
    "action_flag": 1,
    "change_message": "[{\"added\": {}}]"
  }
},
{
  "model": "admin.logentry",
  "pk": 81,
  "fields": {
    "action_time": "2021-06-08T04:41:39.652Z",
    "user": 1,
    "content_type": 9,
    "object_id": "5",
    "object_repr": "Provincias - Admin Entidad",
    "action_flag": 2,
    "change_message": "[{\"changed\": {\"fields\": [\"Tipo de M\\u00f3dulo\"]}}]"
  }
},
{
  "model": "admin.logentry",
  "pk": 82,
  "fields": {
    "action_time": "2021-06-08T04:42:14.071Z",
    "user": 1,
    "content_type": 9,
    "object_id": "19",
    "object_repr": "Municipio - Admin Entidad",
    "action_flag": 1,
    "change_message": "[{\"added\": {}}]"
  }
},
{
  "model": "admin.logentry",
  "pk": 83,
  "fields": {
    "action_time": "2021-06-08T04:43:11.470Z",
    "user": 1,
    "content_type": 9,
    "object_id": "20",
    "object_repr": "Cursos - Admin Cursos",
    "action_flag": 1,
    "change_message": "[{\"added\": {}}]"
  }
},
{
  "model": "admin.logentry",
  "pk": 84,
  "fields": {
    "action_time": "2021-06-08T04:43:34.803Z",
    "user": 1,
    "content_type": 9,
    "object_id": "21",
    "object_repr": "Tipos-Cursos - Admin Cursos",
    "action_flag": 1,
    "change_message": "[{\"added\": {}}]"
  }
},
{
  "model": "admin.logentry",
  "pk": 85,
  "fields": {
    "action_time": "2021-06-08T04:44:30.351Z",
    "user": 1,
    "content_type": 9,
    "object_id": "22",
    "object_repr": "Curso-Interés - Admin Cursos",
    "action_flag": 1,
    "change_message": "[{\"added\": {}}]"
  }
},
{
  "model": "admin.logentry",
  "pk": 86,
  "fields": {
    "action_time": "2021-06-08T04:45:22.874Z",
    "user": 1,
    "content_type": 9,
    "object_id": "23",
    "object_repr": "Matrículas - Admin Matrícula",
    "action_flag": 1,
    "change_message": "[{\"added\": {}}]"
  }
},
{
  "model": "admin.logentry",
  "pk": 87,
  "fields": {
    "action_time": "2021-06-08T04:45:53.916Z",
    "user": 1,
    "content_type": 9,
    "object_id": "24",
    "object_repr": "Modalidad-Matrícula - Admin Matrícula",
    "action_flag": 1,
    "change_message": "[{\"added\": {}}]"
  }
},
{
  "model": "admin.logentry",
  "pk": 88,
  "fields": {
    "action_time": "2021-06-08T04:46:45.399Z",
    "user": 1,
    "content_type": 9,
    "object_id": "25",
    "object_repr": "Estado-Matrícula - Admin Matrícula",
    "action_flag": 1,
    "change_message": "[{\"added\": {}}]"
  }
},
{
  "model": "admin.logentry",
  "pk": 89,
  "fields": {
    "action_time": "2021-06-08T04:47:26.858Z",
    "user": 1,
    "content_type": 9,
    "object_id": "26",
    "object_repr": "Profesor-Matrícula - Admin Matrícula",
    "action_flag": 1,
    "change_message": "[{\"added\": {}}]"
  }
},
{
  "model": "admin.logentry",
  "pk": 90,
  "fields": {
    "action_time": "2021-06-08T05:05:52.889Z",
    "user": 1,
    "content_type": 9,
    "object_id": "27",
    "object_repr": "Probando - Admin Usuarios",
    "action_flag": 1,
    "change_message": "[{\"added\": {}}]"
  }
},
{
  "model": "admin.logentry",
  "pk": 91,
  "fields": {
    "action_time": "2021-06-08T05:51:05.763Z",
    "user": 1,
    "content_type": 9,
    "object_id": "15",
    "object_repr": "JCP - Admin Entidad",
    "action_flag": 2,
    "change_message": "[{\"changed\": {\"fields\": [\"Icono del Men\\u00fa\"]}}]"
  }
},
{
  "model": "admin.logentry",
  "pk": 92,
  "fields": {
    "action_time": "2021-06-08T05:51:25.148Z",
    "user": 1,
    "content_type": 9,
    "object_id": "16",
    "object_repr": "JCM - Admin Entidad",
    "action_flag": 2,
    "change_message": "[{\"changed\": {\"fields\": [\"Icono del Men\\u00fa\"]}}]"
  }
},
{
  "model": "admin.logentry",
  "pk": 93,
  "fields": {
    "action_time": "2021-06-08T05:51:46.881Z",
    "user": 1,
    "content_type": 9,
    "object_id": "15",
    "object_repr": "JCP - Admin Entidad",
    "action_flag": 2,
    "change_message": "[{\"changed\": {\"fields\": [\"Icono del Men\\u00fa\"]}}]"
  }
},
{
  "model": "admin.logentry",
  "pk": 94,
  "fields": {
    "action_time": "2021-06-10T07:18:28.907Z",
    "user": 1,
    "content_type": 9,
    "object_id": "14",
    "object_repr": "Gestión Maestro - Maestro",
    "action_flag": 2,
    "change_message": "[]"
  }
},
{
  "model": "admin.logentry",
  "pk": 95,
  "fields": {
    "action_time": "2021-06-10T07:19:35.747Z",
    "user": 1,
    "content_type": 9,
    "object_id": "13",
    "object_repr": "Gestión Instructor - Instructor",
    "action_flag": 2,
    "change_message": "[{\"changed\": {\"fields\": [\"Tipo de M\\u00f3dulo\"]}}]"
  }
},
{
  "model": "admin.logentry",
  "pk": 96,
  "fields": {
    "action_time": "2021-06-10T07:20:08.115Z",
    "user": 1,
    "content_type": 9,
    "object_id": "12",
    "object_repr": "Cat-Ocupaciona - Estudiante",
    "action_flag": 2,
    "change_message": "[{\"changed\": {\"fields\": [\"Nombre del men\\u00fa\"]}}]"
  }
},
{
  "model": "admin.logentry",
  "pk": 97,
  "fields": {
    "action_time": "2021-06-12T23:39:23.799Z",
    "user": 1,
    "content_type": 8,
    "object_id": "11",
    "object_repr": "Cursos - True ",
    "action_flag": 1,
    "change_message": "[{\"added\": {}}]"
  }
},
{
  "model": "admin.logentry",
  "pk": 98,
  "fields": {
    "action_time": "2021-06-12T23:39:39.967Z",
    "user": 1,
    "content_type": 8,
    "object_id": "11",
    "object_repr": "Cursos - True ",
    "action_flag": 2,
    "change_message": "[{\"changed\": {\"fields\": [\"Icono\"]}}]"
  }
},
{
  "model": "admin.logentry",
  "pk": 99,
  "fields": {
    "action_time": "2021-06-12T23:40:07.182Z",
    "user": 1,
    "content_type": 8,
    "object_id": "12",
    "object_repr": "Mis Datos - True ",
    "action_flag": 1,
    "change_message": "[{\"added\": {}}]"
  }
},
{
  "model": "admin.logentry",
  "pk": 100,
  "fields": {
    "action_time": "2021-06-12T23:40:30.720Z",
    "user": 1,
    "content_type": 8,
    "object_id": "13",
    "object_repr": "Sistema - True ",
    "action_flag": 1,
    "change_message": "[{\"added\": {}}]"
  }
},
{
  "model": "admin.logentry",
  "pk": 101,
  "fields": {
    "action_time": "2021-06-12T23:51:28.071Z",
    "user": 1,
    "content_type": 9,
    "object_id": "28",
    "object_repr": "Listado de Cursos - Cursos",
    "action_flag": 1,
    "change_message": "[{\"added\": {}}]"
  }
},
{
  "model": "admin.logentry",
  "pk": 102,
  "fields": {
    "action_time": "2021-06-12T23:51:52.616Z",
    "user": 1,
    "content_type": 9,
    "object_id": "29",
    "object_repr": "Matricular - Cursos",
    "action_flag": 1,
    "change_message": "[{\"added\": {}}]"
  }
},
{
  "model": "admin.logentry",
  "pk": 103,
  "fields": {
    "action_time": "2021-06-12T23:52:21.490Z",
    "user": 1,
    "content_type": 9,
    "object_id": "30",
    "object_repr": "Mis Cursos - Cursos",
    "action_flag": 1,
    "change_message": "[{\"added\": {}}]"
  }
},
{
  "model": "admin.logentry",
  "pk": 104,
  "fields": {
    "action_time": "2021-06-12T23:52:54.532Z",
    "user": 1,
    "content_type": 9,
    "object_id": "31",
    "object_repr": "Ver perfil - Mis Datos",
    "action_flag": 1,
    "change_message": "[{\"added\": {}}]"
  }
},
{
  "model": "admin.logentry",
  "pk": 105,
  "fields": {
    "action_time": "2021-06-12T23:53:45.099Z",
    "user": 1,
    "content_type": 9,
    "object_id": "32",
    "object_repr": "Editar perfil - Mis Datos",
    "action_flag": 1,
    "change_message": "[{\"added\": {}}]"
  }
},
{
  "model": "admin.logentry",
  "pk": 106,
  "fields": {
    "action_time": "2021-06-12T23:54:09.396Z",
    "user": 1,
    "content_type": 9,
    "object_id": "33",
    "object_repr": "Chat - Sistema",
    "action_flag": 1,
    "change_message": "[{\"added\": {}}]"
  }
},
{
  "model": "admin.logentry",
  "pk": 107,
  "fields": {
    "action_time": "2021-06-12T23:54:37.093Z",
    "user": 1,
    "content_type": 9,
    "object_id": "34",
    "object_repr": "Mensajes - Sistema",
    "action_flag": 1,
    "change_message": "[{\"added\": {}}]"
  }
},
{
  "model": "admin.logentry",
  "pk": 108,
  "fields": {
    "action_time": "2021-06-12T23:55:01.282Z",
    "user": 1,
    "content_type": 9,
    "object_id": "35",
    "object_repr": "Contactenos - Sistema",
    "action_flag": 1,
    "change_message": "[{\"added\": {}}]"
  }
},
{
  "model": "admin.logentry",
  "pk": 109,
  "fields": {
    "action_time": "2021-06-12T23:55:14.427Z",
    "user": 1,
    "content_type": 9,
    "object_id": "35",
    "object_repr": "Contáctenos - Sistema",
    "action_flag": 2,
    "change_message": "[{\"changed\": {\"fields\": [\"Nombre del men\\u00fa\"]}}]"
  }
},
{
  "model": "admin.logentry",
  "pk": 110,
  "fields": {
    "action_time": "2021-06-12T23:55:50.372Z",
    "user": 1,
    "content_type": 9,
    "object_id": "36",
    "object_repr": "Directorio JCC - Sistema",
    "action_flag": 1,
    "change_message": "[{\"added\": {}}]"
  }
},
{
  "model": "admin.logentry",
  "pk": 111,
  "fields": {
    "action_time": "2021-06-13T00:26:52.611Z",
    "user": 1,
    "content_type": 4,
    "object_id": "23",
    "object_repr": "Yadiravera",
    "action_flag": 3,
    "change_message": ""
  }
},
{
  "model": "admin.logentry",
  "pk": 112,
  "fields": {
    "action_time": "2021-06-13T00:26:52.631Z",
    "user": 1,
    "content_type": 4,
    "object_id": "22",
    "object_repr": "alma",
    "action_flag": 3,
    "change_message": ""
  }
},
{
  "model": "admin.logentry",
  "pk": 113,
  "fields": {
    "action_time": "2021-06-13T00:26:52.644Z",
    "user": 1,
    "content_type": 4,
    "object_id": "21",
    "object_repr": "pepe",
    "action_flag": 3,
    "change_message": ""
  }
},
{
  "model": "admin.logentry",
  "pk": 114,
  "fields": {
    "action_time": "2021-06-13T00:26:52.660Z",
    "user": 1,
    "content_type": 4,
    "object_id": "24",
    "object_repr": "petunia",
    "action_flag": 3,
    "change_message": ""
  }
},
{
  "model": "admin.logentry",
  "pk": 115,
  "fields": {
    "action_time": "2021-06-18T21:55:13.720Z",
    "user": 1,
    "content_type": 9,
    "object_id": "28",
    "object_repr": "Listado de Cursos - Cursos",
    "action_flag": 2,
    "change_message": "[{\"changed\": {\"fields\": [\"Url\"]}}]"
  }
},
{
  "model": "admin.logentry",
  "pk": 116,
  "fields": {
    "action_time": "2021-06-19T15:11:56.613Z",
    "user": 1,
    "content_type": 32,
    "object_id": "1",
    "object_repr": "24h",
    "action_flag": 1,
    "change_message": "[{\"added\": {}}]"
  }
},
{
  "model": "admin.logentry",
  "pk": 117,
  "fields": {
    "action_time": "2021-06-19T15:12:06.244Z",
    "user": 1,
    "content_type": 32,
    "object_id": "2",
    "object_repr": "64h",
    "action_flag": 1,
    "change_message": "[{\"added\": {}}]"
  }
},
{
  "model": "admin.logentry",
  "pk": 118,
  "fields": {
    "action_time": "2021-06-19T15:12:14.216Z",
    "user": 1,
    "content_type": 32,
    "object_id": "3",
    "object_repr": "36h",
    "action_flag": 1,
    "change_message": "[{\"added\": {}}]"
  }
},
{
  "model": "admin.logentry",
  "pk": 119,
  "fields": {
    "action_time": "2021-06-19T15:12:54.487Z",
    "user": 1,
    "content_type": 30,
    "object_id": "5",
    "object_repr": "Estudiante",
    "action_flag": 1,
    "change_message": "[{\"added\": {}}]"
  }
},
{
  "model": "admin.logentry",
  "pk": 120,
  "fields": {
    "action_time": "2021-06-19T15:13:04.353Z",
    "user": 1,
    "content_type": 30,
    "object_id": "6",
    "object_repr": "Trabajador",
    "action_flag": 1,
    "change_message": "[{\"added\": {}}]"
  }
},
{
  "model": "admin.logentry",
  "pk": 121,
  "fields": {
    "action_time": "2021-06-19T15:13:10.153Z",
    "user": 1,
    "content_type": 30,
    "object_id": "7",
    "object_repr": "TCP",
    "action_flag": 1,
    "change_message": "[{\"added\": {}}]"
  }
},
{
  "model": "admin.logentry",
  "pk": 122,
  "fields": {
    "action_time": "2021-06-19T15:13:28.005Z",
    "user": 1,
    "content_type": 29,
    "object_id": "1",
    "object_repr": "Presencial",
    "action_flag": 1,
    "change_message": "[{\"added\": {}}]"
  }
},
{
  "model": "admin.logentry",
  "pk": 123,
  "fields": {
    "action_time": "2021-06-19T15:13:35.534Z",
    "user": 1,
    "content_type": 29,
    "object_id": "2",
    "object_repr": "Distancia",
    "action_flag": 1,
    "change_message": "[{\"added\": {}}]"
  }
},
{
  "model": "admin.logentry",
  "pk": 124,
  "fields": {
    "action_time": "2021-06-19T15:14:02.807Z",
    "user": 1,
    "content_type": 18,
    "object_id": "1",
    "object_repr": "Instructor C",
    "action_flag": 1,
    "change_message": "[{\"added\": {}}]"
  }
},
{
  "model": "admin.logentry",
  "pk": 125,
  "fields": {
    "action_time": "2021-06-19T15:14:13.214Z",
    "user": 1,
    "content_type": 18,
    "object_id": "2",
    "object_repr": "Instructor D",
    "action_flag": 1,
    "change_message": "[{\"added\": {}}]"
  }
},
{
  "model": "admin.logentry",
  "pk": 126,
  "fields": {
    "action_time": "2021-08-30T03:07:14.172Z",
    "user": 1,
    "content_type": 9,
    "object_id": "10",
    "object_repr": "Crear Estudiante - Estudiante",
    "action_flag": 2,
    "change_message": "[{\"changed\": {\"fields\": [\"Url\"]}}]"
  }
},
{
  "model": "admin.logentry",
  "pk": 127,
  "fields": {
    "action_time": "2021-08-30T03:09:09.741Z",
    "user": 1,
    "content_type": 9,
    "object_id": "10",
    "object_repr": "Gestionar Estudiante - Estudiante",
    "action_flag": 2,
    "change_message": "[{\"changed\": {\"fields\": [\"Nombre del men\\u00fa\"]}}]"
  }
},
{
  "model": "admin.logentry",
  "pk": 128,
  "fields": {
    "action_time": "2021-08-30T03:52:42.761Z",
    "user": 1,
    "content_type": 9,
    "object_id": "11",
    "object_repr": "Discapacidad - Estudiante",
    "action_flag": 2,
    "change_message": "[{\"changed\": {\"fields\": [\"Url\"]}}]"
  }
},
{
  "model": "admin.logentry",
  "pk": 129,
  "fields": {
    "action_time": "2021-08-30T04:06:10.131Z",
    "user": 1,
    "content_type": 9,
    "object_id": "12",
    "object_repr": "Cat-Ocupacional - Estudiante",
    "action_flag": 2,
    "change_message": "[{\"changed\": {\"fields\": [\"Nombre del men\\u00fa\"]}}]"
  }
},
{
  "model": "admin.logentry",
  "pk": 130,
  "fields": {
    "action_time": "2021-08-30T04:24:03.291Z",
    "user": 1,
    "content_type": 9,
    "object_id": "12",
    "object_repr": "Cat-Ocupacional - Estudiante",
    "action_flag": 2,
    "change_message": "[{\"changed\": {\"fields\": [\"Url\"]}}]"
  }
},
{
  "model": "admin.logentry",
  "pk": 131,
  "fields": {
    "action_time": "2021-08-30T04:45:29.318Z",
    "user": 1,
    "content_type": 9,
    "object_id": "21",
    "object_repr": "Tipos-Cursos - Admin Cursos",
    "action_flag": 2,
    "change_message": "[{\"changed\": {\"fields\": [\"Url\"]}}]"
  }
},
{
  "model": "admin.logentry",
  "pk": 132,
  "fields": {
    "action_time": "2021-08-30T05:09:07.672Z",
    "user": 1,
    "content_type": 9,
    "object_id": "24",
    "object_repr": "Modalidad-Matrícula - Admin Matrícula",
    "action_flag": 2,
    "change_message": "[{\"changed\": {\"fields\": [\"Url\"]}}]"
  }
},
{
  "model": "admin.logentry",
  "pk": 133,
  "fields": {
    "action_time": "2021-08-30T05:19:30.602Z",
    "user": 1,
    "content_type": 9,
    "object_id": "25",
    "object_repr": "Estado-Matrícula - Admin Matrícula",
    "action_flag": 2,
    "change_message": "[{\"changed\": {\"fields\": [\"Url\"]}}]"
  }
},
{
  "model": "admin.logentry",
  "pk": 134,
  "fields": {
    "action_time": "2021-08-30T05:53:50.501Z",
    "user": 1,
    "content_type": 9,
    "object_id": "19",
    "object_repr": "Municipio - Admin Entidad",
    "action_flag": 2,
    "change_message": "[{\"changed\": {\"fields\": [\"Url\"]}}]"
  }
},
{
  "model": "admin.logentry",
  "pk": 135,
  "fields": {
    "action_time": "2021-08-31T05:01:56.793Z",
    "user": 1,
    "content_type": 9,
    "object_id": "15",
    "object_repr": "JCP - Admin Entidad",
    "action_flag": 2,
    "change_message": "[{\"changed\": {\"fields\": [\"Url\"]}}]"
  }
},
{
  "model": "admin.logentry",
  "pk": 136,
  "fields": {
    "action_time": "2021-08-31T06:02:48.661Z",
    "user": 1,
    "content_type": 11,
    "object_id": "2",
    "object_repr": "Joven Club Ciego de Avila",
    "action_flag": 3,
    "change_message": ""
  }
},
{
  "model": "admin.logentry",
  "pk": 137,
  "fields": {
    "action_time": "2021-09-05T11:49:10.253Z",
    "user": 1,
    "content_type": 9,
    "object_id": "18",
    "object_repr": "Región - Admin Entidad",
    "action_flag": 2,
    "change_message": "[{\"changed\": {\"fields\": [\"Url\"]}}]"
  }
},
{
  "model": "admin.logentry",
  "pk": 138,
  "fields": {
    "action_time": "2021-09-05T13:25:44.582Z",
    "user": 1,
    "content_type": 9,
    "object_id": "16",
    "object_repr": "JCM - Admin Entidad",
    "action_flag": 2,
    "change_message": "[{\"changed\": {\"fields\": [\"Url\"]}}]"
  }
},
{
  "model": "admin.logentry",
  "pk": 139,
  "fields": {
    "action_time": "2021-09-09T08:49:32.350Z",
    "user": 1,
    "content_type": 9,
    "object_id": "17",
    "object_repr": "JCB - Admin Entidad",
    "action_flag": 2,
    "change_message": "[{\"changed\": {\"fields\": [\"Url\"]}}]"
  }
},
{
  "model": "admin.logentry",
  "pk": 140,
  "fields": {
    "action_time": "2021-09-09T12:06:46.457Z",
    "user": 1,
    "content_type": 26,
    "object_id": "1",
    "object_repr": "lali",
    "action_flag": 1,
    "change_message": "[{\"added\": {}}]"
  }
},
{
  "model": "admin.logentry",
  "pk": 141,
  "fields": {
    "action_time": "2021-09-09T13:43:48.250Z",
    "user": 1,
    "content_type": 4,
    "object_id": "30",
    "object_repr": "coco",
    "action_flag": 1,
    "change_message": "[{\"added\": {}}]"
  }
},
{
  "model": "admin.logentry",
  "pk": 142,
  "fields": {
    "action_time": "2021-09-09T13:44:12.539Z",
    "user": 1,
    "content_type": 4,
    "object_id": "30",
    "object_repr": "coco",
    "action_flag": 3,
    "change_message": ""
  }
},
{
  "model": "admin.logentry",
  "pk": 143,
  "fields": {
    "action_time": "2021-09-09T13:44:16.650Z",
    "user": 1,
    "content_type": 26,
    "object_id": "1",
    "object_repr": "lali",
    "action_flag": 2,
    "change_message": "[]"
  }
},
{
  "model": "admin.logentry",
  "pk": 144,
  "fields": {
    "action_time": "2021-09-11T10:52:46.350Z",
    "user": 1,
    "content_type": 26,
    "object_id": "1",
    "object_repr": "lali",
    "action_flag": 3,
    "change_message": ""
  }
},
{
  "model": "admin.logentry",
  "pk": 145,
  "fields": {
    "action_time": "2021-09-11T11:19:04.411Z",
    "user": 1,
    "content_type": 26,
    "object_id": "1",
    "object_repr": "lali",
    "action_flag": 1,
    "change_message": "[{\"added\": {}}]"
  }
},
{
  "model": "admin.logentry",
  "pk": 146,
  "fields": {
    "action_time": "2021-09-11T11:19:17.692Z",
    "user": 1,
    "content_type": 26,
    "object_id": "2",
    "object_repr": "lopo",
    "action_flag": 1,
    "change_message": "[{\"added\": {}}]"
  }
},
{
  "model": "admin.logentry",
  "pk": 147,
  "fields": {
    "action_time": "2021-09-11T11:19:33.657Z",
    "user": 1,
    "content_type": 26,
    "object_id": "2",
    "object_repr": "lopo",
    "action_flag": 3,
    "change_message": ""
  }
},
{
  "model": "admin.logentry",
  "pk": 148,
  "fields": {
    "action_time": "2021-09-11T11:19:39.397Z",
    "user": 1,
    "content_type": 26,
    "object_id": "1",
    "object_repr": "lali",
    "action_flag": 3,
    "change_message": ""
  }
},
{
  "model": "admin.logentry",
  "pk": 149,
  "fields": {
    "action_time": "2021-09-11T13:02:01.376Z",
    "user": 1,
    "content_type": 26,
    "object_id": "27",
    "object_repr": "lali",
    "action_flag": 1,
    "change_message": "[{\"added\": {}}]"
  }
},
{
  "model": "admin.logentry",
  "pk": 150,
  "fields": {
    "action_time": "2021-09-11T13:02:09.343Z",
    "user": 1,
    "content_type": 26,
    "object_id": "27",
    "object_repr": "lali",
    "action_flag": 3,
    "change_message": ""
  }
},
{
  "model": "admin.logentry",
  "pk": 151,
  "fields": {
    "action_time": "2021-09-11T13:50:26.739Z",
    "user": 1,
    "content_type": 26,
    "object_id": "27",
    "object_repr": "lali",
    "action_flag": 1,
    "change_message": "[{\"added\": {}}]"
  }
},
{
  "model": "admin.logentry",
  "pk": 152,
  "fields": {
    "action_time": "2021-09-11T14:21:16.279Z",
    "user": 1,
    "content_type": 26,
    "object_id": "27",
    "object_repr": "lali",
    "action_flag": 3,
    "change_message": ""
  }
},
{
  "model": "admin.logentry",
  "pk": 153,
  "fields": {
    "action_time": "2021-09-11T14:25:22.430Z",
    "user": 1,
    "content_type": 26,
    "object_id": "27",
    "object_repr": "lali",
    "action_flag": 1,
    "change_message": "[{\"added\": {}}]"
  }
},
{
  "model": "admin.logentry",
  "pk": 154,
  "fields": {
    "action_time": "2021-09-11T14:27:20.386Z",
    "user": 1,
    "content_type": 26,
    "object_id": "28",
    "object_repr": "lala",
    "action_flag": 1,
    "change_message": "[{\"added\": {}}]"
  }
},
{
  "model": "admin.logentry",
  "pk": 155,
  "fields": {
    "action_time": "2021-09-11T17:38:53.478Z",
    "user": 1,
    "content_type": 4,
    "object_id": "31",
    "object_repr": "moso",
    "action_flag": 3,
    "change_message": ""
  }
},
{
  "model": "admin.logentry",
  "pk": 156,
  "fields": {
    "action_time": "2021-09-11T19:06:07.891Z",
    "user": 1,
    "content_type": 4,
    "object_id": "33",
    "object_repr": "tt",
    "action_flag": 3,
    "change_message": ""
  }
},
{
  "model": "admin.logentry",
  "pk": 157,
  "fields": {
    "action_time": "2021-09-12T09:06:42.576Z",
    "user": 1,
    "content_type": 26,
    "object_id": "34",
    "object_repr": "kato",
    "action_flag": 2,
    "change_message": "[{\"changed\": {\"fields\": [\"Ocupaci\\u00f3n\"]}}]"
  }
},
{
  "model": "admin.logentry",
  "pk": 158,
  "fields": {
    "action_time": "2021-09-12T09:16:16.517Z",
    "user": 1,
    "content_type": 10,
    "object_id": "29",
    "object_repr": "qwer-kato",
    "action_flag": 2,
    "change_message": "[{\"changed\": {\"fields\": [\"Municipio\"]}}]"
  }
},
{
  "model": "admin.logentry",
  "pk": 159,
  "fields": {
    "action_time": "2021-09-14T22:36:04.612Z",
    "user": 1,
    "content_type": 4,
    "object_id": "32",
    "object_repr": "moso",
    "action_flag": 2,
    "change_message": "[{\"changed\": {\"fields\": [\"password\"]}}]"
  }
},
{
  "model": "admin.logentry",
  "pk": 160,
  "fields": {
    "action_time": "2021-09-16T10:47:52.722Z",
    "user": 1,
    "content_type": 21,
    "object_id": "1",
    "object_repr": "Aprendiendo Django-24 - Corto",
    "action_flag": 1,
    "change_message": "[{\"added\": {}}]"
  }
},
{
  "model": "admin.logentry",
  "pk": 161,
  "fields": {
    "action_time": "2021-09-16T10:49:11.051Z",
    "user": 1,
    "content_type": 31,
    "object_id": "1",
    "object_repr": "Aprendiendo Django-24 - Corto-(fecha=2021-09-16-2021-09-24)-(estado=abierto)",
    "action_flag": 1,
    "change_message": "[{\"added\": {}}]"
  }
},
{
  "model": "admin.logentry",
  "pk": 162,
  "fields": {
    "action_time": "2021-09-16T11:11:52.400Z",
    "user": 1,
    "content_type": 31,
    "object_id": "1",
    "object_repr": "Aprendiendo Django-24 - Corto-(fecha=2021-09-16-2021-09-24)-(estado=abierto)",
    "action_flag": 3,
    "change_message": ""
  }
},
{
  "model": "admin.logentry",
  "pk": 163,
  "fields": {
    "action_time": "2021-09-16T11:12:05.163Z",
    "user": 1,
    "content_type": 21,
    "object_id": "1",
    "object_repr": "Aprendiendo Django-24 - Corto",
    "action_flag": 3,
    "change_message": ""
  }
},
{
  "model": "admin.logentry",
  "pk": 164,
  "fields": {
    "action_time": "2021-09-16T11:14:09.820Z",
    "user": 1,
    "content_type": 21,
    "object_id": "2",
    "object_repr": "Aprendiendo Django-24 - Corto",
    "action_flag": 1,
    "change_message": "[{\"added\": {}}]"
  }
},
{
  "model": "admin.logentry",
  "pk": 165,
  "fields": {
    "action_time": "2021-09-16T11:14:47.742Z",
    "user": 1,
    "content_type": 31,
    "object_id": "2",
    "object_repr": "Aprendiendo Django-24 - Corto-(fecha=2021-09-16-2021-09-25)-(estado=abierto)",
    "action_flag": 1,
    "change_message": "[{\"added\": {}}]"
  }
},
{
  "model": "admin.logentry",
  "pk": 166,
  "fields": {
    "action_time": "2021-09-16T12:23:56.300Z",
    "user": 1,
    "content_type": 34,
    "object_id": "1",
    "object_repr": "PreMatriculaEstudiante object (1)",
    "action_flag": 1,
    "change_message": "[{\"added\": {}}]"
  }
},
{
  "model": "admin.logentry",
  "pk": 167,
  "fields": {
    "action_time": "2021-09-16T12:31:45.284Z",
    "user": 1,
    "content_type": 34,
    "object_id": "1",
    "object_repr": "PreMatriculaEstudiante object (1)",
    "action_flag": 3,
    "change_message": ""
  }
},
{
  "model": "admin.logentry",
  "pk": 168,
  "fields": {
    "action_time": "2021-09-17T13:29:22.597Z",
    "user": 1,
    "content_type": 34,
    "object_id": "2",
    "object_repr": "PreMatriculaEstudiante object (2)",
    "action_flag": 1,
    "change_message": "[{\"added\": {}}]"
  }
},
{
  "model": "admin.logentry",
  "pk": 169,
  "fields": {
    "action_time": "2021-09-17T13:31:54.756Z",
    "user": 1,
    "content_type": 21,
    "object_id": "3",
    "object_repr": "Operador de micro computadora-63 - Largo",
    "action_flag": 1,
    "change_message": "[{\"added\": {}}]"
  }
},
{
  "model": "admin.logentry",
  "pk": 170,
  "fields": {
    "action_time": "2021-09-17T13:33:00.444Z",
    "user": 1,
    "content_type": 31,
    "object_id": "3",
    "object_repr": "Operador de micro computadora-63 - Largo-(fecha=2021-09-17-2021-09-24)-(estado=abierto)",
    "action_flag": 1,
    "change_message": "[{\"added\": {}}]"
  }
},
{
  "model": "admin.logentry",
  "pk": 171,
  "fields": {
    "action_time": "2021-09-17T13:33:13.132Z",
    "user": 1,
    "content_type": 34,
    "object_id": "3",
    "object_repr": "PreMatriculaEstudiante object (3)",
    "action_flag": 1,
    "change_message": "[{\"added\": {}}]"
  }
},
{
  "model": "admin.logentry",
  "pk": 172,
  "fields": {
    "action_time": "2021-09-17T13:35:40.888Z",
    "user": 1,
    "content_type": 26,
    "object_id": "29",
    "object_repr": "lopo",
    "action_flag": 1,
    "change_message": "[{\"added\": {}}]"
  }
},
{
  "model": "admin.logentry",
  "pk": 173,
  "fields": {
    "action_time": "2021-09-17T13:35:47.252Z",
    "user": 1,
    "content_type": 34,
    "object_id": "4",
    "object_repr": "PreMatriculaEstudiante object (4)",
    "action_flag": 1,
    "change_message": "[{\"added\": {}}]"
  }
},
{
  "model": "admin.logentry",
  "pk": 174,
  "fields": {
    "action_time": "2021-09-17T20:09:56.873Z",
    "user": 1,
    "content_type": 22,
    "object_id": "1",
    "object_repr": "Aprendiendo Django-Regla",
    "action_flag": 1,
    "change_message": "[{\"added\": {}}]"
  }
},
{
  "model": "admin.logentry",
  "pk": 175,
  "fields": {
    "action_time": "2021-09-17T20:50:55.871Z",
    "user": 1,
    "content_type": 37,
    "object_id": "1",
    "object_repr": "Aprendiendo Django-rewrwer",
    "action_flag": 1,
    "change_message": "[{\"added\": {}}]"
  }
},
{
  "model": "admin.logentry",
  "pk": 176,
  "fields": {
    "action_time": "2021-09-17T21:07:11.756Z",
    "user": 1,
    "content_type": 22,
    "object_id": "2",
    "object_repr": "Operador de micro computadora-Guanabacoa",
    "action_flag": 1,
    "change_message": "[{\"added\": {}}]"
  }
},
{
  "model": "admin.logentry",
  "pk": 177,
  "fields": {
    "action_time": "2021-09-17T21:07:22.086Z",
    "user": 1,
    "content_type": 37,
    "object_id": "2",
    "object_repr": "Operador de micro computadora-rewrwer",
    "action_flag": 1,
    "change_message": "[{\"added\": {}}]"
  }
},
{
  "model": "admin.logentry",
  "pk": 178,
  "fields": {
    "action_time": "2021-09-17T21:48:56.003Z",
    "user": 1,
    "content_type": 34,
    "object_id": "5",
    "object_repr": "PreMatriculaEstudiante object (5)",
    "action_flag": 1,
    "change_message": "[{\"added\": {}}]"
  }
},
{
  "model": "admin.logentry",
  "pk": 179,
  "fields": {
    "action_time": "2021-09-17T22:02:03.477Z",
    "user": 1,
    "content_type": 9,
    "object_id": "27",
    "object_repr": "Probando - Admin Usuarios",
    "action_flag": 2,
    "change_message": "[{\"changed\": {\"fields\": [\"Url\"]}}]"
  }
},
{
  "model": "admin.logentry",
  "pk": 180,
  "fields": {
    "action_time": "2021-09-18T00:48:25.716Z",
    "user": 1,
    "content_type": 21,
    "object_id": "3",
    "object_repr": "Operador de micro computadora-63 - Largo",
    "action_flag": 2,
    "change_message": "[{\"changed\": {\"fields\": [\"Foto\"]}}]"
  }
},
{
  "model": "admin.logentry",
  "pk": 181,
  "fields": {
    "action_time": "2021-09-19T12:51:06.730Z",
    "user": 1,
    "content_type": 26,
    "object_id": "15",
    "object_repr": "frank",
    "action_flag": 1,
    "change_message": "[{\"added\": {}}]"
  }
},
{
  "model": "admin.logentry",
  "pk": 182,
  "fields": {
    "action_time": "2021-09-19T12:51:22.995Z",
    "user": 1,
    "content_type": 26,
    "object_id": "25",
    "object_repr": "petro",
    "action_flag": 1,
    "change_message": "[{\"added\": {}}]"
  }
},
{
  "model": "admin.logentry",
  "pk": 183,
  "fields": {
    "action_time": "2021-09-19T12:51:41.789Z",
    "user": 1,
    "content_type": 26,
    "object_id": "26",
    "object_repr": "roro",
    "action_flag": 1,
    "change_message": "[{\"added\": {}}]"
  }
},
{
  "model": "admin.logentry",
  "pk": 184,
  "fields": {
    "action_time": "2021-09-19T12:52:13.457Z",
    "user": 1,
    "content_type": 34,
    "object_id": "6",
    "object_repr": "PreMatriculaEstudiante object (6)",
    "action_flag": 1,
    "change_message": "[{\"added\": {}}]"
  }
},
{
  "model": "admin.logentry",
  "pk": 185,
  "fields": {
    "action_time": "2021-09-19T12:52:20.571Z",
    "user": 1,
    "content_type": 34,
    "object_id": "7",
    "object_repr": "PreMatriculaEstudiante object (7)",
    "action_flag": 1,
    "change_message": "[{\"added\": {}}]"
  }
},
{
  "model": "admin.logentry",
  "pk": 186,
  "fields": {
    "action_time": "2021-09-19T12:52:27.189Z",
    "user": 1,
    "content_type": 34,
    "object_id": "8",
    "object_repr": "PreMatriculaEstudiante object (8)",
    "action_flag": 1,
    "change_message": "[{\"added\": {}}]"
  }
},
{
  "model": "admin.logentry",
  "pk": 187,
  "fields": {
    "action_time": "2021-09-19T12:54:38.306Z",
    "user": 1,
    "content_type": 34,
    "object_id": "9",
    "object_repr": "PreMatriculaEstudiante object (9)",
    "action_flag": 1,
    "change_message": "[{\"added\": {}}]"
  }
},
{
  "model": "admin.logentry",
  "pk": 188,
  "fields": {
    "action_time": "2021-09-19T13:24:15.388Z",
    "user": 1,
    "content_type": 21,
    "object_id": "2",
    "object_repr": "Aprendiendo Django-24 - Corto",
    "action_flag": 2,
    "change_message": "[]"
  }
},
{
  "model": "admin.logentry",
  "pk": 189,
  "fields": {
    "action_time": "2021-09-19T21:29:48.071Z",
    "user": 1,
    "content_type": 4,
    "object_id": "36",
    "object_repr": "frank12",
    "action_flag": 1,
    "change_message": "[{\"added\": {}}]"
  }
},
{
  "model": "admin.logentry",
  "pk": 190,
  "fields": {
    "action_time": "2021-09-19T21:31:35.501Z",
    "user": 1,
    "content_type": 10,
    "object_id": "31",
    "object_repr": "Francisco-frank12",
    "action_flag": 1,
    "change_message": "[{\"added\": {}}]"
  }
},
{
  "model": "admin.logentry",
  "pk": 191,
  "fields": {
    "action_time": "2021-09-19T22:00:02.380Z",
    "user": 1,
    "content_type": 19,
    "object_id": "36",
    "object_repr": "Francisco",
    "action_flag": 1,
    "change_message": "[{\"added\": {}}]"
  }
},
{
  "model": "admin.logentry",
  "pk": 192,
  "fields": {
    "action_time": "2021-09-19T22:00:10.936Z",
    "user": 1,
    "content_type": 28,
    "object_id": "36",
    "object_repr": "Francisco",
    "action_flag": 1,
    "change_message": "[{\"added\": {}}]"
  }
},
{
  "model": "admin.logentry",
  "pk": 193,
  "fields": {
    "action_time": "2021-09-19T22:00:28.783Z",
    "user": 1,
    "content_type": 33,
    "object_id": "1",
    "object_repr": "Aprendiendo DjangoFrancisco",
    "action_flag": 1,
    "change_message": "[{\"added\": {}}]"
  }
},
{
  "model": "admin.logentry",
  "pk": 194,
  "fields": {
    "action_time": "2021-09-19T22:21:46.982Z",
    "user": 1,
    "content_type": 10,
    "object_id": "31",
    "object_repr": "Francisco-frank12",
    "action_flag": 2,
    "change_message": "[{\"changed\": {\"fields\": [\"Avatar\"]}}]"
  }
},
{
  "model": "admin.logentry",
  "pk": 195,
  "fields": {
    "action_time": "2021-09-19T22:29:26.413Z",
    "user": 1,
    "content_type": 4,
    "object_id": "37",
    "object_repr": "maria",
    "action_flag": 1,
    "change_message": "[{\"added\": {}}]"
  }
},
{
  "model": "admin.logentry",
  "pk": 196,
  "fields": {
    "action_time": "2021-09-19T22:32:20.567Z",
    "user": 1,
    "content_type": 10,
    "object_id": "32",
    "object_repr": "Maria-maria",
    "action_flag": 1,
    "change_message": "[{\"added\": {}}]"
  }
},
{
  "model": "admin.logentry",
  "pk": 197,
  "fields": {
    "action_time": "2021-09-19T22:32:47.836Z",
    "user": 1,
    "content_type": 19,
    "object_id": "37",
    "object_repr": "Maria",
    "action_flag": 1,
    "change_message": "[{\"added\": {}}]"
  }
},
{
  "model": "admin.logentry",
  "pk": 198,
  "fields": {
    "action_time": "2021-09-19T22:32:55.683Z",
    "user": 1,
    "content_type": 28,
    "object_id": "37",
    "object_repr": "Maria",
    "action_flag": 1,
    "change_message": "[{\"added\": {}}]"
  }
},
{
  "model": "admin.logentry",
  "pk": 199,
  "fields": {
    "action_time": "2021-09-19T22:33:08.431Z",
    "user": 1,
    "content_type": 33,
    "object_id": "2",
    "object_repr": "Aprendiendo DjangoMaria",
    "action_flag": 1,
    "change_message": "[{\"added\": {}}]"
  }
},
{
  "model": "admin.logentry",
  "pk": 200,
  "fields": {
    "action_time": "2021-09-19T23:44:37.792Z",
    "user": 1,
    "content_type": 9,
    "object_id": "37",
    "object_repr": "Detalle Matrícula - Admin Matrícula",
    "action_flag": 1,
    "change_message": "[{\"added\": {}}]"
  }
},
{
  "model": "admin.logentry",
  "pk": 201,
  "fields": {
    "action_time": "2021-09-19T23:52:17.393Z",
    "user": 1,
    "content_type": 9,
    "object_id": "37",
    "object_repr": "Detalle Matrícula - Admin Matrícula",
    "action_flag": 2,
    "change_message": "[]"
  }
},
{
  "model": "admin.logentry",
  "pk": 202,
  "fields": {
    "action_time": "2021-09-20T03:05:47.238Z",
    "user": 1,
    "content_type": 40,
    "object_id": "1",
    "object_repr": "roal-Aprendiendo Django-24 - Corto-(fecha=2021-09-16-2021-09-25)-(estado=abierto)",
    "action_flag": 1,
    "change_message": "[{\"added\": {}}]"
  }
},
{
  "model": "admin.logentry",
  "pk": 203,
  "fields": {
    "action_time": "2021-09-20T03:06:48.748Z",
    "user": 1,
    "content_type": 40,
    "object_id": "1",
    "object_repr": "roal-Aprendiendo Django-24 - Corto-(fecha=2021-09-16-2021-09-25)-(estado=abierto)",
    "action_flag": 3,
    "change_message": ""
  }
},
{
  "model": "admin.logentry",
  "pk": 204,
  "fields": {
    "action_time": "2021-09-20T05:25:44.409Z",
    "user": 1,
    "content_type": 31,
    "object_id": "2",
    "object_repr": "Aprendiendo Django-24 - Corto-(fecha=2021-09-16-2021-09-25)-(estado=abierto)",
    "action_flag": 2,
    "change_message": "[]"
  }
},
{
  "model": "admin.logentry",
  "pk": 205,
  "fields": {
    "action_time": "2021-09-20T05:25:49.698Z",
    "user": 1,
    "content_type": 31,
    "object_id": "2",
    "object_repr": "Aprendiendo Django-24 - Corto-(fecha=2021-09-16-2021-09-25)-(estado=abierto)",
    "action_flag": 2,
    "change_message": "[]"
  }
},
{
  "model": "admin.logentry",
  "pk": 206,
  "fields": {
    "action_time": "2021-09-20T05:29:08.318Z",
    "user": 1,
    "content_type": 31,
    "object_id": "2",
    "object_repr": "Aprendiendo Django-24 - Corto-(fecha=2021-09-16-2021-09-25)-(estado=abierto)",
    "action_flag": 2,
    "change_message": "[{\"changed\": {\"fields\": [\"Like count\"]}}]"
  }
},
{
  "model": "admin.logentry",
  "pk": 207,
  "fields": {
    "action_time": "2021-09-20T05:49:28.502Z",
    "user": 1,
    "content_type": 31,
    "object_id": "2",
    "object_repr": "Aprendiendo Django-24 - Corto-(fecha=2021-09-16-2021-09-25)-(estado=abierto)",
    "action_flag": 2,
    "change_message": "[{\"changed\": {\"fields\": [\"Likes\"]}}]"
  }
},
{
  "model": "admin.logentry",
  "pk": 208,
  "fields": {
    "action_time": "2021-09-20T06:59:16.161Z",
    "user": 1,
    "content_type": 38,
    "object_id": "1",
    "object_repr": "Aprendiendo Django-Peter",
    "action_flag": 1,
    "change_message": "[{\"added\": {}}]"
  }
},
{
  "model": "admin.logentry",
  "pk": 209,
  "fields": {
    "action_time": "2021-09-20T07:01:23.241Z",
    "user": 1,
    "content_type": 38,
    "object_id": "2",
    "object_repr": "Aprendiendo Django-Maria",
    "action_flag": 1,
    "change_message": "[{\"added\": {}}]"
  }
},
{
  "model": "admin.logentry",
  "pk": 210,
  "fields": {
    "action_time": "2021-09-20T07:02:22.610Z",
    "user": 1,
    "content_type": 38,
    "object_id": "3",
    "object_repr": "Aprendiendo Django-Francisco",
    "action_flag": 1,
    "change_message": "[{\"added\": {}}]"
  }
},
{
  "model": "admin.logentry",
  "pk": 211,
  "fields": {
    "action_time": "2021-09-20T07:11:53.719Z",
    "user": 1,
    "content_type": 38,
    "object_id": "3",
    "object_repr": "Aprendiendo Django-Francisco",
    "action_flag": 3,
    "change_message": ""
  }
},
{
  "model": "admin.logentry",
  "pk": 212,
  "fields": {
    "action_time": "2021-09-20T07:11:53.729Z",
    "user": 1,
    "content_type": 38,
    "object_id": "2",
    "object_repr": "Aprendiendo Django-Maria",
    "action_flag": 3,
    "change_message": ""
  }
},
{
  "model": "admin.logentry",
  "pk": 213,
  "fields": {
    "action_time": "2021-09-20T07:11:53.740Z",
    "user": 1,
    "content_type": 38,
    "object_id": "1",
    "object_repr": "Aprendiendo Django-Peter",
    "action_flag": 3,
    "change_message": ""
  }
},
{
  "model": "admin.logentry",
  "pk": 214,
  "fields": {
    "action_time": "2021-09-20T07:19:46.759Z",
    "user": 1,
    "content_type": 38,
    "object_id": "1",
    "object_repr": "Aprendiendo Django-Peter",
    "action_flag": 1,
    "change_message": "[{\"added\": {}}]"
  }
},
{
  "model": "admin.logentry",
  "pk": 215,
  "fields": {
    "action_time": "2021-09-20T07:23:29.046Z",
    "user": 1,
    "content_type": 38,
    "object_id": "2",
    "object_repr": "Aprendiendo Django-dasdaasdsad",
    "action_flag": 1,
    "change_message": "[{\"added\": {}}]"
  }
},
{
  "model": "admin.logentry",
  "pk": 216,
  "fields": {
    "action_time": "2021-09-20T07:26:01.959Z",
    "user": 1,
    "content_type": 38,
    "object_id": "3",
    "object_repr": "Aprendiendo Django-Francisco",
    "action_flag": 1,
    "change_message": "[{\"added\": {}}]"
  }
},
{
  "model": "admin.logentry",
  "pk": 217,
  "fields": {
    "action_time": "2021-09-20T07:27:06.398Z",
    "user": 1,
    "content_type": 38,
    "object_id": "4",
    "object_repr": "Aprendiendo Django-Maria",
    "action_flag": 1,
    "change_message": "[{\"added\": {}}]"
  }
},
{
  "model": "admin.logentry",
  "pk": 218,
  "fields": {
    "action_time": "2021-09-20T17:11:13.404Z",
    "user": 1,
    "content_type": 38,
    "object_id": "5",
    "object_repr": "Aprendiendo Django-ddddddddddddddddd",
    "action_flag": 1,
    "change_message": "[{\"added\": {}}]"
  }
},
{
  "model": "admin.logentry",
  "pk": 219,
  "fields": {
    "action_time": "2021-09-20T19:38:47.175Z",
    "user": 1,
    "content_type": 38,
    "object_id": "6",
    "object_repr": "Aprendiendo Django-Francisco",
    "action_flag": 1,
    "change_message": "[{\"added\": {}}]"
  }
},
{
  "model": "admin.logentry",
  "pk": 220,
  "fields": {
    "action_time": "2021-09-20T19:39:49.788Z",
    "user": 1,
    "content_type": 38,
    "object_id": "7",
    "object_repr": "Aprendiendo Django-Roaldys",
    "action_flag": 1,
    "change_message": "[{\"added\": {}}]"
  }
},
{
  "model": "admin.logentry",
  "pk": 221,
  "fields": {
    "action_time": "2021-09-20T19:43:46.553Z",
    "user": 1,
    "content_type": 38,
    "object_id": "8",
    "object_repr": "Aprendiendo Django-dasdaasdsad",
    "action_flag": 1,
    "change_message": "[{\"added\": {}}]"
  }
},
{
  "model": "admin.logentry",
  "pk": 222,
  "fields": {
    "action_time": "2021-09-20T20:01:16.098Z",
    "user": 1,
    "content_type": 38,
    "object_id": "9",
    "object_repr": "Aprendiendo Django-Roaldys-2021-09-20 20:01:16.091384+00:00",
    "action_flag": 1,
    "change_message": "[{\"added\": {}}]"
  }
},
{
  "model": "admin.logentry",
  "pk": 223,
  "fields": {
    "action_time": "2021-09-20T20:14:03.900Z",
    "user": 1,
    "content_type": 38,
    "object_id": "10",
    "object_repr": "Aprendiendo Django-Roaldys-2021-09-20 20:14:03.893981+00:00",
    "action_flag": 1,
    "change_message": "[{\"added\": {}}]"
  }
},
{
  "model": "admin.logentry",
  "pk": 224,
  "fields": {
    "action_time": "2021-09-20T20:15:19.757Z",
    "user": 1,
    "content_type": 38,
    "object_id": "10",
    "object_repr": "Aprendiendo Django-Roaldys-2021-09-20 20:15:19.752017+00:00",
    "action_flag": 2,
    "change_message": "[{\"changed\": {\"fields\": [\"Aprobado\"]}}]"
  }
},
{
  "model": "admin.logentry",
  "pk": 225,
  "fields": {
    "action_time": "2021-09-20T20:21:57.400Z",
    "user": 1,
    "content_type": 38,
    "object_id": "10",
    "object_repr": "Aprendiendo Django-Roaldys-2021-09-20 20:21:57.393522+00:00",
    "action_flag": 2,
    "change_message": "[{\"changed\": {\"fields\": [\"Texto del comentario\", \"Aprobado\"]}}]"
  }
},
{
  "model": "admin.logentry",
  "pk": 226,
  "fields": {
    "action_time": "2021-09-20T20:25:57.952Z",
    "user": 1,
    "content_type": 38,
    "object_id": "10",
    "object_repr": "Aprendiendo Django-Roaldys-2021-09-20 20:25:57.946199+00:00",
    "action_flag": 2,
    "change_message": "[{\"changed\": {\"fields\": [\"Aprobado\"]}}]"
  }
},
{
  "model": "admin.logentry",
  "pk": 227,
  "fields": {
    "action_time": "2021-09-20T23:59:45.603Z",
    "user": 1,
    "content_type": 38,
    "object_id": "11",
    "object_repr": "Aprendiendo Django-Roaldys-2021-09-20 23:59:45.598173+00:00",
    "action_flag": 1,
    "change_message": "[{\"added\": {}}]"
  }
},
{
  "model": "admin.logentry",
  "pk": 228,
  "fields": {
    "action_time": "2021-09-21T18:00:02.551Z",
    "user": 1,
    "content_type": 10,
    "object_id": "31",
    "object_repr": "Franciscofrank12",
    "action_flag": 2,
    "change_message": "[{\"changed\": {\"fields\": [\"Tipo\"]}}]"
  }
},
{
  "model": "admin.logentry",
  "pk": 229,
  "fields": {
    "action_time": "2021-09-21T18:00:08.212Z",
    "user": 1,
    "content_type": 10,
    "object_id": "32",
    "object_repr": "Mariamaria",
    "action_flag": 2,
    "change_message": "[{\"changed\": {\"fields\": [\"Tipo\"]}}]"
  }
},
{
  "model": "admin.logentry",
  "pk": 230,
  "fields": {
    "action_time": "2021-09-21T18:00:32.683Z",
    "user": 1,
    "content_type": 10,
    "object_id": "1",
    "object_repr": "Roaldysroal",
    "action_flag": 2,
    "change_message": "[{\"changed\": {\"fields\": [\"Tipo\"]}}]"
  }
},
{
  "model": "admin.logentry",
  "pk": 231,
  "fields": {
    "action_time": "2021-09-21T18:01:56.977Z",
    "user": 1,
    "content_type": 10,
    "object_id": "1",
    "object_repr": "Roaldysroal",
    "action_flag": 2,
    "change_message": "[{\"changed\": {\"fields\": [\"Tipo\"]}}]"
  }
},
{
  "model": "admin.logentry",
  "pk": 232,
  "fields": {
    "action_time": "2021-09-21T18:41:52.640Z",
    "user": 1,
    "content_type": 10,
    "object_id": "31",
    "object_repr": "Franciscofrank12",
    "action_flag": 2,
    "change_message": "[]"
  }
},
{
  "model": "admin.logentry",
  "pk": 233,
  "fields": {
    "action_time": "2021-09-21T18:41:58.143Z",
    "user": 1,
    "content_type": 10,
    "object_id": "32",
    "object_repr": "Mariamaria",
    "action_flag": 2,
    "change_message": "[]"
  }
},
{
  "model": "admin.logentry",
  "pk": 234,
  "fields": {
    "action_time": "2021-09-21T18:42:05.638Z",
    "user": 1,
    "content_type": 10,
    "object_id": "13",
    "object_repr": "Peterfrank",
    "action_flag": 2,
    "change_message": "[]"
  }
},
{
  "model": "admin.logentry",
  "pk": 235,
  "fields": {
    "action_time": "2021-09-21T20:03:23.281Z",
    "user": 1,
    "content_type": 38,
    "object_id": "14",
    "object_repr": "Aprendiendo Django-Peter-2021-09-21 20:03:23.274831+00:00",
    "action_flag": 2,
    "change_message": "[{\"changed\": {\"fields\": [\"Aprobado\", \"Leido\"]}}]"
  }
},
{
  "model": "admin.logentry",
  "pk": 236,
  "fields": {
    "action_time": "2021-09-23T05:49:12.855Z",
    "user": 1,
    "content_type": 38,
    "object_id": "67",
    "object_repr": "Aprendiendo Django-Roaldys-2021-09-23 05:44:19.099117+00:00",
    "action_flag": 3,
    "change_message": ""
  }
},
{
  "model": "admin.logentry",
  "pk": 237,
  "fields": {
    "action_time": "2021-09-23T05:49:12.871Z",
    "user": 1,
    "content_type": 38,
    "object_id": "66",
    "object_repr": "Aprendiendo Django-Roaldys-2021-09-23 05:43:34.293060+00:00",
    "action_flag": 3,
    "change_message": ""
  }
},
{
  "model": "admin.logentry",
  "pk": 238,
  "fields": {
    "action_time": "2021-09-23T05:49:12.881Z",
    "user": 1,
    "content_type": 38,
    "object_id": "65",
    "object_repr": "Aprendiendo Django-Roaldys-2021-09-23 05:41:52.556101+00:00",
    "action_flag": 3,
    "change_message": ""
  }
},
{
  "model": "admin.logentry",
  "pk": 239,
  "fields": {
    "action_time": "2021-09-23T05:49:12.891Z",
    "user": 1,
    "content_type": 38,
    "object_id": "64",
    "object_repr": "Aprendiendo Django-Roaldys-2021-09-23 05:41:37.514050+00:00",
    "action_flag": 3,
    "change_message": ""
  }
},
{
  "model": "admin.logentry",
  "pk": 240,
  "fields": {
    "action_time": "2021-09-23T05:49:12.900Z",
    "user": 1,
    "content_type": 38,
    "object_id": "63",
    "object_repr": "Aprendiendo Django-Roaldys-2021-09-23 05:40:02.949312+00:00",
    "action_flag": 3,
    "change_message": ""
  }
},
{
  "model": "admin.logentry",
  "pk": 241,
  "fields": {
    "action_time": "2021-09-23T05:49:12.911Z",
    "user": 1,
    "content_type": 38,
    "object_id": "62",
    "object_repr": "Aprendiendo Django-Roaldys-2021-09-23 05:35:04.967591+00:00",
    "action_flag": 3,
    "change_message": ""
  }
},
{
  "model": "admin.logentry",
  "pk": 242,
  "fields": {
    "action_time": "2021-09-23T05:49:12.921Z",
    "user": 1,
    "content_type": 38,
    "object_id": "61",
    "object_repr": "Aprendiendo Django-Roaldys-2021-09-23 05:34:52.481426+00:00",
    "action_flag": 3,
    "change_message": ""
  }
},
{
  "model": "admin.logentry",
  "pk": 243,
  "fields": {
    "action_time": "2021-09-23T05:49:12.931Z",
    "user": 1,
    "content_type": 38,
    "object_id": "60",
    "object_repr": "Aprendiendo Django-Roaldys-2021-09-23 04:41:25.047158+00:00",
    "action_flag": 3,
    "change_message": ""
  }
},
{
  "model": "admin.logentry",
  "pk": 244,
  "fields": {
    "action_time": "2021-09-23T05:49:12.940Z",
    "user": 1,
    "content_type": 38,
    "object_id": "59",
    "object_repr": "Aprendiendo Django-Roaldys-2021-09-23 04:40:21.010341+00:00",
    "action_flag": 3,
    "change_message": ""
  }
},
{
  "model": "admin.logentry",
  "pk": 245,
  "fields": {
    "action_time": "2021-09-23T05:49:12.952Z",
    "user": 1,
    "content_type": 38,
    "object_id": "58",
    "object_repr": "Aprendiendo Django-Roaldys-2021-09-23 04:22:41.914321+00:00",
    "action_flag": 3,
    "change_message": ""
  }
},
{
  "model": "admin.logentry",
  "pk": 246,
  "fields": {
    "action_time": "2021-09-23T05:49:12.963Z",
    "user": 1,
    "content_type": 38,
    "object_id": "57",
    "object_repr": "Aprendiendo Django-Roaldys-2021-09-23 04:22:08.367169+00:00",
    "action_flag": 3,
    "change_message": ""
  }
},
{
  "model": "admin.logentry",
  "pk": 247,
  "fields": {
    "action_time": "2021-09-23T05:49:12.972Z",
    "user": 1,
    "content_type": 38,
    "object_id": "56",
    "object_repr": "Aprendiendo Django-Roaldys-2021-09-23 04:16:18.699981+00:00",
    "action_flag": 3,
    "change_message": ""
  }
},
{
  "model": "admin.logentry",
  "pk": 248,
  "fields": {
    "action_time": "2021-09-23T05:49:12.983Z",
    "user": 1,
    "content_type": 38,
    "object_id": "55",
    "object_repr": "Aprendiendo Django-Roaldys-2021-09-23 04:16:11.280310+00:00",
    "action_flag": 3,
    "change_message": ""
  }
},
{
  "model": "admin.logentry",
  "pk": 249,
  "fields": {
    "action_time": "2021-09-23T05:49:12.992Z",
    "user": 1,
    "content_type": 38,
    "object_id": "54",
    "object_repr": "Aprendiendo Django-Roaldys-2021-09-23 04:11:21.321018+00:00",
    "action_flag": 3,
    "change_message": ""
  }
},
{
  "model": "admin.logentry",
  "pk": 250,
  "fields": {
    "action_time": "2021-09-23T05:49:13.002Z",
    "user": 1,
    "content_type": 38,
    "object_id": "53",
    "object_repr": "Aprendiendo Django-Roaldys-2021-09-23 04:11:12.680449+00:00",
    "action_flag": 3,
    "change_message": ""
  }
},
{
  "model": "admin.logentry",
  "pk": 251,
  "fields": {
    "action_time": "2021-09-23T05:49:13.011Z",
    "user": 1,
    "content_type": 38,
    "object_id": "52",
    "object_repr": "Aprendiendo Django-Roaldys-2021-09-23 04:10:29.836942+00:00",
    "action_flag": 3,
    "change_message": ""
  }
},
{
  "model": "admin.logentry",
  "pk": 252,
  "fields": {
    "action_time": "2021-09-23T05:49:13.020Z",
    "user": 1,
    "content_type": 38,
    "object_id": "51",
    "object_repr": "Aprendiendo Django-Roaldys-2021-09-23 04:10:21.043024+00:00",
    "action_flag": 3,
    "change_message": ""
  }
},
{
  "model": "admin.logentry",
  "pk": 253,
  "fields": {
    "action_time": "2021-09-23T05:49:13.029Z",
    "user": 1,
    "content_type": 38,
    "object_id": "50",
    "object_repr": "Aprendiendo Django-Roaldys-2021-09-23 04:09:09.117585+00:00",
    "action_flag": 3,
    "change_message": ""
  }
},
{
  "model": "admin.logentry",
  "pk": 254,
  "fields": {
    "action_time": "2021-09-23T05:49:13.037Z",
    "user": 1,
    "content_type": 38,
    "object_id": "49",
    "object_repr": "Aprendiendo Django-Roaldys-2021-09-23 04:08:21.717587+00:00",
    "action_flag": 3,
    "change_message": ""
  }
},
{
  "model": "admin.logentry",
  "pk": 255,
  "fields": {
    "action_time": "2021-09-23T05:49:13.046Z",
    "user": 1,
    "content_type": 38,
    "object_id": "48",
    "object_repr": "Aprendiendo Django-Roaldys-2021-09-23 04:04:15.533644+00:00",
    "action_flag": 3,
    "change_message": ""
  }
},
{
  "model": "admin.logentry",
  "pk": 256,
  "fields": {
    "action_time": "2021-09-23T05:49:13.057Z",
    "user": 1,
    "content_type": 38,
    "object_id": "47",
    "object_repr": "Aprendiendo Django-Roaldys-2021-09-23 04:03:59.639153+00:00",
    "action_flag": 3,
    "change_message": ""
  }
},
{
  "model": "admin.logentry",
  "pk": 257,
  "fields": {
    "action_time": "2021-09-23T05:49:13.066Z",
    "user": 1,
    "content_type": 38,
    "object_id": "46",
    "object_repr": "Aprendiendo Django-Roaldys-2021-09-23 04:03:34.000255+00:00",
    "action_flag": 3,
    "change_message": ""
  }
},
{
  "model": "admin.logentry",
  "pk": 258,
  "fields": {
    "action_time": "2021-09-23T05:49:13.076Z",
    "user": 1,
    "content_type": 38,
    "object_id": "45",
    "object_repr": "Aprendiendo Django-Roaldys-2021-09-23 04:03:23.264732+00:00",
    "action_flag": 3,
    "change_message": ""
  }
},
{
  "model": "admin.logentry",
  "pk": 259,
  "fields": {
    "action_time": "2021-09-23T05:49:13.086Z",
    "user": 1,
    "content_type": 38,
    "object_id": "44",
    "object_repr": "Aprendiendo Django-Roaldys-2021-09-23 03:55:19.896011+00:00",
    "action_flag": 3,
    "change_message": ""
  }
},
{
  "model": "admin.logentry",
  "pk": 260,
  "fields": {
    "action_time": "2021-09-23T05:49:13.098Z",
    "user": 1,
    "content_type": 38,
    "object_id": "43",
    "object_repr": "Aprendiendo Django-Roaldys-2021-09-23 03:55:10.886415+00:00",
    "action_flag": 3,
    "change_message": ""
  }
},
{
  "model": "admin.logentry",
  "pk": 261,
  "fields": {
    "action_time": "2021-09-23T05:49:13.118Z",
    "user": 1,
    "content_type": 38,
    "object_id": "42",
    "object_repr": "Aprendiendo Django-Roaldys-2021-09-23 03:53:31.621737+00:00",
    "action_flag": 3,
    "change_message": ""
  }
},
{
  "model": "admin.logentry",
  "pk": 262,
  "fields": {
    "action_time": "2021-09-23T05:49:13.130Z",
    "user": 1,
    "content_type": 38,
    "object_id": "41",
    "object_repr": "Aprendiendo Django-Roaldys-2021-09-23 03:53:17.449499+00:00",
    "action_flag": 3,
    "change_message": ""
  }
},
{
  "model": "admin.logentry",
  "pk": 263,
  "fields": {
    "action_time": "2021-09-23T05:49:13.140Z",
    "user": 1,
    "content_type": 38,
    "object_id": "40",
    "object_repr": "Aprendiendo Django-Roaldys-2021-09-23 03:45:55.132951+00:00",
    "action_flag": 3,
    "change_message": ""
  }
},
{
  "model": "admin.logentry",
  "pk": 264,
  "fields": {
    "action_time": "2021-09-23T05:49:13.153Z",
    "user": 1,
    "content_type": 38,
    "object_id": "39",
    "object_repr": "Aprendiendo Django-Roaldys-2021-09-23 03:42:28.516754+00:00",
    "action_flag": 3,
    "change_message": ""
  }
},
{
  "model": "admin.logentry",
  "pk": 265,
  "fields": {
    "action_time": "2021-09-23T05:49:13.185Z",
    "user": 1,
    "content_type": 38,
    "object_id": "38",
    "object_repr": "Aprendiendo Django-Roaldys-2021-09-23 03:36:09.891889+00:00",
    "action_flag": 3,
    "change_message": ""
  }
},
{
  "model": "admin.logentry",
  "pk": 266,
  "fields": {
    "action_time": "2021-09-23T05:49:13.195Z",
    "user": 1,
    "content_type": 38,
    "object_id": "37",
    "object_repr": "Aprendiendo Django-Roaldys-2021-09-23 03:35:02.890000+00:00",
    "action_flag": 3,
    "change_message": ""
  }
},
{
  "model": "admin.logentry",
  "pk": 267,
  "fields": {
    "action_time": "2021-09-23T05:49:13.204Z",
    "user": 1,
    "content_type": 38,
    "object_id": "36",
    "object_repr": "Aprendiendo Django-Roaldys-2021-09-23 03:34:48.157744+00:00",
    "action_flag": 3,
    "change_message": ""
  }
},
{
  "model": "admin.logentry",
  "pk": 268,
  "fields": {
    "action_time": "2021-09-23T05:49:13.213Z",
    "user": 1,
    "content_type": 38,
    "object_id": "35",
    "object_repr": "Aprendiendo Django-Roaldys-2021-09-23 03:33:32.100813+00:00",
    "action_flag": 3,
    "change_message": ""
  }
},
{
  "model": "admin.logentry",
  "pk": 269,
  "fields": {
    "action_time": "2021-09-23T05:49:13.223Z",
    "user": 1,
    "content_type": 38,
    "object_id": "34",
    "object_repr": "Aprendiendo Django-Roaldys-2021-09-23 03:31:04.111088+00:00",
    "action_flag": 3,
    "change_message": ""
  }
},
{
  "model": "admin.logentry",
  "pk": 270,
  "fields": {
    "action_time": "2021-09-23T05:49:13.233Z",
    "user": 1,
    "content_type": 38,
    "object_id": "33",
    "object_repr": "Aprendiendo Django-Roaldys-2021-09-23 03:31:03.102975+00:00",
    "action_flag": 3,
    "change_message": ""
  }
},
{
  "model": "admin.logentry",
  "pk": 271,
  "fields": {
    "action_time": "2021-09-23T05:49:13.243Z",
    "user": 1,
    "content_type": 38,
    "object_id": "32",
    "object_repr": "Aprendiendo Django-Roaldys-2021-09-23 03:31:00.883835+00:00",
    "action_flag": 3,
    "change_message": ""
  }
},
{
  "model": "admin.logentry",
  "pk": 272,
  "fields": {
    "action_time": "2021-09-23T05:49:13.253Z",
    "user": 1,
    "content_type": 38,
    "object_id": "31",
    "object_repr": "Aprendiendo Django-Roaldys-2021-09-23 03:30:58.047192+00:00",
    "action_flag": 3,
    "change_message": ""
  }
},
{
  "model": "admin.logentry",
  "pk": 273,
  "fields": {
    "action_time": "2021-09-23T05:49:13.265Z",
    "user": 1,
    "content_type": 38,
    "object_id": "30",
    "object_repr": "Aprendiendo Django-Roaldys-2021-09-23 03:30:52.539217+00:00",
    "action_flag": 3,
    "change_message": ""
  }
},
{
  "model": "admin.logentry",
  "pk": 274,
  "fields": {
    "action_time": "2021-09-23T05:49:13.275Z",
    "user": 1,
    "content_type": 38,
    "object_id": "29",
    "object_repr": "Aprendiendo Django-Roaldys-2021-09-23 03:24:21.306734+00:00",
    "action_flag": 3,
    "change_message": ""
  }
},
{
  "model": "admin.logentry",
  "pk": 275,
  "fields": {
    "action_time": "2021-09-23T05:49:13.284Z",
    "user": 1,
    "content_type": 38,
    "object_id": "28",
    "object_repr": "Aprendiendo Django-Roaldys-2021-09-23 03:22:24.993668+00:00",
    "action_flag": 3,
    "change_message": ""
  }
},
{
  "model": "admin.logentry",
  "pk": 276,
  "fields": {
    "action_time": "2021-09-23T05:49:13.294Z",
    "user": 1,
    "content_type": 38,
    "object_id": "27",
    "object_repr": "Aprendiendo Django-Roaldys-2021-09-23 03:20:13.172038+00:00",
    "action_flag": 3,
    "change_message": ""
  }
},
{
  "model": "admin.logentry",
  "pk": 277,
  "fields": {
    "action_time": "2021-09-23T05:49:13.304Z",
    "user": 1,
    "content_type": 38,
    "object_id": "26",
    "object_repr": "Aprendiendo Django-Roaldys-2021-09-23 03:18:24.395572+00:00",
    "action_flag": 3,
    "change_message": ""
  }
},
{
  "model": "admin.logentry",
  "pk": 278,
  "fields": {
    "action_time": "2021-09-23T05:49:13.313Z",
    "user": 1,
    "content_type": 38,
    "object_id": "25",
    "object_repr": "Aprendiendo Django-Roaldys-2021-09-23 03:14:53.155148+00:00",
    "action_flag": 3,
    "change_message": ""
  }
},
{
  "model": "admin.logentry",
  "pk": 279,
  "fields": {
    "action_time": "2021-09-23T05:49:13.322Z",
    "user": 1,
    "content_type": 38,
    "object_id": "24",
    "object_repr": "Aprendiendo Django-Roaldys-2021-09-23 03:13:48.444941+00:00",
    "action_flag": 3,
    "change_message": ""
  }
},
{
  "model": "admin.logentry",
  "pk": 280,
  "fields": {
    "action_time": "2021-09-23T05:49:13.331Z",
    "user": 1,
    "content_type": 38,
    "object_id": "23",
    "object_repr": "Aprendiendo Django-Roaldys-2021-09-23 03:13:06.561166+00:00",
    "action_flag": 3,
    "change_message": ""
  }
},
{
  "model": "admin.logentry",
  "pk": 281,
  "fields": {
    "action_time": "2021-09-23T05:49:13.345Z",
    "user": 1,
    "content_type": 38,
    "object_id": "22",
    "object_repr": "Aprendiendo Django-Roaldys-2021-09-22 16:46:17.991184+00:00",
    "action_flag": 3,
    "change_message": ""
  }
},
{
  "model": "admin.logentry",
  "pk": 282,
  "fields": {
    "action_time": "2021-09-23T05:49:13.353Z",
    "user": 1,
    "content_type": 38,
    "object_id": "21",
    "object_repr": "Aprendiendo Django-Roaldys-2021-09-22 16:45:21.361036+00:00",
    "action_flag": 3,
    "change_message": ""
  }
},
{
  "model": "admin.logentry",
  "pk": 283,
  "fields": {
    "action_time": "2021-09-23T05:49:13.362Z",
    "user": 1,
    "content_type": 38,
    "object_id": "20",
    "object_repr": "Aprendiendo Django-Roaldys-2021-09-22 16:40:53.972077+00:00",
    "action_flag": 3,
    "change_message": ""
  }
},
{
  "model": "admin.logentry",
  "pk": 284,
  "fields": {
    "action_time": "2021-09-23T05:49:13.370Z",
    "user": 1,
    "content_type": 38,
    "object_id": "19",
    "object_repr": "Aprendiendo Django-Roaldys-2021-09-22 16:38:37.631390+00:00",
    "action_flag": 3,
    "change_message": ""
  }
},
{
  "model": "admin.logentry",
  "pk": 285,
  "fields": {
    "action_time": "2021-09-23T05:49:13.378Z",
    "user": 1,
    "content_type": 38,
    "object_id": "18",
    "object_repr": "Aprendiendo Django-Roaldys-2021-09-22 16:38:00.883895+00:00",
    "action_flag": 3,
    "change_message": ""
  }
},
{
  "model": "admin.logentry",
  "pk": 286,
  "fields": {
    "action_time": "2021-09-23T05:49:13.387Z",
    "user": 1,
    "content_type": 38,
    "object_id": "17",
    "object_repr": "Aprendiendo Django-Roaldys-2021-09-22 16:25:02.444872+00:00",
    "action_flag": 3,
    "change_message": ""
  }
},
{
  "model": "admin.logentry",
  "pk": 287,
  "fields": {
    "action_time": "2021-09-23T05:49:13.397Z",
    "user": 1,
    "content_type": 38,
    "object_id": "16",
    "object_repr": "Aprendiendo Django-Roaldys-2021-09-22 16:23:07.984536+00:00",
    "action_flag": 3,
    "change_message": ""
  }
},
{
  "model": "admin.logentry",
  "pk": 288,
  "fields": {
    "action_time": "2021-09-23T05:49:13.405Z",
    "user": 1,
    "content_type": 38,
    "object_id": "15",
    "object_repr": "Aprendiendo Django-Roaldys-2021-09-21 20:08:41.604849+00:00",
    "action_flag": 3,
    "change_message": ""
  }
},
{
  "model": "admin.logentry",
  "pk": 289,
  "fields": {
    "action_time": "2021-09-23T05:49:13.416Z",
    "user": 1,
    "content_type": 38,
    "object_id": "14",
    "object_repr": "Aprendiendo Django-Peter-2021-09-21 20:03:23.274831+00:00",
    "action_flag": 3,
    "change_message": ""
  }
},
{
  "model": "admin.logentry",
  "pk": 290,
  "fields": {
    "action_time": "2021-09-23T05:49:13.426Z",
    "user": 1,
    "content_type": 38,
    "object_id": "13",
    "object_repr": "Aprendiendo Django-Roaldys-2021-09-21 20:00:40.710978+00:00",
    "action_flag": 3,
    "change_message": ""
  }
},
{
  "model": "admin.logentry",
  "pk": 291,
  "fields": {
    "action_time": "2021-09-23T05:49:13.435Z",
    "user": 1,
    "content_type": 38,
    "object_id": "12",
    "object_repr": "Aprendiendo Django-Roaldys-2021-09-21 19:59:21.626623+00:00",
    "action_flag": 3,
    "change_message": ""
  }
},
{
  "model": "admin.logentry",
  "pk": 292,
  "fields": {
    "action_time": "2021-09-23T05:49:13.443Z",
    "user": 1,
    "content_type": 38,
    "object_id": "11",
    "object_repr": "Aprendiendo Django-Roaldys-2021-09-20 23:59:45.598173+00:00",
    "action_flag": 3,
    "change_message": ""
  }
},
{
  "model": "admin.logentry",
  "pk": 293,
  "fields": {
    "action_time": "2021-09-23T05:49:13.453Z",
    "user": 1,
    "content_type": 38,
    "object_id": "10",
    "object_repr": "Aprendiendo Django-Roaldys-2021-09-20 20:25:57.946199+00:00",
    "action_flag": 3,
    "change_message": ""
  }
},
{
  "model": "admin.logentry",
  "pk": 294,
  "fields": {
    "action_time": "2021-09-23T05:49:13.462Z",
    "user": 1,
    "content_type": 38,
    "object_id": "9",
    "object_repr": "Aprendiendo Django-Roaldys-2021-09-20 20:01:16.091384+00:00",
    "action_flag": 3,
    "change_message": ""
  }
},
{
  "model": "admin.logentry",
  "pk": 295,
  "fields": {
    "action_time": "2021-09-23T07:12:03.886Z",
    "user": 1,
    "content_type": 31,
    "object_id": "4",
    "object_repr": "Aprendiendo Django-24 - Corto-(fecha=2021-09-23-2021-09-30)-(estado=abierto)",
    "action_flag": 1,
    "change_message": "[{\"added\": {}}]"
  }
},
{
  "model": "admin.logentry",
  "pk": 296,
  "fields": {
    "action_time": "2021-09-23T07:21:28.985Z",
    "user": 1,
    "content_type": 31,
    "object_id": "5",
    "object_repr": "Aprendiendo Django-24 - Corto-(fecha=2021-09-23-2021-09-30)-(estado=abierto)",
    "action_flag": 1,
    "change_message": "[{\"added\": {}}]"
  }
},
{
  "model": "admin.logentry",
  "pk": 297,
  "fields": {
    "action_time": "2021-09-23T07:48:03.187Z",
    "user": 1,
    "content_type": 31,
    "object_id": "6",
    "object_repr": "Aprendiendo Django-24 - Corto-(fecha=2021-09-23-2021-09-30)-(estado=abierto)",
    "action_flag": 1,
    "change_message": "[{\"added\": {}}]"
  }
},
{
  "model": "admin.logentry",
  "pk": 298,
  "fields": {
    "action_time": "2021-09-23T07:58:35.124Z",
    "user": 1,
    "content_type": 31,
    "object_id": "7",
    "object_repr": "Operador de micro computadora-63 - Largo-(fecha=2021-09-23-2021-09-29)-(estado=abierto)",
    "action_flag": 1,
    "change_message": "[{\"added\": {}}]"
  }
},
{
  "model": "admin.logentry",
  "pk": 299,
  "fields": {
    "action_time": "2021-09-23T09:46:51.793Z",
    "user": 1,
    "content_type": 31,
    "object_id": "7",
    "object_repr": "Operador de micro computadora-63 - Largo-(fecha=2021-09-23-2021-09-29)-(estado=abierto)",
    "action_flag": 3,
    "change_message": ""
  }
},
{
  "model": "admin.logentry",
  "pk": 300,
  "fields": {
    "action_time": "2021-09-23T09:46:51.806Z",
    "user": 1,
    "content_type": 31,
    "object_id": "6",
    "object_repr": "Aprendiendo Django-24 - Corto-(fecha=2021-09-23-2021-09-30)-(estado=abierto)",
    "action_flag": 3,
    "change_message": ""
  }
},
{
  "model": "admin.logentry",
  "pk": 301,
  "fields": {
    "action_time": "2021-09-23T09:46:51.815Z",
    "user": 1,
    "content_type": 31,
    "object_id": "5",
    "object_repr": "Aprendiendo Django-24 - Corto-(fecha=2021-09-23-2021-09-30)-(estado=abierto)",
    "action_flag": 3,
    "change_message": ""
  }
},
{
  "model": "admin.logentry",
  "pk": 302,
  "fields": {
    "action_time": "2021-09-23T09:46:51.826Z",
    "user": 1,
    "content_type": 31,
    "object_id": "4",
    "object_repr": "Aprendiendo Django-24 - Corto-(fecha=2021-09-23-2021-09-30)-(estado=abierto)",
    "action_flag": 3,
    "change_message": ""
  }
},
{
  "model": "admin.logentry",
  "pk": 303,
  "fields": {
    "action_time": "2021-09-23T09:46:51.839Z",
    "user": 1,
    "content_type": 31,
    "object_id": "3",
    "object_repr": "Operador de micro computadora-63 - Largo-(fecha=2021-09-17-2021-09-24)-(estado=abierto)",
    "action_flag": 3,
    "change_message": ""
  }
},
{
  "model": "admin.logentry",
  "pk": 304,
  "fields": {
    "action_time": "2021-09-23T09:46:51.850Z",
    "user": 1,
    "content_type": 31,
    "object_id": "2",
    "object_repr": "Aprendiendo Django-24 - Corto-(fecha=2021-09-16-2021-09-25)-(estado=abierto)",
    "action_flag": 3,
    "change_message": ""
  }
},
{
  "model": "admin.logentry",
  "pk": 305,
  "fields": {
    "action_time": "2021-09-23T10:10:23.211Z",
    "user": 1,
    "content_type": 31,
    "object_id": "1",
    "object_repr": "Aprendiendo Django-24 - Corto-(fecha=2021-09-23-2021-09-29)-(estado=abierto)",
    "action_flag": 1,
    "change_message": "[{\"added\": {}}]"
  }
},
{
  "model": "admin.logentry",
  "pk": 306,
  "fields": {
    "action_time": "2021-09-23T10:16:34.098Z",
    "user": 1,
    "content_type": 33,
    "object_id": "3",
    "object_repr": "Aprendiendo DjangoFrancisco",
    "action_flag": 1,
    "change_message": "[{\"added\": {}}]"
  }
},
{
  "model": "admin.logentry",
  "pk": 307,
  "fields": {
    "action_time": "2021-09-23T10:16:40.399Z",
    "user": 1,
    "content_type": 33,
    "object_id": "4",
    "object_repr": "Aprendiendo DjangoMaria",
    "action_flag": 1,
    "change_message": "[{\"added\": {}}]"
  }
},
{
  "model": "admin.logentry",
  "pk": 308,
  "fields": {
    "action_time": "2021-09-23T11:06:59.123Z",
    "user": 1,
    "content_type": 31,
    "object_id": "2",
    "object_repr": "Operador de micro computadora-63 - Largo-(fecha=2021-09-23-2021-09-28)-(estado=abierto)",
    "action_flag": 1,
    "change_message": "[{\"added\": {}}]"
  }
},
{
  "model": "admin.logentry",
  "pk": 309,
  "fields": {
    "action_time": "2021-09-23T11:07:08.731Z",
    "user": 1,
    "content_type": 33,
    "object_id": "5",
    "object_repr": "Operador de micro computadoraMaria",
    "action_flag": 1,
    "change_message": "[{\"added\": {}}]"
  }
},
{
  "model": "admin.logentry",
  "pk": 310,
  "fields": {
    "action_time": "2021-09-23T19:49:27.563Z",
    "user": 1,
    "content_type": 38,
    "object_id": "75",
    "object_repr": "Operador de micro computadora-Peter-2021-09-23 19:49:27.557021+00:00",
    "action_flag": 2,
    "change_message": "[{\"changed\": {\"fields\": [\"Aprobado\", \"Leido\"]}}]"
  }
},
{
  "model": "admin.logentry",
  "pk": 311,
  "fields": {
    "action_time": "2021-09-24T14:27:44.334Z",
    "user": 1,
    "content_type": 31,
    "object_id": "1",
    "object_repr": "Aprendiendo Django-24 - Corto-(fecha=2021-09-23-2021-09-29)-(estado=abierto)",
    "action_flag": 2,
    "change_message": "[{\"changed\": {\"fields\": [\"Capacidad Total a Matricular\"]}}]"
  }
},
{
  "model": "admin.logentry",
  "pk": 312,
  "fields": {
    "action_time": "2021-09-24T17:06:10.477Z",
    "user": 1,
    "content_type": 31,
    "object_id": "1",
    "object_repr": "Aprendiendo Django-24 - Corto-(fecha=2021-09-23-2021-09-29)-(estado=abierto)",
    "action_flag": 2,
    "change_message": "[{\"changed\": {\"fields\": [\"Estado de la PreMatricula\"]}}]"
  }
},
{
  "model": "admin.logentry",
  "pk": 313,
  "fields": {
    "action_time": "2021-09-24T17:50:14.469Z",
    "user": 1,
    "content_type": 31,
    "object_id": "1",
    "object_repr": "Aprendiendo Django-24 - Corto-(fecha=2021-09-23-2021-09-29)-(estado=cerrado)",
    "action_flag": 2,
    "change_message": "[{\"changed\": {\"fields\": [\"Capacidad Total a Matricular\"]}}]"
  }
},
{
  "model": "admin.logentry",
  "pk": 314,
  "fields": {
    "action_time": "2021-09-24T17:57:03.178Z",
    "user": 1,
    "content_type": 34,
    "object_id": "68",
    "object_repr": "Aprendiendo Django- ddddddddddddddddd",
    "action_flag": 1,
    "change_message": "[{\"added\": {}}]"
  }
},
{
  "model": "admin.logentry",
  "pk": 315,
  "fields": {
    "action_time": "2021-09-24T19:37:46.713Z",
    "user": 1,
    "content_type": 31,
    "object_id": "1",
    "object_repr": "Aprendiendo Django-24 - Corto-(fecha=2021-09-23-2021-09-29)-(estado=abierto)",
    "action_flag": 2,
    "change_message": "[{\"changed\": {\"fields\": [\"Joven Club\"]}}]"
  }
},
{
  "model": "admin.logentry",
  "pk": 316,
  "fields": {
    "action_time": "2021-09-24T20:39:34.531Z",
    "user": 1,
    "content_type": 11,
    "object_id": "30",
    "object_repr": "Regla1",
    "action_flag": 2,
    "change_message": "[{\"changed\": {\"fields\": [\"Direcci\\u00f3n\"]}}]"
  }
},
{
  "model": "admin.logentry",
  "pk": 317,
  "fields": {
    "action_time": "2021-09-24T20:40:09.316Z",
    "user": 1,
    "content_type": 11,
    "object_id": "30",
    "object_repr": "Regla1",
    "action_flag": 2,
    "change_message": "[{\"changed\": {\"fields\": [\"Municipio\"]}}]"
  }
},
{
  "model": "admin.logentry",
  "pk": 318,
  "fields": {
    "action_time": "2021-09-24T20:40:57.716Z",
    "user": 1,
    "content_type": 11,
    "object_id": "30",
    "object_repr": "Regla1",
    "action_flag": 2,
    "change_message": "[{\"changed\": {\"fields\": [\"Municipio\"]}}]"
  }
},
{
  "model": "admin.logentry",
  "pk": 319,
  "fields": {
    "action_time": "2021-09-24T23:09:15.592Z",
    "user": 1,
    "content_type": 31,
    "object_id": "2",
    "object_repr": "Operador de micro computadora-63 - Largo-(fecha=2021-09-23-2021-09-28)-(estado=abierto)",
    "action_flag": 2,
    "change_message": "[{\"changed\": {\"fields\": [\"Joven Club\"]}}]"
  }
},
{
  "model": "admin.logentry",
  "pk": 320,
  "fields": {
    "action_time": "2021-09-24T23:17:44.939Z",
    "user": 1,
    "content_type": 21,
    "object_id": "4",
    "object_repr": "Todo sobre ecured-24 - Corto",
    "action_flag": 1,
    "change_message": "[{\"added\": {}}]"
  }
},
{
  "model": "admin.logentry",
  "pk": 321,
  "fields": {
    "action_time": "2021-09-24T23:18:20.736Z",
    "user": 1,
    "content_type": 31,
    "object_id": "3",
    "object_repr": "Todo sobre ecured-24 - Corto-(fecha=2021-09-24-2021-09-30)-(estado=abierto)",
    "action_flag": 1,
    "change_message": "[{\"added\": {}}]"
  }
},
{
  "model": "admin.logentry",
  "pk": 322,
  "fields": {
    "action_time": "2021-09-24T23:34:36.794Z",
    "user": 1,
    "content_type": 33,
    "object_id": "6",
    "object_repr": "Todo sobre ecuredFrancisco",
    "action_flag": 1,
    "change_message": "[{\"added\": {}}]"
  }
},
{
  "model": "admin.logentry",
  "pk": 323,
  "fields": {
    "action_time": "2021-09-24T23:50:22.929Z",
    "user": 1,
    "content_type": 38,
    "object_id": "77",
    "object_repr": "Todo sobre ecured-Peter-2021-09-24 23:49:58.853836+00:00",
    "action_flag": 3,
    "change_message": ""
  }
},
{
  "model": "admin.logentry",
  "pk": 324,
  "fields": {
    "action_time": "2021-09-25T04:23:55.140Z",
    "user": 1,
    "content_type": 38,
    "object_id": "82",
    "object_repr": "Aprendiendo Django-Peter-2021-09-25 04:12:13.034587+00:00",
    "action_flag": 3,
    "change_message": ""
  }
},
{
  "model": "admin.logentry",
  "pk": 325,
  "fields": {
    "action_time": "2021-09-25T04:24:17.119Z",
    "user": 1,
    "content_type": 38,
    "object_id": "81",
    "object_repr": "Aprendiendo Django-Peter-2021-09-25 04:24:17.112373+00:00",
    "action_flag": 2,
    "change_message": "[{\"changed\": {\"fields\": [\"Aprobado\"]}}]"
  }
},
{
  "model": "admin.logentry",
  "pk": 326,
  "fields": {
    "action_time": "2021-09-25T04:24:21.951Z",
    "user": 1,
    "content_type": 38,
    "object_id": "80",
    "object_repr": "Aprendiendo Django-Peter-2021-09-25 04:24:21.946073+00:00",
    "action_flag": 2,
    "change_message": "[{\"changed\": {\"fields\": [\"Aprobado\"]}}]"
  }
},
{
  "model": "admin.logentry",
  "pk": 327,
  "fields": {
    "action_time": "2021-09-25T04:24:26.495Z",
    "user": 1,
    "content_type": 38,
    "object_id": "79",
    "object_repr": "Todo sobre ecured-Peter-2021-09-25 04:24:26.489609+00:00",
    "action_flag": 2,
    "change_message": "[{\"changed\": {\"fields\": [\"Aprobado\"]}}]"
  }
},
{
  "model": "admin.logentry",
  "pk": 328,
  "fields": {
    "action_time": "2021-09-25T04:24:32.465Z",
    "user": 1,
    "content_type": 38,
    "object_id": "78",
    "object_repr": "Todo sobre ecured-Peter-2021-09-25 04:24:32.460656+00:00",
    "action_flag": 2,
    "change_message": "[{\"changed\": {\"fields\": [\"Aprobado\"]}}]"
  }
},
{
  "model": "admin.logentry",
  "pk": 329,
  "fields": {
    "action_time": "2021-09-27T16:06:03.187Z",
    "user": 1,
    "content_type": 10,
    "object_id": "24",
    "object_repr": "dddddddddddddddddroro",
    "action_flag": 2,
    "change_message": "[{\"changed\": {\"fields\": [\"Avatar\"]}}]"
  }
},
{
  "model": "admin.logentry",
  "pk": 330,
  "fields": {
    "action_time": "2021-09-27T16:06:10.519Z",
    "user": 1,
    "content_type": 10,
    "object_id": "23",
    "object_repr": "dasdaasdsadpetro",
    "action_flag": 2,
    "change_message": "[{\"changed\": {\"fields\": [\"Avatar\"]}}]"
  }
},
{
  "model": "admin.logentry",
  "pk": 331,
  "fields": {
    "action_time": "2021-09-27T16:06:33.300Z",
    "user": 1,
    "content_type": 10,
    "object_id": "27",
    "object_repr": "rewrwerlopo",
    "action_flag": 2,
    "change_message": "[{\"changed\": {\"fields\": [\"Avatar\"]}}]"
  }
},
{
  "model": "admin.logentry",
  "pk": 332,
  "fields": {
    "action_time": "2021-10-02T03:46:50.923Z",
    "user": 1,
    "content_type": 31,
    "object_id": "1",
    "object_repr": "Aprendiendo Django-24 - Corto-(fecha=2021-09-23-2021-09-29)-(estado=abierto)",
    "action_flag": 2,
    "change_message": "[{\"changed\": {\"fields\": [\"Capacidad Total a Matricular\"]}}]"
  }
},
{
  "model": "admin.logentry",
  "pk": 333,
  "fields": {
    "action_time": "2021-10-02T03:51:53.316Z",
    "user": 1,
    "content_type": 31,
    "object_id": "1",
    "object_repr": "Aprendiendo Django-24 - Corto-(fecha=2021-09-23-2021-09-29)-(estado=abierto)",
    "action_flag": 2,
    "change_message": "[{\"changed\": {\"fields\": [\"Capacidad Total a Matricular\"]}}]"
  }
},
{
  "model": "admin.logentry",
  "pk": 334,
  "fields": {
    "action_time": "2021-10-02T03:59:26.297Z",
    "user": 1,
    "content_type": 31,
    "object_id": "1",
    "object_repr": "Aprendiendo Django-24 - Corto-(fecha=2021-09-23-2021-09-29)-(estado=abierto)",
    "action_flag": 2,
    "change_message": "[{\"changed\": {\"fields\": [\"Capacidad Total a Matricular\"]}}]"
  }
},
{
  "model": "admin.logentry",
  "pk": 335,
  "fields": {
    "action_time": "2021-10-02T04:00:02.395Z",
    "user": 1,
    "content_type": 31,
    "object_id": "1",
    "object_repr": "Aprendiendo Django-24 - Corto-(fecha=2021-09-23-2021-09-29)-(estado=abierto)",
    "action_flag": 2,
    "change_message": "[{\"changed\": {\"fields\": [\"Capacidad Total a Matricular\"]}}]"
  }
},
{
  "model": "admin.logentry",
  "pk": 336,
  "fields": {
    "action_time": "2021-10-02T04:01:25.367Z",
    "user": 1,
    "content_type": 31,
    "object_id": "1",
    "object_repr": "Aprendiendo Django-24 - Corto-(fecha=2021-09-23-2021-09-29)-(estado=abierto)",
    "action_flag": 2,
    "change_message": "[{\"changed\": {\"fields\": [\"Capacidad Total a Matricular\"]}}]"
  }
},
{
  "model": "admin.logentry",
  "pk": 337,
  "fields": {
    "action_time": "2021-10-02T04:03:11.285Z",
    "user": 1,
    "content_type": 31,
    "object_id": "1",
    "object_repr": "Aprendiendo Django-24 - Corto-(fecha=2021-09-23-2021-09-29)-(estado=abierto)",
    "action_flag": 2,
    "change_message": "[{\"changed\": {\"fields\": [\"Capacidad Total a Matricular\"]}}]"
  }
},
{
  "model": "admin.logentry",
  "pk": 338,
  "fields": {
    "action_time": "2021-10-02T04:05:24.352Z",
    "user": 1,
    "content_type": 31,
    "object_id": "1",
    "object_repr": "Aprendiendo Django-24 - Corto-(fecha=2021-09-23-2021-09-29)-(estado=abierto)",
    "action_flag": 2,
    "change_message": "[{\"changed\": {\"fields\": [\"Capacidad Total a Matricular\"]}}]"
  }
},
{
  "model": "admin.logentry",
  "pk": 339,
  "fields": {
    "action_time": "2021-10-02T04:10:29.121Z",
    "user": 1,
    "content_type": 31,
    "object_id": "1",
    "object_repr": "Aprendiendo Django-24 - Corto-(fecha=2021-09-23-2021-09-29)-(estado=abierto)",
    "action_flag": 2,
    "change_message": "[{\"changed\": {\"fields\": [\"Capacidad Total a Matricular\"]}}]"
  }
},
{
  "model": "admin.logentry",
  "pk": 340,
  "fields": {
    "action_time": "2021-10-02T04:13:38.040Z",
    "user": 1,
    "content_type": 31,
    "object_id": "1",
    "object_repr": "Aprendiendo Django-24 - Corto-(fecha=2021-09-23-2021-09-29)-(estado=cerrado)",
    "action_flag": 2,
    "change_message": "[{\"changed\": {\"fields\": [\"Estado de la PreMatricula\"]}}]"
  }
},
{
  "model": "admin.logentry",
  "pk": 341,
  "fields": {
    "action_time": "2021-10-02T04:14:29.075Z",
    "user": 1,
    "content_type": 31,
    "object_id": "1",
    "object_repr": "Aprendiendo Django-24 - Corto-(fecha=2021-09-23-2021-09-29)-(estado=abierto)",
    "action_flag": 2,
    "change_message": "[{\"changed\": {\"fields\": [\"Estado de la PreMatricula\"]}}]"
  }
},
{
  "model": "admin.logentry",
  "pk": 342,
  "fields": {
    "action_time": "2021-10-02T04:27:54.955Z",
    "user": 1,
    "content_type": 31,
    "object_id": "1",
    "object_repr": "Aprendiendo Django-24 - Corto-(fecha=2021-09-23-2021-09-29)-(estado=cerrado)",
    "action_flag": 2,
    "change_message": "[{\"changed\": {\"fields\": [\"Estado de la PreMatricula\"]}}]"
  }
},
{
  "model": "admin.logentry",
  "pk": 343,
  "fields": {
    "action_time": "2021-10-02T05:14:47.151Z",
    "user": 1,
    "content_type": 31,
    "object_id": "1",
    "object_repr": "Aprendiendo Django-24 - Corto-(fecha=2021-09-23-2021-09-29)-(estado=abierto)",
    "action_flag": 2,
    "change_message": "[{\"changed\": {\"fields\": [\"Capacidad Total a Matricular\"]}}]"
  }
},
{
  "model": "admin.logentry",
  "pk": 344,
  "fields": {
    "action_time": "2021-10-02T05:15:15.627Z",
    "user": 1,
    "content_type": 31,
    "object_id": "1",
    "object_repr": "Aprendiendo Django-24 - Corto-(fecha=2021-09-23-2021-09-29)-(estado=abierto)",
    "action_flag": 2,
    "change_message": "[{\"changed\": {\"fields\": [\"Capacidad Total a Matricular\"]}}]"
  }
},
{
  "model": "admin.logentry",
  "pk": 345,
  "fields": {
    "action_time": "2021-10-02T05:21:06.967Z",
    "user": 1,
    "content_type": 31,
    "object_id": "1",
    "object_repr": "Todo sobre ecured-24 - Corto-(fecha=2021-09-23-2021-09-29)-(estado=abierto)",
    "action_flag": 2,
    "change_message": "[{\"changed\": {\"fields\": [\"Curso\"]}}]"
  }
},
{
  "model": "admin.logentry",
  "pk": 346,
  "fields": {
    "action_time": "2021-10-02T05:21:36.660Z",
    "user": 1,
    "content_type": 31,
    "object_id": "1",
    "object_repr": "Aprendiendo Django-24 - Corto-(fecha=2021-09-23-2021-09-29)-(estado=abierto)",
    "action_flag": 2,
    "change_message": "[{\"changed\": {\"fields\": [\"Curso\"]}}]"
  }
},
{
  "model": "admin.logentry",
  "pk": 347,
  "fields": {
    "action_time": "2021-10-02T05:22:18.649Z",
    "user": 1,
    "content_type": 21,
    "object_id": "2",
    "object_repr": "Aprendiendo Django-24 - Corto",
    "action_flag": 2,
    "change_message": "[{\"changed\": {\"fields\": [\"Descripci\\u00f3n del Curso\"]}}]"
  }
},
{
  "model": "admin.logentry",
  "pk": 348,
  "fields": {
    "action_time": "2021-10-02T05:38:03.384Z",
    "user": 1,
    "content_type": 31,
    "object_id": "1",
    "object_repr": "Aprendiendo Django-24 - Corto-(fecha=2021-09-23-2021-09-29)-(estado=abierto)",
    "action_flag": 2,
    "change_message": "[{\"changed\": {\"fields\": [\"Capacidad Total a Matricular\"]}}]"
  }
},
{
  "model": "admin.logentry",
  "pk": 349,
  "fields": {
    "action_time": "2021-10-02T05:39:03.802Z",
    "user": 1,
    "content_type": 31,
    "object_id": "1",
    "object_repr": "Aprendiendo Django-24 - Corto-(fecha=2021-09-23-2021-09-29)-(estado=abierto)",
    "action_flag": 2,
    "change_message": "[{\"changed\": {\"fields\": [\"Capacidad Total a Matricular\"]}}]"
  }
},
{
  "model": "admin.logentry",
  "pk": 350,
  "fields": {
    "action_time": "2021-10-02T05:44:54.211Z",
    "user": 1,
    "content_type": 31,
    "object_id": "1",
    "object_repr": "Aprendiendo Django-24 - Corto-(fecha=2021-09-23-2021-09-29)-(estado=abierto)",
    "action_flag": 2,
    "change_message": "[{\"changed\": {\"fields\": [\"Capacidad Total a Matricular\"]}}]"
  }
},
{
  "model": "admin.logentry",
  "pk": 351,
  "fields": {
    "action_time": "2021-10-02T05:57:18.848Z",
    "user": 1,
    "content_type": 31,
    "object_id": "1",
    "object_repr": "Aprendiendo Django-24 - Corto-(fecha=2021-09-23-2021-09-29)-(estado=cerrado)",
    "action_flag": 2,
    "change_message": "[{\"changed\": {\"fields\": [\"Likes\"]}}]"
  }
},
{
  "model": "admin.logentry",
  "pk": 352,
  "fields": {
    "action_time": "2021-10-02T06:16:28.791Z",
    "user": 1,
    "content_type": 31,
    "object_id": "1",
    "object_repr": "Aprendiendo Django-24 - Corto-(fecha=2021-09-23-2021-09-29)-(estado=cerrado)",
    "action_flag": 2,
    "change_message": "[{\"changed\": {\"fields\": [\"Likes\"]}}]"
  }
},
{
  "model": "admin.logentry",
  "pk": 353,
  "fields": {
    "action_time": "2021-10-02T06:16:50.058Z",
    "user": 1,
    "content_type": 31,
    "object_id": "1",
    "object_repr": "Aprendiendo Django-24 - Corto-(fecha=2021-09-23-2021-09-29)-(estado=cerrado)",
    "action_flag": 2,
    "change_message": "[{\"changed\": {\"fields\": [\"Likes\"]}}]"
  }
},
{
  "model": "admin.logentry",
  "pk": 354,
  "fields": {
    "action_time": "2021-10-02T06:18:05.447Z",
    "user": 1,
    "content_type": 34,
    "object_id": "160",
    "object_repr": "Aprendiendo Django- Peter",
    "action_flag": 3,
    "change_message": ""
  }
},
{
  "model": "admin.logentry",
  "pk": 355,
  "fields": {
    "action_time": "2021-10-02T07:03:52.618Z",
    "user": 1,
    "content_type": 34,
    "object_id": "161",
    "object_repr": "Aprendiendo Django- Peter",
    "action_flag": 3,
    "change_message": ""
  }
},
{
  "model": "admin.logentry",
  "pk": 356,
  "fields": {
    "action_time": "2021-10-02T07:04:19.438Z",
    "user": 1,
    "content_type": 34,
    "object_id": "162",
    "object_repr": "Aprendiendo Django- Peter",
    "action_flag": 3,
    "change_message": ""
  }
},
{
  "model": "admin.logentry",
  "pk": 357,
  "fields": {
    "action_time": "2021-10-02T09:50:11.179Z",
    "user": 1,
    "content_type": 31,
    "object_id": "1",
    "object_repr": "Aprendiendo Django-24 - Corto-(fecha=2021-09-23-2021-09-29)-(estado=abierto)",
    "action_flag": 2,
    "change_message": "[{\"changed\": {\"fields\": [\"Capacidad Total a Matricular\"]}}]"
  }
},
{
  "model": "admin.logentry",
  "pk": 358,
  "fields": {
    "action_time": "2021-10-02T22:01:11.891Z",
    "user": 1,
    "content_type": 38,
    "object_id": "83",
    "object_repr": "Aprendiendo Django-Peter-2021-10-02 22:01:11.885044+00:00",
    "action_flag": 1,
    "change_message": "[{\"added\": {}}]"
  }
},
{
  "model": "admin.logentry",
  "pk": 359,
  "fields": {
    "action_time": "2021-10-03T00:26:06.784Z",
    "user": 1,
    "content_type": 31,
    "object_id": "1",
    "object_repr": "Aprendiendo Django-24 - Corto-(fecha=2021-09-23-2021-09-29)-(estado=cerrado)",
    "action_flag": 2,
    "change_message": "[{\"changed\": {\"fields\": [\"Capacidad Total a Matricular\"]}}]"
  }
},
{
  "model": "admin.logentry",
  "pk": 360,
  "fields": {
    "action_time": "2021-10-04T02:23:49.205Z",
    "user": 1,
    "content_type": 38,
    "object_id": "233",
    "object_repr": "Aprendiendo Django-Roaldys-2021-10-04 02:15:26.896301+00:00",
    "action_flag": 3,
    "change_message": ""
  }
},
{
  "model": "admin.logentry",
  "pk": 361,
  "fields": {
    "action_time": "2021-10-04T02:23:49.221Z",
    "user": 1,
    "content_type": 38,
    "object_id": "232",
    "object_repr": "Aprendiendo Django-Roaldys-2021-10-04 02:15:15.490824+00:00",
    "action_flag": 3,
    "change_message": ""
  }
},
{
  "model": "admin.logentry",
  "pk": 362,
  "fields": {
    "action_time": "2021-10-04T02:23:49.232Z",
    "user": 1,
    "content_type": 38,
    "object_id": "231",
    "object_repr": "Aprendiendo Django-Roaldys-2021-10-04 02:15:09.345140+00:00",
    "action_flag": 3,
    "change_message": ""
  }
},
{
  "model": "admin.logentry",
  "pk": 363,
  "fields": {
    "action_time": "2021-10-04T02:23:49.246Z",
    "user": 1,
    "content_type": 38,
    "object_id": "230",
    "object_repr": "Aprendiendo Django-Roaldys-2021-10-04 02:13:10.577012+00:00",
    "action_flag": 3,
    "change_message": ""
  }
},
{
  "model": "admin.logentry",
  "pk": 364,
  "fields": {
    "action_time": "2021-10-04T02:23:49.256Z",
    "user": 1,
    "content_type": 38,
    "object_id": "229",
    "object_repr": "Aprendiendo Django-Roaldys-2021-10-04 02:13:02.739988+00:00",
    "action_flag": 3,
    "change_message": ""
  }
},
{
  "model": "admin.logentry",
  "pk": 365,
  "fields": {
    "action_time": "2021-10-04T02:23:49.265Z",
    "user": 1,
    "content_type": 38,
    "object_id": "228",
    "object_repr": "Aprendiendo Django-Roaldys-2021-10-04 02:08:23.427951+00:00",
    "action_flag": 3,
    "change_message": ""
  }
},
{
  "model": "admin.logentry",
  "pk": 366,
  "fields": {
    "action_time": "2021-10-04T02:23:49.276Z",
    "user": 1,
    "content_type": 38,
    "object_id": "227",
    "object_repr": "Aprendiendo Django-Roaldys-2021-10-04 02:08:17.457565+00:00",
    "action_flag": 3,
    "change_message": ""
  }
},
{
  "model": "admin.logentry",
  "pk": 367,
  "fields": {
    "action_time": "2021-10-04T02:23:49.285Z",
    "user": 1,
    "content_type": 38,
    "object_id": "226",
    "object_repr": "Aprendiendo Django-Roaldys-2021-10-04 02:07:18.527658+00:00",
    "action_flag": 3,
    "change_message": ""
  }
},
{
  "model": "admin.logentry",
  "pk": 368,
  "fields": {
    "action_time": "2021-10-04T02:23:49.294Z",
    "user": 1,
    "content_type": 38,
    "object_id": "225",
    "object_repr": "Aprendiendo Django-Roaldys-2021-10-04 02:07:12.985715+00:00",
    "action_flag": 3,
    "change_message": ""
  }
},
{
  "model": "admin.logentry",
  "pk": 369,
  "fields": {
    "action_time": "2021-10-04T02:23:49.304Z",
    "user": 1,
    "content_type": 38,
    "object_id": "224",
    "object_repr": "Aprendiendo Django-Roaldys-2021-10-04 02:06:50.153218+00:00",
    "action_flag": 3,
    "change_message": ""
  }
},
{
  "model": "admin.logentry",
  "pk": 370,
  "fields": {
    "action_time": "2021-10-04T02:23:49.313Z",
    "user": 1,
    "content_type": 38,
    "object_id": "223",
    "object_repr": "Aprendiendo Django-Roaldys-2021-10-04 02:06:43.731187+00:00",
    "action_flag": 3,
    "change_message": ""
  }
},
{
  "model": "admin.logentry",
  "pk": 371,
  "fields": {
    "action_time": "2021-10-04T02:23:49.323Z",
    "user": 1,
    "content_type": 38,
    "object_id": "222",
    "object_repr": "Aprendiendo Django-Roaldys-2021-10-04 02:03:32.020544+00:00",
    "action_flag": 3,
    "change_message": ""
  }
},
{
  "model": "admin.logentry",
  "pk": 372,
  "fields": {
    "action_time": "2021-10-04T02:23:49.332Z",
    "user": 1,
    "content_type": 38,
    "object_id": "221",
    "object_repr": "Aprendiendo Django-Roaldys-2021-10-04 01:55:45.430290+00:00",
    "action_flag": 3,
    "change_message": ""
  }
},
{
  "model": "admin.logentry",
  "pk": 373,
  "fields": {
    "action_time": "2021-10-04T02:23:49.341Z",
    "user": 1,
    "content_type": 38,
    "object_id": "220",
    "object_repr": "Aprendiendo Django-Roaldys-2021-10-04 01:54:34.383120+00:00",
    "action_flag": 3,
    "change_message": ""
  }
},
{
  "model": "admin.logentry",
  "pk": 374,
  "fields": {
    "action_time": "2021-10-04T02:23:49.354Z",
    "user": 1,
    "content_type": 38,
    "object_id": "219",
    "object_repr": "Aprendiendo Django-Roaldys-2021-10-04 01:40:18.209667+00:00",
    "action_flag": 3,
    "change_message": ""
  }
},
{
  "model": "admin.logentry",
  "pk": 375,
  "fields": {
    "action_time": "2021-10-04T02:23:49.365Z",
    "user": 1,
    "content_type": 38,
    "object_id": "218",
    "object_repr": "Aprendiendo Django-Roaldys-2021-10-04 00:43:02.218899+00:00",
    "action_flag": 3,
    "change_message": ""
  }
},
{
  "model": "admin.logentry",
  "pk": 376,
  "fields": {
    "action_time": "2021-10-04T02:23:49.411Z",
    "user": 1,
    "content_type": 38,
    "object_id": "217",
    "object_repr": "Aprendiendo Django-Roaldys-2021-10-04 00:36:30.783239+00:00",
    "action_flag": 3,
    "change_message": ""
  }
},
{
  "model": "admin.logentry",
  "pk": 377,
  "fields": {
    "action_time": "2021-10-04T02:23:49.419Z",
    "user": 1,
    "content_type": 38,
    "object_id": "216",
    "object_repr": "Aprendiendo Django-Roaldys-2021-10-04 00:34:56.327071+00:00",
    "action_flag": 3,
    "change_message": ""
  }
},
{
  "model": "admin.logentry",
  "pk": 378,
  "fields": {
    "action_time": "2021-10-04T02:23:49.429Z",
    "user": 1,
    "content_type": 38,
    "object_id": "215",
    "object_repr": "Aprendiendo Django-Roaldys-2021-10-04 00:33:59.147162+00:00",
    "action_flag": 3,
    "change_message": ""
  }
},
{
  "model": "admin.logentry",
  "pk": 379,
  "fields": {
    "action_time": "2021-10-04T02:23:49.438Z",
    "user": 1,
    "content_type": 38,
    "object_id": "214",
    "object_repr": "Aprendiendo Django-Roaldys-2021-10-04 00:22:20.623602+00:00",
    "action_flag": 3,
    "change_message": ""
  }
},
{
  "model": "admin.logentry",
  "pk": 380,
  "fields": {
    "action_time": "2021-10-04T02:23:49.448Z",
    "user": 1,
    "content_type": 38,
    "object_id": "213",
    "object_repr": "Aprendiendo Django-Roaldys-2021-10-04 00:22:14.110027+00:00",
    "action_flag": 3,
    "change_message": ""
  }
},
{
  "model": "admin.logentry",
  "pk": 381,
  "fields": {
    "action_time": "2021-10-04T02:23:49.458Z",
    "user": 1,
    "content_type": 38,
    "object_id": "212",
    "object_repr": "Aprendiendo Django-Roaldys-2021-10-04 00:13:19.573107+00:00",
    "action_flag": 3,
    "change_message": ""
  }
},
{
  "model": "admin.logentry",
  "pk": 382,
  "fields": {
    "action_time": "2021-10-04T02:23:49.470Z",
    "user": 1,
    "content_type": 38,
    "object_id": "211",
    "object_repr": "Aprendiendo Django-Roaldys-2021-10-03 23:59:26.439449+00:00",
    "action_flag": 3,
    "change_message": ""
  }
},
{
  "model": "admin.logentry",
  "pk": 383,
  "fields": {
    "action_time": "2021-10-04T02:23:49.480Z",
    "user": 1,
    "content_type": 38,
    "object_id": "210",
    "object_repr": "Aprendiendo Django-Roaldys-2021-10-03 23:59:07.592183+00:00",
    "action_flag": 3,
    "change_message": ""
  }
},
{
  "model": "admin.logentry",
  "pk": 384,
  "fields": {
    "action_time": "2021-10-04T02:23:49.489Z",
    "user": 1,
    "content_type": 38,
    "object_id": "209",
    "object_repr": "Aprendiendo Django-Roaldys-2021-10-03 23:59:01.851136+00:00",
    "action_flag": 3,
    "change_message": ""
  }
},
{
  "model": "admin.logentry",
  "pk": 385,
  "fields": {
    "action_time": "2021-10-04T02:23:49.497Z",
    "user": 1,
    "content_type": 38,
    "object_id": "208",
    "object_repr": "Aprendiendo Django-Roaldys-2021-10-03 23:57:21.000288+00:00",
    "action_flag": 3,
    "change_message": ""
  }
},
{
  "model": "admin.logentry",
  "pk": 386,
  "fields": {
    "action_time": "2021-10-04T02:23:49.506Z",
    "user": 1,
    "content_type": 38,
    "object_id": "207",
    "object_repr": "Aprendiendo Django-Roaldys-2021-10-03 23:57:11.710127+00:00",
    "action_flag": 3,
    "change_message": ""
  }
},
{
  "model": "admin.logentry",
  "pk": 387,
  "fields": {
    "action_time": "2021-10-04T02:23:49.515Z",
    "user": 1,
    "content_type": 38,
    "object_id": "206",
    "object_repr": "Aprendiendo Django-Roaldys-2021-10-03 23:53:36.199729+00:00",
    "action_flag": 3,
    "change_message": ""
  }
},
{
  "model": "admin.logentry",
  "pk": 388,
  "fields": {
    "action_time": "2021-10-04T02:23:49.523Z",
    "user": 1,
    "content_type": 38,
    "object_id": "205",
    "object_repr": "Aprendiendo Django-Roaldys-2021-10-03 23:53:30.061821+00:00",
    "action_flag": 3,
    "change_message": ""
  }
},
{
  "model": "admin.logentry",
  "pk": 389,
  "fields": {
    "action_time": "2021-10-04T02:23:49.533Z",
    "user": 1,
    "content_type": 38,
    "object_id": "204",
    "object_repr": "Aprendiendo Django-Roaldys-2021-10-03 23:50:07.089847+00:00",
    "action_flag": 3,
    "change_message": ""
  }
},
{
  "model": "admin.logentry",
  "pk": 390,
  "fields": {
    "action_time": "2021-10-04T02:23:49.541Z",
    "user": 1,
    "content_type": 38,
    "object_id": "203",
    "object_repr": "Aprendiendo Django-Roaldys-2021-10-03 23:47:24.597775+00:00",
    "action_flag": 3,
    "change_message": ""
  }
},
{
  "model": "admin.logentry",
  "pk": 391,
  "fields": {
    "action_time": "2021-10-04T02:23:49.550Z",
    "user": 1,
    "content_type": 38,
    "object_id": "202",
    "object_repr": "Aprendiendo Django-Roaldys-2021-10-03 23:46:32.567630+00:00",
    "action_flag": 3,
    "change_message": ""
  }
},
{
  "model": "admin.logentry",
  "pk": 392,
  "fields": {
    "action_time": "2021-10-04T02:23:49.560Z",
    "user": 1,
    "content_type": 38,
    "object_id": "201",
    "object_repr": "Aprendiendo Django-Roaldys-2021-10-03 23:45:38.050541+00:00",
    "action_flag": 3,
    "change_message": ""
  }
},
{
  "model": "admin.logentry",
  "pk": 393,
  "fields": {
    "action_time": "2021-10-04T02:23:49.570Z",
    "user": 1,
    "content_type": 38,
    "object_id": "200",
    "object_repr": "Aprendiendo Django-Peter-2021-10-03 23:45:23.911068+00:00",
    "action_flag": 3,
    "change_message": ""
  }
},
{
  "model": "admin.logentry",
  "pk": 394,
  "fields": {
    "action_time": "2021-10-04T02:23:49.579Z",
    "user": 1,
    "content_type": 38,
    "object_id": "199",
    "object_repr": "Aprendiendo Django-Roaldys-2021-10-03 17:46:15.358484+00:00",
    "action_flag": 3,
    "change_message": ""
  }
},
{
  "model": "admin.logentry",
  "pk": 395,
  "fields": {
    "action_time": "2021-10-04T02:23:49.588Z",
    "user": 1,
    "content_type": 38,
    "object_id": "198",
    "object_repr": "Aprendiendo Django-Roaldys-2021-10-03 17:44:52.074737+00:00",
    "action_flag": 3,
    "change_message": ""
  }
},
{
  "model": "admin.logentry",
  "pk": 396,
  "fields": {
    "action_time": "2021-10-04T02:23:49.597Z",
    "user": 1,
    "content_type": 38,
    "object_id": "197",
    "object_repr": "Aprendiendo Django-Roaldys-2021-10-03 17:43:47.972818+00:00",
    "action_flag": 3,
    "change_message": ""
  }
},
{
  "model": "admin.logentry",
  "pk": 397,
  "fields": {
    "action_time": "2021-10-04T02:23:49.608Z",
    "user": 1,
    "content_type": 38,
    "object_id": "196",
    "object_repr": "Aprendiendo Django-Roaldys-2021-10-03 17:43:21.071063+00:00",
    "action_flag": 3,
    "change_message": ""
  }
},
{
  "model": "admin.logentry",
  "pk": 398,
  "fields": {
    "action_time": "2021-10-04T02:23:49.620Z",
    "user": 1,
    "content_type": 38,
    "object_id": "195",
    "object_repr": "Aprendiendo Django-Roaldys-2021-10-03 17:43:13.532543+00:00",
    "action_flag": 3,
    "change_message": ""
  }
},
{
  "model": "admin.logentry",
  "pk": 399,
  "fields": {
    "action_time": "2021-10-04T02:23:49.647Z",
    "user": 1,
    "content_type": 38,
    "object_id": "194",
    "object_repr": "Aprendiendo Django-Roaldys-2021-10-03 17:40:41.627325+00:00",
    "action_flag": 3,
    "change_message": ""
  }
},
{
  "model": "admin.logentry",
  "pk": 400,
  "fields": {
    "action_time": "2021-10-04T02:23:49.658Z",
    "user": 1,
    "content_type": 38,
    "object_id": "193",
    "object_repr": "Aprendiendo Django-Roaldys-2021-10-03 17:40:31.063879+00:00",
    "action_flag": 3,
    "change_message": ""
  }
},
{
  "model": "admin.logentry",
  "pk": 401,
  "fields": {
    "action_time": "2021-10-04T02:23:49.667Z",
    "user": 1,
    "content_type": 38,
    "object_id": "192",
    "object_repr": "Aprendiendo Django-Roaldys-2021-10-03 17:39:58.216133+00:00",
    "action_flag": 3,
    "change_message": ""
  }
},
{
  "model": "admin.logentry",
  "pk": 402,
  "fields": {
    "action_time": "2021-10-04T02:23:49.676Z",
    "user": 1,
    "content_type": 38,
    "object_id": "191",
    "object_repr": "Aprendiendo Django-Roaldys-2021-10-03 17:38:16.423076+00:00",
    "action_flag": 3,
    "change_message": ""
  }
},
{
  "model": "admin.logentry",
  "pk": 403,
  "fields": {
    "action_time": "2021-10-04T02:23:49.686Z",
    "user": 1,
    "content_type": 38,
    "object_id": "190",
    "object_repr": "Aprendiendo Django-Roaldys-2021-10-03 17:36:32.360660+00:00",
    "action_flag": 3,
    "change_message": ""
  }
},
{
  "model": "admin.logentry",
  "pk": 404,
  "fields": {
    "action_time": "2021-10-04T02:23:49.694Z",
    "user": 1,
    "content_type": 38,
    "object_id": "189",
    "object_repr": "Aprendiendo Django-Roaldys-2021-10-03 17:36:02.342338+00:00",
    "action_flag": 3,
    "change_message": ""
  }
},
{
  "model": "admin.logentry",
  "pk": 405,
  "fields": {
    "action_time": "2021-10-04T02:23:49.704Z",
    "user": 1,
    "content_type": 38,
    "object_id": "188",
    "object_repr": "Aprendiendo Django-Roaldys-2021-10-03 17:35:52.843865+00:00",
    "action_flag": 3,
    "change_message": ""
  }
},
{
  "model": "admin.logentry",
  "pk": 406,
  "fields": {
    "action_time": "2021-10-04T02:23:49.713Z",
    "user": 1,
    "content_type": 38,
    "object_id": "187",
    "object_repr": "Aprendiendo Django-Roaldys-2021-10-03 17:33:47.568006+00:00",
    "action_flag": 3,
    "change_message": ""
  }
},
{
  "model": "admin.logentry",
  "pk": 407,
  "fields": {
    "action_time": "2021-10-04T02:23:49.722Z",
    "user": 1,
    "content_type": 38,
    "object_id": "186",
    "object_repr": "Aprendiendo Django-Roaldys-2021-10-03 17:33:13.244456+00:00",
    "action_flag": 3,
    "change_message": ""
  }
},
{
  "model": "admin.logentry",
  "pk": 408,
  "fields": {
    "action_time": "2021-10-04T02:23:49.734Z",
    "user": 1,
    "content_type": 38,
    "object_id": "185",
    "object_repr": "Aprendiendo Django-Roaldys-2021-10-03 17:32:02.324237+00:00",
    "action_flag": 3,
    "change_message": ""
  }
},
{
  "model": "admin.logentry",
  "pk": 409,
  "fields": {
    "action_time": "2021-10-04T02:23:49.743Z",
    "user": 1,
    "content_type": 38,
    "object_id": "184",
    "object_repr": "Aprendiendo Django-Roaldys-2021-10-03 17:30:16.931418+00:00",
    "action_flag": 3,
    "change_message": ""
  }
},
{
  "model": "admin.logentry",
  "pk": 410,
  "fields": {
    "action_time": "2021-10-04T02:23:49.753Z",
    "user": 1,
    "content_type": 38,
    "object_id": "183",
    "object_repr": "Aprendiendo Django-Roaldys-2021-10-03 17:28:30.325610+00:00",
    "action_flag": 3,
    "change_message": ""
  }
},
{
  "model": "admin.logentry",
  "pk": 411,
  "fields": {
    "action_time": "2021-10-04T02:23:49.763Z",
    "user": 1,
    "content_type": 38,
    "object_id": "182",
    "object_repr": "Aprendiendo Django-Roaldys-2021-10-03 17:25:35.305840+00:00",
    "action_flag": 3,
    "change_message": ""
  }
},
{
  "model": "admin.logentry",
  "pk": 412,
  "fields": {
    "action_time": "2021-10-04T02:23:49.772Z",
    "user": 1,
    "content_type": 38,
    "object_id": "181",
    "object_repr": "Aprendiendo Django-Roaldys-2021-10-03 17:25:10.877845+00:00",
    "action_flag": 3,
    "change_message": ""
  }
},
{
  "model": "admin.logentry",
  "pk": 413,
  "fields": {
    "action_time": "2021-10-04T02:23:49.782Z",
    "user": 1,
    "content_type": 38,
    "object_id": "180",
    "object_repr": "Aprendiendo Django-Roaldys-2021-10-03 17:23:23.871604+00:00",
    "action_flag": 3,
    "change_message": ""
  }
},
{
  "model": "admin.logentry",
  "pk": 414,
  "fields": {
    "action_time": "2021-10-04T02:23:49.791Z",
    "user": 1,
    "content_type": 38,
    "object_id": "179",
    "object_repr": "Aprendiendo Django-Roaldys-2021-10-03 17:18:28.071555+00:00",
    "action_flag": 3,
    "change_message": ""
  }
},
{
  "model": "admin.logentry",
  "pk": 415,
  "fields": {
    "action_time": "2021-10-04T02:23:49.800Z",
    "user": 1,
    "content_type": 38,
    "object_id": "178",
    "object_repr": "Aprendiendo Django-Roaldys-2021-10-03 17:16:42.456029+00:00",
    "action_flag": 3,
    "change_message": ""
  }
},
{
  "model": "admin.logentry",
  "pk": 416,
  "fields": {
    "action_time": "2021-10-04T02:23:49.808Z",
    "user": 1,
    "content_type": 38,
    "object_id": "177",
    "object_repr": "Aprendiendo Django-Roaldys-2021-10-03 17:16:02.934957+00:00",
    "action_flag": 3,
    "change_message": ""
  }
},
{
  "model": "admin.logentry",
  "pk": 417,
  "fields": {
    "action_time": "2021-10-04T02:23:49.817Z",
    "user": 1,
    "content_type": 38,
    "object_id": "176",
    "object_repr": "Aprendiendo Django-Roaldys-2021-10-03 17:14:07.321925+00:00",
    "action_flag": 3,
    "change_message": ""
  }
},
{
  "model": "admin.logentry",
  "pk": 418,
  "fields": {
    "action_time": "2021-10-04T02:23:49.829Z",
    "user": 1,
    "content_type": 38,
    "object_id": "175",
    "object_repr": "Aprendiendo Django-Roaldys-2021-10-03 17:12:56.992237+00:00",
    "action_flag": 3,
    "change_message": ""
  }
},
{
  "model": "admin.logentry",
  "pk": 419,
  "fields": {
    "action_time": "2021-10-04T02:23:49.840Z",
    "user": 1,
    "content_type": 38,
    "object_id": "174",
    "object_repr": "Aprendiendo Django-Roaldys-2021-10-03 17:12:13.997767+00:00",
    "action_flag": 3,
    "change_message": ""
  }
},
{
  "model": "admin.logentry",
  "pk": 420,
  "fields": {
    "action_time": "2021-10-04T02:23:49.887Z",
    "user": 1,
    "content_type": 38,
    "object_id": "173",
    "object_repr": "Aprendiendo Django-Roaldys-2021-10-03 15:56:26.908156+00:00",
    "action_flag": 3,
    "change_message": ""
  }
},
{
  "model": "admin.logentry",
  "pk": 421,
  "fields": {
    "action_time": "2021-10-04T02:23:49.895Z",
    "user": 1,
    "content_type": 38,
    "object_id": "172",
    "object_repr": "Aprendiendo Django-Roaldys-2021-10-03 15:53:40.094422+00:00",
    "action_flag": 3,
    "change_message": ""
  }
},
{
  "model": "admin.logentry",
  "pk": 422,
  "fields": {
    "action_time": "2021-10-04T02:23:49.903Z",
    "user": 1,
    "content_type": 38,
    "object_id": "171",
    "object_repr": "Aprendiendo Django-Roaldys-2021-10-03 15:53:11.724768+00:00",
    "action_flag": 3,
    "change_message": ""
  }
},
{
  "model": "admin.logentry",
  "pk": 423,
  "fields": {
    "action_time": "2021-10-04T02:23:49.912Z",
    "user": 1,
    "content_type": 38,
    "object_id": "170",
    "object_repr": "Aprendiendo Django-Roaldys-2021-10-03 15:52:40.907160+00:00",
    "action_flag": 3,
    "change_message": ""
  }
},
{
  "model": "admin.logentry",
  "pk": 424,
  "fields": {
    "action_time": "2021-10-04T02:23:49.921Z",
    "user": 1,
    "content_type": 38,
    "object_id": "169",
    "object_repr": "Aprendiendo Django-Roaldys-2021-10-03 15:50:42.067575+00:00",
    "action_flag": 3,
    "change_message": ""
  }
},
{
  "model": "admin.logentry",
  "pk": 425,
  "fields": {
    "action_time": "2021-10-04T02:23:49.930Z",
    "user": 1,
    "content_type": 38,
    "object_id": "168",
    "object_repr": "Aprendiendo Django-Roaldys-2021-10-03 15:44:40.475347+00:00",
    "action_flag": 3,
    "change_message": ""
  }
},
{
  "model": "admin.logentry",
  "pk": 426,
  "fields": {
    "action_time": "2021-10-04T02:23:49.940Z",
    "user": 1,
    "content_type": 38,
    "object_id": "167",
    "object_repr": "Aprendiendo Django-Roaldys-2021-10-03 15:42:24.302615+00:00",
    "action_flag": 3,
    "change_message": ""
  }
},
{
  "model": "admin.logentry",
  "pk": 427,
  "fields": {
    "action_time": "2021-10-04T02:23:49.949Z",
    "user": 1,
    "content_type": 38,
    "object_id": "166",
    "object_repr": "Aprendiendo Django-Roaldys-2021-10-03 15:36:21.949093+00:00",
    "action_flag": 3,
    "change_message": ""
  }
},
{
  "model": "admin.logentry",
  "pk": 428,
  "fields": {
    "action_time": "2021-10-04T02:23:49.958Z",
    "user": 1,
    "content_type": 38,
    "object_id": "165",
    "object_repr": "Aprendiendo Django-Roaldys-2021-10-03 15:33:56.593969+00:00",
    "action_flag": 3,
    "change_message": ""
  }
},
{
  "model": "admin.logentry",
  "pk": 429,
  "fields": {
    "action_time": "2021-10-04T02:23:49.967Z",
    "user": 1,
    "content_type": 38,
    "object_id": "164",
    "object_repr": "Aprendiendo Django-Roaldys-2021-10-03 14:29:03.153761+00:00",
    "action_flag": 3,
    "change_message": ""
  }
},
{
  "model": "admin.logentry",
  "pk": 430,
  "fields": {
    "action_time": "2021-10-04T02:23:49.977Z",
    "user": 1,
    "content_type": 38,
    "object_id": "163",
    "object_repr": "Aprendiendo Django-Roaldys-2021-10-03 14:28:35.411179+00:00",
    "action_flag": 3,
    "change_message": ""
  }
},
{
  "model": "admin.logentry",
  "pk": 431,
  "fields": {
    "action_time": "2021-10-04T02:23:49.989Z",
    "user": 1,
    "content_type": 38,
    "object_id": "162",
    "object_repr": "Aprendiendo Django-Roaldys-2021-10-03 14:21:21.897409+00:00",
    "action_flag": 3,
    "change_message": ""
  }
},
{
  "model": "admin.logentry",
  "pk": 432,
  "fields": {
    "action_time": "2021-10-04T02:23:50.016Z",
    "user": 1,
    "content_type": 38,
    "object_id": "161",
    "object_repr": "Aprendiendo Django-Roaldys-2021-10-03 14:21:14.246586+00:00",
    "action_flag": 3,
    "change_message": ""
  }
},
{
  "model": "admin.logentry",
  "pk": 433,
  "fields": {
    "action_time": "2021-10-04T02:23:50.026Z",
    "user": 1,
    "content_type": 38,
    "object_id": "160",
    "object_repr": "Aprendiendo Django-Roaldys-2021-10-03 14:20:54.513665+00:00",
    "action_flag": 3,
    "change_message": ""
  }
},
{
  "model": "admin.logentry",
  "pk": 434,
  "fields": {
    "action_time": "2021-10-04T02:23:50.035Z",
    "user": 1,
    "content_type": 38,
    "object_id": "159",
    "object_repr": "Aprendiendo Django-Peter-2021-10-03 14:17:56.863067+00:00",
    "action_flag": 3,
    "change_message": ""
  }
},
{
  "model": "admin.logentry",
  "pk": 435,
  "fields": {
    "action_time": "2021-10-04T02:23:50.044Z",
    "user": 1,
    "content_type": 38,
    "object_id": "158",
    "object_repr": "Aprendiendo Django-Roaldys-2021-10-03 14:17:51.514953+00:00",
    "action_flag": 3,
    "change_message": ""
  }
},
{
  "model": "admin.logentry",
  "pk": 436,
  "fields": {
    "action_time": "2021-10-04T02:23:50.054Z",
    "user": 1,
    "content_type": 38,
    "object_id": "157",
    "object_repr": "Aprendiendo Django-Peter-2021-10-03 14:17:45.449775+00:00",
    "action_flag": 3,
    "change_message": ""
  }
},
{
  "model": "admin.logentry",
  "pk": 437,
  "fields": {
    "action_time": "2021-10-04T02:23:50.063Z",
    "user": 1,
    "content_type": 38,
    "object_id": "156",
    "object_repr": "Aprendiendo Django-Peter-2021-10-03 14:16:37.970068+00:00",
    "action_flag": 3,
    "change_message": ""
  }
},
{
  "model": "admin.logentry",
  "pk": 438,
  "fields": {
    "action_time": "2021-10-04T02:23:50.074Z",
    "user": 1,
    "content_type": 38,
    "object_id": "155",
    "object_repr": "Aprendiendo Django-Roaldys-2021-10-03 14:16:22.633593+00:00",
    "action_flag": 3,
    "change_message": ""
  }
},
{
  "model": "admin.logentry",
  "pk": 439,
  "fields": {
    "action_time": "2021-10-04T02:23:50.083Z",
    "user": 1,
    "content_type": 38,
    "object_id": "154",
    "object_repr": "Aprendiendo Django-Roaldys-2021-10-03 05:39:37.571271+00:00",
    "action_flag": 3,
    "change_message": ""
  }
},
{
  "model": "admin.logentry",
  "pk": 440,
  "fields": {
    "action_time": "2021-10-04T02:23:50.094Z",
    "user": 1,
    "content_type": 38,
    "object_id": "153",
    "object_repr": "Aprendiendo Django-Peter-2021-10-03 05:39:27.212853+00:00",
    "action_flag": 3,
    "change_message": ""
  }
},
{
  "model": "admin.logentry",
  "pk": 441,
  "fields": {
    "action_time": "2021-10-04T02:23:50.135Z",
    "user": 1,
    "content_type": 38,
    "object_id": "152",
    "object_repr": "Aprendiendo Django-Peter-2021-10-03 05:37:19.615034+00:00",
    "action_flag": 3,
    "change_message": ""
  }
},
{
  "model": "admin.logentry",
  "pk": 442,
  "fields": {
    "action_time": "2021-10-04T02:23:50.150Z",
    "user": 1,
    "content_type": 38,
    "object_id": "151",
    "object_repr": "Aprendiendo Django-Roaldys-2021-10-03 05:37:08.795246+00:00",
    "action_flag": 3,
    "change_message": ""
  }
},
{
  "model": "admin.logentry",
  "pk": 443,
  "fields": {
    "action_time": "2021-10-04T02:23:50.167Z",
    "user": 1,
    "content_type": 38,
    "object_id": "150",
    "object_repr": "Aprendiendo Django-Roaldys-2021-10-03 05:36:47.278424+00:00",
    "action_flag": 3,
    "change_message": ""
  }
},
{
  "model": "admin.logentry",
  "pk": 444,
  "fields": {
    "action_time": "2021-10-04T02:23:50.184Z",
    "user": 1,
    "content_type": 38,
    "object_id": "149",
    "object_repr": "Aprendiendo Django-Roaldys-2021-10-03 05:08:15.463799+00:00",
    "action_flag": 3,
    "change_message": ""
  }
},
{
  "model": "admin.logentry",
  "pk": 445,
  "fields": {
    "action_time": "2021-10-04T02:23:50.197Z",
    "user": 1,
    "content_type": 38,
    "object_id": "148",
    "object_repr": "Aprendiendo Django-Roaldys-2021-10-03 05:06:06.347698+00:00",
    "action_flag": 3,
    "change_message": ""
  }
},
{
  "model": "admin.logentry",
  "pk": 446,
  "fields": {
    "action_time": "2021-10-04T02:23:50.208Z",
    "user": 1,
    "content_type": 38,
    "object_id": "147",
    "object_repr": "Aprendiendo Django-Peter-2021-10-03 05:04:23.581927+00:00",
    "action_flag": 3,
    "change_message": ""
  }
},
{
  "model": "admin.logentry",
  "pk": 447,
  "fields": {
    "action_time": "2021-10-04T02:23:50.218Z",
    "user": 1,
    "content_type": 38,
    "object_id": "146",
    "object_repr": "Aprendiendo Django-Roaldys-2021-10-03 05:03:24.637387+00:00",
    "action_flag": 3,
    "change_message": ""
  }
},
{
  "model": "admin.logentry",
  "pk": 448,
  "fields": {
    "action_time": "2021-10-04T02:23:50.228Z",
    "user": 1,
    "content_type": 38,
    "object_id": "145",
    "object_repr": "Aprendiendo Django-Roaldys-2021-10-03 05:02:53.974207+00:00",
    "action_flag": 3,
    "change_message": ""
  }
},
{
  "model": "admin.logentry",
  "pk": 449,
  "fields": {
    "action_time": "2021-10-04T02:23:50.238Z",
    "user": 1,
    "content_type": 38,
    "object_id": "144",
    "object_repr": "Aprendiendo Django-Roaldys-2021-10-03 04:38:05.386399+00:00",
    "action_flag": 3,
    "change_message": ""
  }
},
{
  "model": "admin.logentry",
  "pk": 450,
  "fields": {
    "action_time": "2021-10-04T02:23:50.247Z",
    "user": 1,
    "content_type": 38,
    "object_id": "143",
    "object_repr": "Aprendiendo Django-Roaldys-2021-10-03 04:37:53.741236+00:00",
    "action_flag": 3,
    "change_message": ""
  }
},
{
  "model": "admin.logentry",
  "pk": 451,
  "fields": {
    "action_time": "2021-10-04T02:23:50.258Z",
    "user": 1,
    "content_type": 38,
    "object_id": "142",
    "object_repr": "Aprendiendo Django-Roaldys-2021-10-03 04:37:44.099491+00:00",
    "action_flag": 3,
    "change_message": ""
  }
},
{
  "model": "admin.logentry",
  "pk": 452,
  "fields": {
    "action_time": "2021-10-04T02:23:50.271Z",
    "user": 1,
    "content_type": 38,
    "object_id": "141",
    "object_repr": "Aprendiendo Django-Roaldys-2021-10-03 04:37:19.393301+00:00",
    "action_flag": 3,
    "change_message": ""
  }
},
{
  "model": "admin.logentry",
  "pk": 453,
  "fields": {
    "action_time": "2021-10-04T02:23:50.282Z",
    "user": 1,
    "content_type": 38,
    "object_id": "140",
    "object_repr": "Aprendiendo Django-Roaldys-2021-10-03 04:37:05.766914+00:00",
    "action_flag": 3,
    "change_message": ""
  }
},
{
  "model": "admin.logentry",
  "pk": 454,
  "fields": {
    "action_time": "2021-10-04T02:23:50.293Z",
    "user": 1,
    "content_type": 38,
    "object_id": "139",
    "object_repr": "Aprendiendo Django-Roaldys-2021-10-03 04:36:54.080977+00:00",
    "action_flag": 3,
    "change_message": ""
  }
},
{
  "model": "admin.logentry",
  "pk": 455,
  "fields": {
    "action_time": "2021-10-04T02:23:50.303Z",
    "user": 1,
    "content_type": 38,
    "object_id": "138",
    "object_repr": "Aprendiendo Django-Roaldys-2021-10-03 04:36:23.127921+00:00",
    "action_flag": 3,
    "change_message": ""
  }
},
{
  "model": "admin.logentry",
  "pk": 456,
  "fields": {
    "action_time": "2021-10-04T02:23:50.313Z",
    "user": 1,
    "content_type": 38,
    "object_id": "137",
    "object_repr": "Aprendiendo Django-Roaldys-2021-10-03 04:36:21.459866+00:00",
    "action_flag": 3,
    "change_message": ""
  }
},
{
  "model": "admin.logentry",
  "pk": 457,
  "fields": {
    "action_time": "2021-10-04T02:23:50.323Z",
    "user": 1,
    "content_type": 38,
    "object_id": "136",
    "object_repr": "Aprendiendo Django-Roaldys-2021-10-03 04:35:14.715361+00:00",
    "action_flag": 3,
    "change_message": ""
  }
},
{
  "model": "admin.logentry",
  "pk": 458,
  "fields": {
    "action_time": "2021-10-04T02:23:50.334Z",
    "user": 1,
    "content_type": 38,
    "object_id": "135",
    "object_repr": "Aprendiendo Django-Roaldys-2021-10-03 04:35:02.196726+00:00",
    "action_flag": 3,
    "change_message": ""
  }
},
{
  "model": "admin.logentry",
  "pk": 459,
  "fields": {
    "action_time": "2021-10-04T02:23:50.344Z",
    "user": 1,
    "content_type": 38,
    "object_id": "134",
    "object_repr": "Aprendiendo Django-Roaldys-2021-10-03 04:31:21.131913+00:00",
    "action_flag": 3,
    "change_message": ""
  }
},
{
  "model": "admin.logentry",
  "pk": 460,
  "fields": {
    "action_time": "2021-10-04T02:24:00.419Z",
    "user": 1,
    "content_type": 38,
    "object_id": "133",
    "object_repr": "Aprendiendo Django-Roaldys-2021-10-03 04:30:52.214795+00:00",
    "action_flag": 3,
    "change_message": ""
  }
},
{
  "model": "admin.logentry",
  "pk": 461,
  "fields": {
    "action_time": "2021-10-04T02:24:00.433Z",
    "user": 1,
    "content_type": 38,
    "object_id": "132",
    "object_repr": "Aprendiendo Django-Roaldys-2021-10-03 04:28:37.400779+00:00",
    "action_flag": 3,
    "change_message": ""
  }
},
{
  "model": "admin.logentry",
  "pk": 462,
  "fields": {
    "action_time": "2021-10-04T02:24:00.445Z",
    "user": 1,
    "content_type": 38,
    "object_id": "131",
    "object_repr": "Aprendiendo Django-Roaldys-2021-10-03 04:24:12.442521+00:00",
    "action_flag": 3,
    "change_message": ""
  }
},
{
  "model": "admin.logentry",
  "pk": 463,
  "fields": {
    "action_time": "2021-10-04T02:24:00.454Z",
    "user": 1,
    "content_type": 38,
    "object_id": "130",
    "object_repr": "Aprendiendo Django-Roaldys-2021-10-03 04:24:02.332262+00:00",
    "action_flag": 3,
    "change_message": ""
  }
},
{
  "model": "admin.logentry",
  "pk": 464,
  "fields": {
    "action_time": "2021-10-04T02:24:00.465Z",
    "user": 1,
    "content_type": 38,
    "object_id": "129",
    "object_repr": "Aprendiendo Django-Roaldys-2021-10-03 04:23:55.577710+00:00",
    "action_flag": 3,
    "change_message": ""
  }
},
{
  "model": "admin.logentry",
  "pk": 465,
  "fields": {
    "action_time": "2021-10-04T02:24:00.479Z",
    "user": 1,
    "content_type": 38,
    "object_id": "128",
    "object_repr": "Aprendiendo Django-Roaldys-2021-10-03 04:23:50.226854+00:00",
    "action_flag": 3,
    "change_message": ""
  }
},
{
  "model": "admin.logentry",
  "pk": 466,
  "fields": {
    "action_time": "2021-10-04T02:24:00.495Z",
    "user": 1,
    "content_type": 38,
    "object_id": "127",
    "object_repr": "Aprendiendo Django-Roaldys-2021-10-03 04:22:18.582951+00:00",
    "action_flag": 3,
    "change_message": ""
  }
},
{
  "model": "admin.logentry",
  "pk": 467,
  "fields": {
    "action_time": "2021-10-04T02:24:00.508Z",
    "user": 1,
    "content_type": 38,
    "object_id": "126",
    "object_repr": "Aprendiendo Django-Roaldys-2021-10-03 04:21:24.620686+00:00",
    "action_flag": 3,
    "change_message": ""
  }
},
{
  "model": "admin.logentry",
  "pk": 468,
  "fields": {
    "action_time": "2021-10-04T02:24:00.544Z",
    "user": 1,
    "content_type": 38,
    "object_id": "125",
    "object_repr": "Aprendiendo Django-Roaldys-2021-10-03 04:20:25.944991+00:00",
    "action_flag": 3,
    "change_message": ""
  }
},
{
  "model": "admin.logentry",
  "pk": 469,
  "fields": {
    "action_time": "2021-10-04T02:24:00.553Z",
    "user": 1,
    "content_type": 38,
    "object_id": "124",
    "object_repr": "Aprendiendo Django-Roaldys-2021-10-03 04:20:21.526263+00:00",
    "action_flag": 3,
    "change_message": ""
  }
},
{
  "model": "admin.logentry",
  "pk": 470,
  "fields": {
    "action_time": "2021-10-04T02:24:00.562Z",
    "user": 1,
    "content_type": 38,
    "object_id": "123",
    "object_repr": "Aprendiendo Django-Roaldys-2021-10-03 04:20:18.195455+00:00",
    "action_flag": 3,
    "change_message": ""
  }
},
{
  "model": "admin.logentry",
  "pk": 471,
  "fields": {
    "action_time": "2021-10-04T02:24:00.573Z",
    "user": 1,
    "content_type": 38,
    "object_id": "122",
    "object_repr": "Aprendiendo Django-Roaldys-2021-10-03 04:20:15.337719+00:00",
    "action_flag": 3,
    "change_message": ""
  }
},
{
  "model": "admin.logentry",
  "pk": 472,
  "fields": {
    "action_time": "2021-10-04T02:24:00.582Z",
    "user": 1,
    "content_type": 38,
    "object_id": "121",
    "object_repr": "Aprendiendo Django-Roaldys-2021-10-03 04:20:11.182329+00:00",
    "action_flag": 3,
    "change_message": ""
  }
},
{
  "model": "admin.logentry",
  "pk": 473,
  "fields": {
    "action_time": "2021-10-04T02:24:00.594Z",
    "user": 1,
    "content_type": 38,
    "object_id": "120",
    "object_repr": "Aprendiendo Django-Roaldys-2021-10-03 04:20:03.290691+00:00",
    "action_flag": 3,
    "change_message": ""
  }
},
{
  "model": "admin.logentry",
  "pk": 474,
  "fields": {
    "action_time": "2021-10-04T02:24:00.605Z",
    "user": 1,
    "content_type": 38,
    "object_id": "119",
    "object_repr": "Aprendiendo Django-Roaldys-2021-10-03 04:19:53.192244+00:00",
    "action_flag": 3,
    "change_message": ""
  }
},
{
  "model": "admin.logentry",
  "pk": 475,
  "fields": {
    "action_time": "2021-10-04T02:24:00.616Z",
    "user": 1,
    "content_type": 38,
    "object_id": "118",
    "object_repr": "Aprendiendo Django-Roaldys-2021-10-03 04:19:45.500851+00:00",
    "action_flag": 3,
    "change_message": ""
  }
},
{
  "model": "admin.logentry",
  "pk": 476,
  "fields": {
    "action_time": "2021-10-04T02:24:00.646Z",
    "user": 1,
    "content_type": 38,
    "object_id": "117",
    "object_repr": "Aprendiendo Django-Roaldys-2021-10-03 04:19:40.725151+00:00",
    "action_flag": 3,
    "change_message": ""
  }
},
{
  "model": "admin.logentry",
  "pk": 477,
  "fields": {
    "action_time": "2021-10-04T02:24:00.654Z",
    "user": 1,
    "content_type": 38,
    "object_id": "116",
    "object_repr": "Aprendiendo Django-Roaldys-2021-10-03 04:19:34.222180+00:00",
    "action_flag": 3,
    "change_message": ""
  }
},
{
  "model": "admin.logentry",
  "pk": 478,
  "fields": {
    "action_time": "2021-10-04T02:24:00.664Z",
    "user": 1,
    "content_type": 38,
    "object_id": "115",
    "object_repr": "Aprendiendo Django-Roaldys-2021-10-03 04:19:14.013110+00:00",
    "action_flag": 3,
    "change_message": ""
  }
},
{
  "model": "admin.logentry",
  "pk": 479,
  "fields": {
    "action_time": "2021-10-04T02:24:00.672Z",
    "user": 1,
    "content_type": 38,
    "object_id": "114",
    "object_repr": "Aprendiendo Django-Roaldys-2021-10-03 04:19:10.573056+00:00",
    "action_flag": 3,
    "change_message": ""
  }
},
{
  "model": "admin.logentry",
  "pk": 480,
  "fields": {
    "action_time": "2021-10-04T02:24:00.682Z",
    "user": 1,
    "content_type": 38,
    "object_id": "113",
    "object_repr": "Aprendiendo Django-Roaldys-2021-10-03 04:18:51.305206+00:00",
    "action_flag": 3,
    "change_message": ""
  }
},
{
  "model": "admin.logentry",
  "pk": 481,
  "fields": {
    "action_time": "2021-10-04T02:24:00.693Z",
    "user": 1,
    "content_type": 38,
    "object_id": "112",
    "object_repr": "Aprendiendo Django-Roaldys-2021-10-03 04:18:40.910713+00:00",
    "action_flag": 3,
    "change_message": ""
  }
},
{
  "model": "admin.logentry",
  "pk": 482,
  "fields": {
    "action_time": "2021-10-04T02:24:00.702Z",
    "user": 1,
    "content_type": 38,
    "object_id": "111",
    "object_repr": "Aprendiendo Django-Roaldys-2021-10-03 04:18:37.336135+00:00",
    "action_flag": 3,
    "change_message": ""
  }
},
{
  "model": "admin.logentry",
  "pk": 483,
  "fields": {
    "action_time": "2021-10-04T02:24:00.710Z",
    "user": 1,
    "content_type": 38,
    "object_id": "110",
    "object_repr": "Aprendiendo Django-Roaldys-2021-10-03 04:18:34.386424+00:00",
    "action_flag": 3,
    "change_message": ""
  }
},
{
  "model": "admin.logentry",
  "pk": 484,
  "fields": {
    "action_time": "2021-10-04T02:24:00.718Z",
    "user": 1,
    "content_type": 38,
    "object_id": "109",
    "object_repr": "Aprendiendo Django-Roaldys-2021-10-03 04:18:31.231309+00:00",
    "action_flag": 3,
    "change_message": ""
  }
},
{
  "model": "admin.logentry",
  "pk": 485,
  "fields": {
    "action_time": "2021-10-04T02:24:00.726Z",
    "user": 1,
    "content_type": 38,
    "object_id": "108",
    "object_repr": "Aprendiendo Django-Roaldys-2021-10-03 04:17:33.675564+00:00",
    "action_flag": 3,
    "change_message": ""
  }
},
{
  "model": "admin.logentry",
  "pk": 486,
  "fields": {
    "action_time": "2021-10-04T02:24:00.735Z",
    "user": 1,
    "content_type": 38,
    "object_id": "107",
    "object_repr": "Aprendiendo Django-Roaldys-2021-10-03 04:12:09.814735+00:00",
    "action_flag": 3,
    "change_message": ""
  }
},
{
  "model": "admin.logentry",
  "pk": 487,
  "fields": {
    "action_time": "2021-10-04T02:24:00.743Z",
    "user": 1,
    "content_type": 38,
    "object_id": "106",
    "object_repr": "Aprendiendo Django-Peter-2021-10-03 04:08:34.417105+00:00",
    "action_flag": 3,
    "change_message": ""
  }
},
{
  "model": "admin.logentry",
  "pk": 488,
  "fields": {
    "action_time": "2021-10-04T02:24:00.751Z",
    "user": 1,
    "content_type": 38,
    "object_id": "105",
    "object_repr": "Aprendiendo Django-Roaldys-2021-10-03 04:07:37.497297+00:00",
    "action_flag": 3,
    "change_message": ""
  }
},
{
  "model": "admin.logentry",
  "pk": 489,
  "fields": {
    "action_time": "2021-10-04T02:24:00.761Z",
    "user": 1,
    "content_type": 38,
    "object_id": "104",
    "object_repr": "Aprendiendo Django-Roaldys-2021-10-03 04:06:36.900482+00:00",
    "action_flag": 3,
    "change_message": ""
  }
},
{
  "model": "admin.logentry",
  "pk": 490,
  "fields": {
    "action_time": "2021-10-04T02:24:00.770Z",
    "user": 1,
    "content_type": 38,
    "object_id": "103",
    "object_repr": "Aprendiendo Django-Peter-2021-10-03 04:06:17.997484+00:00",
    "action_flag": 3,
    "change_message": ""
  }
},
{
  "model": "admin.logentry",
  "pk": 491,
  "fields": {
    "action_time": "2021-10-04T02:24:00.783Z",
    "user": 1,
    "content_type": 38,
    "object_id": "102",
    "object_repr": "Aprendiendo Django-Roaldys-2021-10-03 04:05:21.727776+00:00",
    "action_flag": 3,
    "change_message": ""
  }
},
{
  "model": "admin.logentry",
  "pk": 492,
  "fields": {
    "action_time": "2021-10-04T02:24:00.794Z",
    "user": 1,
    "content_type": 38,
    "object_id": "101",
    "object_repr": "Aprendiendo Django-Roaldys-2021-10-03 04:03:43.096246+00:00",
    "action_flag": 3,
    "change_message": ""
  }
},
{
  "model": "admin.logentry",
  "pk": 493,
  "fields": {
    "action_time": "2021-10-04T02:24:00.803Z",
    "user": 1,
    "content_type": 38,
    "object_id": "100",
    "object_repr": "Aprendiendo Django-Roaldys-2021-10-03 04:03:24.859862+00:00",
    "action_flag": 3,
    "change_message": ""
  }
},
{
  "model": "admin.logentry",
  "pk": 494,
  "fields": {
    "action_time": "2021-10-04T02:24:00.812Z",
    "user": 1,
    "content_type": 38,
    "object_id": "99",
    "object_repr": "Aprendiendo Django-Peter-2021-10-03 04:02:51.252823+00:00",
    "action_flag": 3,
    "change_message": ""
  }
},
{
  "model": "admin.logentry",
  "pk": 495,
  "fields": {
    "action_time": "2021-10-04T02:24:00.821Z",
    "user": 1,
    "content_type": 38,
    "object_id": "98",
    "object_repr": "Aprendiendo Django-Roaldys-2021-10-03 04:02:32.026803+00:00",
    "action_flag": 3,
    "change_message": ""
  }
},
{
  "model": "admin.logentry",
  "pk": 496,
  "fields": {
    "action_time": "2021-10-04T02:24:00.832Z",
    "user": 1,
    "content_type": 38,
    "object_id": "97",
    "object_repr": "Aprendiendo Django-Roaldys-2021-10-03 03:59:54.313276+00:00",
    "action_flag": 3,
    "change_message": ""
  }
},
{
  "model": "admin.logentry",
  "pk": 497,
  "fields": {
    "action_time": "2021-10-04T02:24:00.841Z",
    "user": 1,
    "content_type": 38,
    "object_id": "96",
    "object_repr": "Aprendiendo Django-Roaldys-2021-10-03 03:56:44.107745+00:00",
    "action_flag": 3,
    "change_message": ""
  }
},
{
  "model": "admin.logentry",
  "pk": 498,
  "fields": {
    "action_time": "2021-10-04T02:24:00.850Z",
    "user": 1,
    "content_type": 38,
    "object_id": "95",
    "object_repr": "Aprendiendo Django-Roaldys-2021-10-03 03:54:24.051929+00:00",
    "action_flag": 3,
    "change_message": ""
  }
},
{
  "model": "admin.logentry",
  "pk": 499,
  "fields": {
    "action_time": "2021-10-04T02:24:00.860Z",
    "user": 1,
    "content_type": 38,
    "object_id": "94",
    "object_repr": "Aprendiendo Django-Roaldys-2021-10-03 03:52:51.548206+00:00",
    "action_flag": 3,
    "change_message": ""
  }
},
{
  "model": "admin.logentry",
  "pk": 500,
  "fields": {
    "action_time": "2021-10-04T02:24:00.869Z",
    "user": 1,
    "content_type": 38,
    "object_id": "93",
    "object_repr": "Aprendiendo Django-Roaldys-2021-10-03 03:50:42.020682+00:00",
    "action_flag": 3,
    "change_message": ""
  }
},
{
  "model": "admin.logentry",
  "pk": 501,
  "fields": {
    "action_time": "2021-10-04T02:24:00.879Z",
    "user": 1,
    "content_type": 38,
    "object_id": "92",
    "object_repr": "Aprendiendo Django-Roaldys-2021-10-03 03:42:23.892824+00:00",
    "action_flag": 3,
    "change_message": ""
  }
},
{
  "model": "admin.logentry",
  "pk": 502,
  "fields": {
    "action_time": "2021-10-04T02:24:00.889Z",
    "user": 1,
    "content_type": 38,
    "object_id": "91",
    "object_repr": "Aprendiendo Django-Roaldys-2021-10-03 03:40:28.953922+00:00",
    "action_flag": 3,
    "change_message": ""
  }
},
{
  "model": "admin.logentry",
  "pk": 503,
  "fields": {
    "action_time": "2021-10-04T02:24:00.898Z",
    "user": 1,
    "content_type": 38,
    "object_id": "90",
    "object_repr": "Aprendiendo Django-Roaldys-2021-10-02 23:53:49.637129+00:00",
    "action_flag": 3,
    "change_message": ""
  }
},
{
  "model": "admin.logentry",
  "pk": 504,
  "fields": {
    "action_time": "2021-10-04T02:24:00.906Z",
    "user": 1,
    "content_type": 38,
    "object_id": "89",
    "object_repr": "Aprendiendo Django-Roaldys-2021-10-02 23:53:38.145277+00:00",
    "action_flag": 3,
    "change_message": ""
  }
},
{
  "model": "admin.logentry",
  "pk": 505,
  "fields": {
    "action_time": "2021-10-04T02:24:00.916Z",
    "user": 1,
    "content_type": 38,
    "object_id": "88",
    "object_repr": "Aprendiendo Django-Roaldys-2021-10-02 23:03:03.878270+00:00",
    "action_flag": 3,
    "change_message": ""
  }
},
{
  "model": "admin.logentry",
  "pk": 506,
  "fields": {
    "action_time": "2021-10-04T02:24:00.927Z",
    "user": 1,
    "content_type": 38,
    "object_id": "87",
    "object_repr": "Aprendiendo Django-Roaldys-2021-10-02 22:56:17.039522+00:00",
    "action_flag": 3,
    "change_message": ""
  }
},
{
  "model": "admin.logentry",
  "pk": 507,
  "fields": {
    "action_time": "2021-10-04T02:24:00.936Z",
    "user": 1,
    "content_type": 38,
    "object_id": "86",
    "object_repr": "Aprendiendo Django-Roaldys-2021-10-02 22:47:51.572229+00:00",
    "action_flag": 3,
    "change_message": ""
  }
},
{
  "model": "admin.logentry",
  "pk": 508,
  "fields": {
    "action_time": "2021-10-04T02:24:00.944Z",
    "user": 1,
    "content_type": 38,
    "object_id": "85",
    "object_repr": "Aprendiendo Django-Roaldys-2021-10-02 22:26:03.721372+00:00",
    "action_flag": 3,
    "change_message": ""
  }
},
{
  "model": "admin.logentry",
  "pk": 509,
  "fields": {
    "action_time": "2021-10-04T02:24:00.952Z",
    "user": 1,
    "content_type": 38,
    "object_id": "84",
    "object_repr": "Aprendiendo Django-Roaldys-2021-10-02 22:01:47.006454+00:00",
    "action_flag": 3,
    "change_message": ""
  }
},
{
  "model": "admin.logentry",
  "pk": 510,
  "fields": {
    "action_time": "2021-10-04T02:24:00.962Z",
    "user": 1,
    "content_type": 38,
    "object_id": "83",
    "object_repr": "Aprendiendo Django-Peter-2021-10-02 22:01:11.885044+00:00",
    "action_flag": 3,
    "change_message": ""
  }
},
{
  "model": "admin.logentry",
  "pk": 511,
  "fields": {
    "action_time": "2021-10-04T02:24:00.971Z",
    "user": 1,
    "content_type": 38,
    "object_id": "81",
    "object_repr": "Aprendiendo Django-Peter-2021-09-25 04:24:17.112373+00:00",
    "action_flag": 3,
    "change_message": ""
  }
},
{
  "model": "admin.logentry",
  "pk": 512,
  "fields": {
    "action_time": "2021-10-04T02:24:00.983Z",
    "user": 1,
    "content_type": 38,
    "object_id": "80",
    "object_repr": "Aprendiendo Django-Peter-2021-09-25 04:24:21.946073+00:00",
    "action_flag": 3,
    "change_message": ""
  }
},
{
  "model": "admin.logentry",
  "pk": 513,
  "fields": {
    "action_time": "2021-10-04T02:24:00.992Z",
    "user": 1,
    "content_type": 38,
    "object_id": "79",
    "object_repr": "Todo sobre ecured-Peter-2021-09-25 04:24:26.489609+00:00",
    "action_flag": 3,
    "change_message": ""
  }
},
{
  "model": "admin.logentry",
  "pk": 514,
  "fields": {
    "action_time": "2021-10-04T02:24:01.002Z",
    "user": 1,
    "content_type": 38,
    "object_id": "78",
    "object_repr": "Todo sobre ecured-Peter-2021-09-25 04:24:32.460656+00:00",
    "action_flag": 3,
    "change_message": ""
  }
},
{
  "model": "admin.logentry",
  "pk": 515,
  "fields": {
    "action_time": "2021-10-04T02:24:01.013Z",
    "user": 1,
    "content_type": 38,
    "object_id": "76",
    "object_repr": "Todo sobre ecured-Peter-2021-09-24 23:49:24.983745+00:00",
    "action_flag": 3,
    "change_message": ""
  }
},
{
  "model": "admin.logentry",
  "pk": 516,
  "fields": {
    "action_time": "2021-10-04T02:24:01.023Z",
    "user": 1,
    "content_type": 38,
    "object_id": "75",
    "object_repr": "Operador de micro computadora-Peter-2021-09-23 19:49:27.557021+00:00",
    "action_flag": 3,
    "change_message": ""
  }
},
{
  "model": "admin.logentry",
  "pk": 517,
  "fields": {
    "action_time": "2021-10-04T02:24:01.037Z",
    "user": 1,
    "content_type": 38,
    "object_id": "74",
    "object_repr": "Operador de micro computadora-Roaldys-2021-09-23 11:08:54.921887+00:00",
    "action_flag": 3,
    "change_message": ""
  }
},
{
  "model": "admin.logentry",
  "pk": 518,
  "fields": {
    "action_time": "2021-10-04T02:24:01.049Z",
    "user": 1,
    "content_type": 38,
    "object_id": "73",
    "object_repr": "Aprendiendo Django-Roaldys-2021-09-23 10:51:08.893223+00:00",
    "action_flag": 3,
    "change_message": ""
  }
},
{
  "model": "admin.logentry",
  "pk": 519,
  "fields": {
    "action_time": "2021-10-04T02:52:02.343Z",
    "user": 1,
    "content_type": 38,
    "object_id": "241",
    "object_repr": "Aprendiendo Django-Roaldys-2021-10-04 02:50:35.622388+00:00",
    "action_flag": 3,
    "change_message": ""
  }
},
{
  "model": "admin.logentry",
  "pk": 520,
  "fields": {
    "action_time": "2021-10-04T02:52:02.358Z",
    "user": 1,
    "content_type": 38,
    "object_id": "240",
    "object_repr": "Aprendiendo Django-Roaldys-2021-10-04 02:50:27.678314+00:00",
    "action_flag": 3,
    "change_message": ""
  }
},
{
  "model": "admin.logentry",
  "pk": 521,
  "fields": {
    "action_time": "2021-10-04T02:52:02.368Z",
    "user": 1,
    "content_type": 38,
    "object_id": "239",
    "object_repr": "Aprendiendo Django-Roaldys-2021-10-04 02:50:03.194429+00:00",
    "action_flag": 3,
    "change_message": ""
  }
},
{
  "model": "admin.logentry",
  "pk": 522,
  "fields": {
    "action_time": "2021-10-04T02:52:02.377Z",
    "user": 1,
    "content_type": 38,
    "object_id": "238",
    "object_repr": "Aprendiendo Django-Peter-2021-10-04 02:49:38.082539+00:00",
    "action_flag": 3,
    "change_message": ""
  }
},
{
  "model": "admin.logentry",
  "pk": 523,
  "fields": {
    "action_time": "2021-10-04T02:52:02.385Z",
    "user": 1,
    "content_type": 38,
    "object_id": "237",
    "object_repr": "Aprendiendo Django-Peter-2021-10-04 02:44:08.189186+00:00",
    "action_flag": 3,
    "change_message": ""
  }
},
{
  "model": "admin.logentry",
  "pk": 524,
  "fields": {
    "action_time": "2021-10-04T02:52:02.396Z",
    "user": 1,
    "content_type": 38,
    "object_id": "236",
    "object_repr": "Aprendiendo Django-Roaldys-2021-10-04 02:43:17.157403+00:00",
    "action_flag": 3,
    "change_message": ""
  }
},
{
  "model": "admin.logentry",
  "pk": 525,
  "fields": {
    "action_time": "2021-10-04T02:52:02.407Z",
    "user": 1,
    "content_type": 38,
    "object_id": "235",
    "object_repr": "Aprendiendo Django-Roaldys-2021-10-04 02:42:29.921156+00:00",
    "action_flag": 3,
    "change_message": ""
  }
},
{
  "model": "admin.logentry",
  "pk": 526,
  "fields": {
    "action_time": "2021-10-04T02:52:02.418Z",
    "user": 1,
    "content_type": 38,
    "object_id": "234",
    "object_repr": "Aprendiendo Django-Roaldys-2021-10-04 02:39:07.250718+00:00",
    "action_flag": 3,
    "change_message": ""
  }
},
{
  "model": "admin.logentry",
  "pk": 527,
  "fields": {
    "action_time": "2021-10-04T03:57:42.040Z",
    "user": 1,
    "content_type": 38,
    "object_id": "260",
    "object_repr": "Aprendiendo Django-Peter-2021-10-04 03:28:21.091400+00:00",
    "action_flag": 3,
    "change_message": ""
  }
},
{
  "model": "admin.logentry",
  "pk": 528,
  "fields": {
    "action_time": "2021-10-04T03:57:42.053Z",
    "user": 1,
    "content_type": 38,
    "object_id": "259",
    "object_repr": "Aprendiendo Django-Peter-2021-10-04 03:27:57.209075+00:00",
    "action_flag": 3,
    "change_message": ""
  }
},
{
  "model": "admin.logentry",
  "pk": 529,
  "fields": {
    "action_time": "2021-10-04T03:57:42.070Z",
    "user": 1,
    "content_type": 38,
    "object_id": "258",
    "object_repr": "Aprendiendo Django-Roaldys-2021-10-04 03:23:40.982132+00:00",
    "action_flag": 3,
    "change_message": ""
  }
},
{
  "model": "admin.logentry",
  "pk": 530,
  "fields": {
    "action_time": "2021-10-04T03:57:42.085Z",
    "user": 1,
    "content_type": 38,
    "object_id": "257",
    "object_repr": "Aprendiendo Django-Roaldys-2021-10-04 03:23:22.393628+00:00",
    "action_flag": 3,
    "change_message": ""
  }
},
{
  "model": "admin.logentry",
  "pk": 531,
  "fields": {
    "action_time": "2021-10-04T03:57:42.094Z",
    "user": 1,
    "content_type": 38,
    "object_id": "256",
    "object_repr": "Aprendiendo Django-Peter-2021-10-04 03:21:09.598526+00:00",
    "action_flag": 3,
    "change_message": ""
  }
},
{
  "model": "admin.logentry",
  "pk": 532,
  "fields": {
    "action_time": "2021-10-04T03:57:42.104Z",
    "user": 1,
    "content_type": 38,
    "object_id": "255",
    "object_repr": "Aprendiendo Django-Peter-2021-10-04 03:20:54.825528+00:00",
    "action_flag": 3,
    "change_message": ""
  }
},
{
  "model": "admin.logentry",
  "pk": 533,
  "fields": {
    "action_time": "2021-10-04T03:57:42.116Z",
    "user": 1,
    "content_type": 38,
    "object_id": "254",
    "object_repr": "Aprendiendo Django-Peter-2021-10-04 03:20:40.325411+00:00",
    "action_flag": 3,
    "change_message": ""
  }
},
{
  "model": "admin.logentry",
  "pk": 534,
  "fields": {
    "action_time": "2021-10-04T03:57:42.127Z",
    "user": 1,
    "content_type": 38,
    "object_id": "253",
    "object_repr": "Aprendiendo Django-Peter-2021-10-04 03:19:50.406765+00:00",
    "action_flag": 3,
    "change_message": ""
  }
},
{
  "model": "admin.logentry",
  "pk": 535,
  "fields": {
    "action_time": "2021-10-04T03:57:42.138Z",
    "user": 1,
    "content_type": 38,
    "object_id": "252",
    "object_repr": "Aprendiendo Django-Peter-2021-10-04 03:19:29.866577+00:00",
    "action_flag": 3,
    "change_message": ""
  }
},
{
  "model": "admin.logentry",
  "pk": 536,
  "fields": {
    "action_time": "2021-10-04T03:57:42.153Z",
    "user": 1,
    "content_type": 38,
    "object_id": "251",
    "object_repr": "Aprendiendo Django-Peter-2021-10-04 03:17:15.577759+00:00",
    "action_flag": 3,
    "change_message": ""
  }
},
{
  "model": "admin.logentry",
  "pk": 537,
  "fields": {
    "action_time": "2021-10-04T03:57:42.162Z",
    "user": 1,
    "content_type": 38,
    "object_id": "250",
    "object_repr": "Aprendiendo Django-Peter-2021-10-04 03:13:25.056922+00:00",
    "action_flag": 3,
    "change_message": ""
  }
},
{
  "model": "admin.logentry",
  "pk": 538,
  "fields": {
    "action_time": "2021-10-04T03:57:42.171Z",
    "user": 1,
    "content_type": 38,
    "object_id": "249",
    "object_repr": "Aprendiendo Django-Peter-2021-10-04 03:02:50.909301+00:00",
    "action_flag": 3,
    "change_message": ""
  }
},
{
  "model": "admin.logentry",
  "pk": 539,
  "fields": {
    "action_time": "2021-10-04T03:57:42.181Z",
    "user": 1,
    "content_type": 38,
    "object_id": "248",
    "object_repr": "Aprendiendo Django-Peter-2021-10-04 03:02:29.719704+00:00",
    "action_flag": 3,
    "change_message": ""
  }
},
{
  "model": "admin.logentry",
  "pk": 540,
  "fields": {
    "action_time": "2021-10-04T03:57:42.192Z",
    "user": 1,
    "content_type": 38,
    "object_id": "247",
    "object_repr": "Aprendiendo Django-Peter-2021-10-04 02:59:35.037791+00:00",
    "action_flag": 3,
    "change_message": ""
  }
},
{
  "model": "admin.logentry",
  "pk": 541,
  "fields": {
    "action_time": "2021-10-04T03:57:42.211Z",
    "user": 1,
    "content_type": 38,
    "object_id": "246",
    "object_repr": "Aprendiendo Django-Peter-2021-10-04 02:59:16.276132+00:00",
    "action_flag": 3,
    "change_message": ""
  }
},
{
  "model": "admin.logentry",
  "pk": 542,
  "fields": {
    "action_time": "2021-10-04T03:57:42.227Z",
    "user": 1,
    "content_type": 38,
    "object_id": "245",
    "object_repr": "Aprendiendo Django-Peter-2021-10-04 02:59:00.406851+00:00",
    "action_flag": 3,
    "change_message": ""
  }
},
{
  "model": "admin.logentry",
  "pk": 543,
  "fields": {
    "action_time": "2021-10-04T03:57:42.279Z",
    "user": 1,
    "content_type": 38,
    "object_id": "244",
    "object_repr": "Aprendiendo Django-Peter-2021-10-04 02:58:53.943070+00:00",
    "action_flag": 3,
    "change_message": ""
  }
},
{
  "model": "admin.logentry",
  "pk": 544,
  "fields": {
    "action_time": "2021-10-04T03:57:42.292Z",
    "user": 1,
    "content_type": 38,
    "object_id": "243",
    "object_repr": "Aprendiendo Django-Peter-2021-10-04 02:57:03.696481+00:00",
    "action_flag": 3,
    "change_message": ""
  }
},
{
  "model": "admin.logentry",
  "pk": 545,
  "fields": {
    "action_time": "2021-10-04T03:57:42.301Z",
    "user": 1,
    "content_type": 38,
    "object_id": "242",
    "object_repr": "Aprendiendo Django-Peter-2021-10-04 02:55:22.334365+00:00",
    "action_flag": 3,
    "change_message": ""
  }
},
{
  "model": "admin.logentry",
  "pk": 546,
  "fields": {
    "action_time": "2021-10-04T03:58:17.572Z",
    "user": 1,
    "content_type": 38,
    "object_id": "261",
    "object_repr": "Aprendiendo Django-Peter-2021-10-04 03:58:17.555859+00:00",
    "action_flag": 2,
    "change_message": "[{\"changed\": {\"fields\": [\"Aprobado\"]}}]"
  }
},
{
  "model": "admin.logentry",
  "pk": 547,
  "fields": {
    "action_time": "2021-10-04T04:02:56.547Z",
    "user": 1,
    "content_type": 38,
    "object_id": "262",
    "object_repr": "Aprendiendo Django-Peter-2021-10-04 04:02:56.534867+00:00",
    "action_flag": 2,
    "change_message": "[{\"changed\": {\"fields\": [\"Aprobado\"]}}]"
  }
},
{
  "model": "admin.logentry",
  "pk": 548,
  "fields": {
    "action_time": "2021-10-04T04:06:17.296Z",
    "user": 1,
    "content_type": 38,
    "object_id": "262",
    "object_repr": "Aprendiendo Django-Peter-2021-10-04 04:02:56.534867+00:00",
    "action_flag": 3,
    "change_message": ""
  }
},
{
  "model": "admin.logentry",
  "pk": 549,
  "fields": {
    "action_time": "2021-10-04T04:06:17.308Z",
    "user": 1,
    "content_type": 38,
    "object_id": "261",
    "object_repr": "Aprendiendo Django-Peter-2021-10-04 03:58:17.555859+00:00",
    "action_flag": 3,
    "change_message": ""
  }
},
{
  "model": "admin.logentry",
  "pk": 550,
  "fields": {
    "action_time": "2021-10-04T04:06:55.850Z",
    "user": 1,
    "content_type": 38,
    "object_id": "263",
    "object_repr": "Aprendiendo Django-Peter-2021-10-04 04:06:55.838075+00:00",
    "action_flag": 2,
    "change_message": "[{\"changed\": {\"fields\": [\"Aprobado\"]}}]"
  }
},
{
  "model": "admin.logentry",
  "pk": 551,
  "fields": {
    "action_time": "2021-10-04T04:31:55.007Z",
    "user": 1,
    "content_type": 38,
    "object_id": "264",
    "object_repr": "Aprendiendo Django-Peter-2021-10-04 04:31:54.996773+00:00",
    "action_flag": 2,
    "change_message": "[{\"changed\": {\"fields\": [\"Aprobado\"]}}]"
  }
},
{
  "model": "admin.logentry",
  "pk": 552,
  "fields": {
    "action_time": "2021-10-04T04:32:54.652Z",
    "user": 1,
    "content_type": 38,
    "object_id": "264",
    "object_repr": "Aprendiendo Django-Peter-2021-10-04 04:31:54.996773+00:00",
    "action_flag": 3,
    "change_message": ""
  }
},
{
  "model": "admin.logentry",
  "pk": 553,
  "fields": {
    "action_time": "2021-10-04T04:32:54.665Z",
    "user": 1,
    "content_type": 38,
    "object_id": "263",
    "object_repr": "Aprendiendo Django-Peter-2021-10-04 04:06:55.838075+00:00",
    "action_flag": 3,
    "change_message": ""
  }
},
{
  "model": "admin.logentry",
  "pk": 554,
  "fields": {
    "action_time": "2021-10-04T04:35:47.680Z",
    "user": 1,
    "content_type": 38,
    "object_id": "266",
    "object_repr": "Aprendiendo Django-Peter-2021-10-04 04:35:47.667436+00:00",
    "action_flag": 2,
    "change_message": "[{\"changed\": {\"fields\": [\"Aprobado\"]}}]"
  }
},
{
  "model": "admin.logentry",
  "pk": 555,
  "fields": {
    "action_time": "2021-10-04T04:36:42.294Z",
    "user": 1,
    "content_type": 38,
    "object_id": "266",
    "object_repr": "Aprendiendo Django-Peter-2021-10-04 04:36:42.280470+00:00",
    "action_flag": 2,
    "change_message": "[{\"changed\": {\"fields\": [\"Aprobado\"]}}]"
  }
},
{
  "model": "admin.logentry",
  "pk": 556,
  "fields": {
    "action_time": "2021-10-04T04:36:50.128Z",
    "user": 1,
    "content_type": 38,
    "object_id": "266",
    "object_repr": "Aprendiendo Django-Peter-2021-10-04 04:36:50.118169+00:00",
    "action_flag": 2,
    "change_message": "[{\"changed\": {\"fields\": [\"Aprobado\"]}}]"
  }
},
{
  "model": "admin.logentry",
  "pk": 557,
  "fields": {
    "action_time": "2021-10-04T04:38:13.769Z",
    "user": 1,
    "content_type": 38,
    "object_id": "266",
    "object_repr": "Aprendiendo Django-Peter-2021-10-04 04:38:13.759413+00:00",
    "action_flag": 2,
    "change_message": "[{\"changed\": {\"fields\": [\"Aprobado\"]}}]"
  }
},
{
  "model": "admin.logentry",
  "pk": 558,
  "fields": {
    "action_time": "2021-10-04T04:38:19.228Z",
    "user": 1,
    "content_type": 38,
    "object_id": "266",
    "object_repr": "Aprendiendo Django-Peter-2021-10-04 04:38:19.215240+00:00",
    "action_flag": 2,
    "change_message": "[{\"changed\": {\"fields\": [\"Aprobado\"]}}]"
  }
},
{
  "model": "admin.logentry",
  "pk": 559,
  "fields": {
    "action_time": "2021-10-04T04:40:18.894Z",
    "user": 1,
    "content_type": 38,
    "object_id": "266",
    "object_repr": "Aprendiendo Django-Peter-2021-10-04 04:40:18.882201+00:00",
    "action_flag": 2,
    "change_message": "[{\"changed\": {\"fields\": [\"Aprobado\"]}}]"
  }
},
{
  "model": "admin.logentry",
  "pk": 560,
  "fields": {
    "action_time": "2021-10-04T04:40:38.484Z",
    "user": 1,
    "content_type": 38,
    "object_id": "266",
    "object_repr": "Aprendiendo Django-Peter-2021-10-04 04:40:38.473368+00:00",
    "action_flag": 2,
    "change_message": "[{\"changed\": {\"fields\": [\"Aprobado\"]}}]"
  }
},
{
  "model": "admin.logentry",
  "pk": 561,
  "fields": {
    "action_time": "2021-10-04T04:41:54.384Z",
    "user": 1,
    "content_type": 38,
    "object_id": "266",
    "object_repr": "Aprendiendo Django-Peter-2021-10-04 04:41:54.371501+00:00",
    "action_flag": 2,
    "change_message": "[{\"changed\": {\"fields\": [\"Texto del comentario\"]}}]"
  }
},
{
  "model": "admin.logentry",
  "pk": 562,
  "fields": {
    "action_time": "2021-10-04T04:46:34.420Z",
    "user": 1,
    "content_type": 38,
    "object_id": "266",
    "object_repr": "Aprendiendo Django-Peter-2021-10-04 04:46:34.408466+00:00",
    "action_flag": 2,
    "change_message": "[{\"changed\": {\"fields\": [\"Texto del comentario\"]}}]"
  }
},
{
  "model": "admin.logentry",
  "pk": 563,
  "fields": {
    "action_time": "2021-10-04T04:48:24.681Z",
    "user": 1,
    "content_type": 38,
    "object_id": "266",
    "object_repr": "Aprendiendo Django-Peter-2021-10-04 04:48:24.667767+00:00",
    "action_flag": 2,
    "change_message": "[{\"changed\": {\"fields\": [\"Texto del comentario\"]}}]"
  }
},
{
  "model": "admin.logentry",
  "pk": 564,
  "fields": {
    "action_time": "2021-10-04T04:55:18.673Z",
    "user": 1,
    "content_type": 38,
    "object_id": "266",
    "object_repr": "Aprendiendo Django-Peter-2021-10-04 04:55:18.663032+00:00",
    "action_flag": 2,
    "change_message": "[{\"changed\": {\"fields\": [\"Texto del comentario\"]}}]"
  }
},
{
  "model": "admin.logentry",
  "pk": 565,
  "fields": {
    "action_time": "2021-10-04T04:57:58.331Z",
    "user": 1,
    "content_type": 38,
    "object_id": "266",
    "object_repr": "Aprendiendo Django-Peter-2021-10-04 04:57:58.318024+00:00",
    "action_flag": 2,
    "change_message": "[{\"changed\": {\"fields\": [\"Texto del comentario\"]}}]"
  }
},
{
  "model": "admin.logentry",
  "pk": 566,
  "fields": {
    "action_time": "2021-10-04T05:01:12.449Z",
    "user": 1,
    "content_type": 38,
    "object_id": "266",
    "object_repr": "Aprendiendo Django-Peter-2021-10-04 05:01:12.435952+00:00",
    "action_flag": 2,
    "change_message": "[{\"changed\": {\"fields\": [\"Texto del comentario\"]}}]"
  }
},
{
  "model": "admin.logentry",
  "pk": 567,
  "fields": {
    "action_time": "2021-10-04T05:03:17.428Z",
    "user": 1,
    "content_type": 38,
    "object_id": "266",
    "object_repr": "Aprendiendo Django-Peter-2021-10-04 05:03:17.412495+00:00",
    "action_flag": 2,
    "change_message": "[{\"changed\": {\"fields\": [\"Texto del comentario\"]}}]"
  }
},
{
  "model": "admin.logentry",
  "pk": 568,
  "fields": {
    "action_time": "2021-10-04T05:05:00.596Z",
    "user": 1,
    "content_type": 38,
    "object_id": "266",
    "object_repr": "Aprendiendo Django-Peter-2021-10-04 05:05:00.586175+00:00",
    "action_flag": 2,
    "change_message": "[{\"changed\": {\"fields\": [\"Texto del comentario\"]}}]"
  }
},
{
  "model": "admin.logentry",
  "pk": 569,
  "fields": {
    "action_time": "2021-10-04T05:07:07.518Z",
    "user": 1,
    "content_type": 38,
    "object_id": "266",
    "object_repr": "Aprendiendo Django-Peter-2021-10-04 05:07:07.505080+00:00",
    "action_flag": 2,
    "change_message": "[{\"changed\": {\"fields\": [\"Texto del comentario\"]}}]"
  }
},
{
  "model": "admin.logentry",
  "pk": 570,
  "fields": {
    "action_time": "2021-10-04T05:14:56.274Z",
    "user": 1,
    "content_type": 38,
    "object_id": "266",
    "object_repr": "Aprendiendo Django-Peter-2021-10-04 05:14:56.259290+00:00",
    "action_flag": 2,
    "change_message": "[{\"changed\": {\"fields\": [\"Texto del comentario\"]}}]"
  }
},
{
  "model": "admin.logentry",
  "pk": 571,
  "fields": {
    "action_time": "2021-10-04T05:31:03.072Z",
    "user": 1,
    "content_type": 38,
    "object_id": "266",
    "object_repr": "Aprendiendo Django-Peter-2021-10-04 05:31:03.059876+00:00",
    "action_flag": 2,
    "change_message": "[{\"changed\": {\"fields\": [\"Texto del comentario\"]}}]"
  }
},
{
  "model": "admin.logentry",
  "pk": 572,
  "fields": {
    "action_time": "2021-10-04T05:32:32.520Z",
    "user": 1,
    "content_type": 38,
    "object_id": "271",
    "object_repr": "Aprendiendo Django-Peter-2021-10-04 05:32:32.503859+00:00",
    "action_flag": 2,
    "change_message": "[{\"changed\": {\"fields\": [\"Aprobado\"]}}]"
  }
},
{
  "model": "admin.logentry",
  "pk": 573,
  "fields": {
    "action_time": "2021-10-04T05:36:19.053Z",
    "user": 1,
    "content_type": 38,
    "object_id": "266",
    "object_repr": "Aprendiendo Django-Peter-2021-10-04 05:36:19.040733+00:00",
    "action_flag": 2,
    "change_message": "[{\"changed\": {\"fields\": [\"Texto del comentario\"]}}]"
  }
},
{
  "model": "admin.logentry",
  "pk": 574,
  "fields": {
    "action_time": "2021-10-04T05:39:30.437Z",
    "user": 1,
    "content_type": 38,
    "object_id": "272",
    "object_repr": "Aprendiendo Django-Peter-2021-10-04 05:39:30.425069+00:00",
    "action_flag": 2,
    "change_message": "[{\"changed\": {\"fields\": [\"Aprobado\"]}}]"
  }
},
{
  "model": "admin.logentry",
  "pk": 575,
  "fields": {
    "action_time": "2021-10-04T05:40:30.278Z",
    "user": 1,
    "content_type": 38,
    "object_id": "273",
    "object_repr": "Aprendiendo Django-Peter-2021-10-04 05:40:30.264717+00:00",
    "action_flag": 2,
    "change_message": "[{\"changed\": {\"fields\": [\"Aprobado\"]}}]"
  }
},
{
  "model": "admin.logentry",
  "pk": 576,
  "fields": {
    "action_time": "2021-10-04T05:41:11.857Z",
    "user": 1,
    "content_type": 38,
    "object_id": "271",
    "object_repr": "Aprendiendo Django-Peter-2021-10-04 05:41:11.843886+00:00",
    "action_flag": 2,
    "change_message": "[{\"changed\": {\"fields\": [\"Texto del comentario\"]}}]"
  }
},
{
  "model": "admin.logentry",
  "pk": 577,
  "fields": {
    "action_time": "2021-10-04T05:48:53.927Z",
    "user": 1,
    "content_type": 38,
    "object_id": "273",
    "object_repr": "Aprendiendo Django-Peter-2021-10-04 05:48:53.915871+00:00",
    "action_flag": 2,
    "change_message": "[{\"changed\": {\"fields\": [\"Texto del comentario\"]}}]"
  }
},
{
  "model": "admin.logentry",
  "pk": 578,
  "fields": {
    "action_time": "2021-10-04T05:51:34.093Z",
    "user": 1,
    "content_type": 38,
    "object_id": "273",
    "object_repr": "Aprendiendo Django-Peter-2021-10-04 05:51:34.075729+00:00",
    "action_flag": 2,
    "change_message": "[{\"changed\": {\"fields\": [\"Texto del comentario\"]}}]"
  }
},
{
  "model": "admin.logentry",
  "pk": 579,
  "fields": {
    "action_time": "2021-10-04T05:51:51.768Z",
    "user": 1,
    "content_type": 38,
    "object_id": "274",
    "object_repr": "Aprendiendo Django-Peter-2021-10-04 05:51:51.750846+00:00",
    "action_flag": 2,
    "change_message": "[{\"changed\": {\"fields\": [\"Aprobado\"]}}]"
  }
},
{
  "model": "admin.logentry",
  "pk": 580,
  "fields": {
    "action_time": "2021-10-04T05:52:45.091Z",
    "user": 1,
    "content_type": 38,
    "object_id": "274",
    "object_repr": "Aprendiendo Django-Peter-2021-10-04 05:52:45.077744+00:00",
    "action_flag": 2,
    "change_message": "[{\"changed\": {\"fields\": [\"Texto del comentario\"]}}]"
  }
},
{
  "model": "admin.logentry",
  "pk": 581,
  "fields": {
    "action_time": "2021-10-04T05:54:00.459Z",
    "user": 1,
    "content_type": 38,
    "object_id": "276",
    "object_repr": "Aprendiendo Django-Peter-2021-10-04 05:54:00.445532+00:00",
    "action_flag": 2,
    "change_message": "[{\"changed\": {\"fields\": [\"Texto del comentario\", \"Aprobado\"]}}]"
  }
},
{
  "model": "admin.logentry",
  "pk": 582,
  "fields": {
    "action_time": "2021-10-04T05:58:31.348Z",
    "user": 1,
    "content_type": 38,
    "object_id": "282",
    "object_repr": "Aprendiendo Django-Peter-2021-10-04 05:58:31.334878+00:00",
    "action_flag": 2,
    "change_message": "[{\"changed\": {\"fields\": [\"Aprobado\"]}}]"
  }
},
{
  "model": "admin.logentry",
  "pk": 583,
  "fields": {
    "action_time": "2021-10-05T22:16:36.024Z",
    "user": 1,
    "content_type": 38,
    "object_id": "292",
    "object_repr": "Aprendiendo Django-Peter-2021-10-05 22:16:36.013068+00:00",
    "action_flag": 2,
    "change_message": "[{\"changed\": {\"fields\": [\"Aprobado\"]}}]"
  }
},
{
  "model": "admin.logentry",
  "pk": 584,
  "fields": {
    "action_time": "2021-10-05T22:17:44.385Z",
    "user": 1,
    "content_type": 38,
    "object_id": "292",
    "object_repr": "Aprendiendo Django-Peter-2021-10-05 22:17:44.367009+00:00",
    "action_flag": 2,
    "change_message": "[]"
  }
},
{
  "model": "admin.logentry",
  "pk": 585,
  "fields": {
    "action_time": "2021-10-05T22:17:58.241Z",
    "user": 1,
    "content_type": 38,
    "object_id": "294",
    "object_repr": "Aprendiendo Django-Peter-2021-10-05 22:17:58.229487+00:00",
    "action_flag": 2,
    "change_message": "[{\"changed\": {\"fields\": [\"Aprobado\"]}}]"
  }
},
{
  "model": "admin.logentry",
  "pk": 586,
  "fields": {
    "action_time": "2021-10-05T22:47:50.973Z",
    "user": 1,
    "content_type": 4,
    "object_id": "29",
    "object_repr": "ana",
    "action_flag": 2,
    "change_message": "[{\"changed\": {\"fields\": [\"password\"]}}]"
  }
},
{
  "model": "admin.logentry",
  "pk": 587,
  "fields": {
    "action_time": "2021-10-05T23:57:39.704Z",
    "user": 1,
    "content_type": 4,
    "object_id": "29",
    "object_repr": "lototo",
    "action_flag": 2,
    "change_message": "[{\"changed\": {\"fields\": [\"password\"]}}]"
  }
},
{
  "model": "admin.logentry",
  "pk": 588,
  "fields": {
    "action_time": "2021-10-05T23:59:30.921Z",
    "user": 1,
    "content_type": 4,
    "object_id": "29",
    "object_repr": "lototo",
    "action_flag": 2,
    "change_message": "[{\"changed\": {\"fields\": [\"password\"]}}]"
  }
},
{
  "model": "admin.logentry",
  "pk": 589,
  "fields": {
    "action_time": "2021-10-11T07:08:14.714Z",
    "user": 1,
    "content_type": 38,
    "object_id": "297",
    "object_repr": "Aprendiendo Django-Roaldys-2021-10-11 07:08:14.701166+00:00",
    "action_flag": 2,
    "change_message": "[{\"changed\": {\"fields\": [\"Texto del comentario\"]}}]"
  }
},
{
  "model": "admin.logentry",
  "pk": 590,
  "fields": {
    "action_time": "2021-10-11T07:08:46.642Z",
    "user": 1,
    "content_type": 38,
    "object_id": "295",
    "object_repr": "Aprendiendo Django-Roaldys-2021-10-11 07:08:46.630025+00:00",
    "action_flag": 2,
    "change_message": "[{\"changed\": {\"fields\": [\"Texto del comentario\"]}}]"
  }
},
{
  "model": "admin.logentry",
  "pk": 591,
  "fields": {
    "action_time": "2021-10-11T07:12:47.922Z",
    "user": 1,
    "content_type": 38,
    "object_id": "295",
    "object_repr": "Aprendiendo Django-Roaldys-2021-10-11 07:12:47.909900+00:00",
    "action_flag": 2,
    "change_message": "[{\"changed\": {\"fields\": [\"Texto del comentario\"]}}]"
  }
},
{
  "model": "admin.logentry",
  "pk": 592,
  "fields": {
    "action_time": "2021-10-11T07:13:40.458Z",
    "user": 1,
    "content_type": 38,
    "object_id": "295",
    "object_repr": "Aprendiendo Django-Roaldys-2021-10-11 07:13:40.447080+00:00",
    "action_flag": 2,
    "change_message": "[{\"changed\": {\"fields\": [\"Texto del comentario\"]}}]"
  }
},
{
  "model": "admin.logentry",
  "pk": 593,
  "fields": {
    "action_time": "2021-10-11T07:20:11.640Z",
    "user": 1,
    "content_type": 38,
    "object_id": "295",
    "object_repr": "Aprendiendo Django-Roaldys-2021-10-11 07:20:11.627397+00:00",
    "action_flag": 2,
    "change_message": "[{\"changed\": {\"fields\": [\"Texto del comentario\"]}}]"
  }
},
{
  "model": "admin.logentry",
  "pk": 594,
  "fields": {
    "action_time": "2021-10-11T19:56:27.157Z",
    "user": 1,
    "content_type": 10,
    "object_id": "13",
    "object_repr": "Frankfrank",
    "action_flag": 2,
    "change_message": "[{\"changed\": {\"fields\": [\"Municipio\"]}}]"
  }
},
{
  "model": "admin.logentry",
  "pk": 595,
  "fields": {
    "action_time": "2021-10-12T06:45:26.190Z",
    "user": 1,
    "content_type": 9,
    "object_id": "13",
    "object_repr": "Gestión Instructor - Instructor",
    "action_flag": 2,
    "change_message": "[{\"changed\": {\"fields\": [\"Url\"]}}]"
  }
},
{
  "model": "admin.logentry",
  "pk": 596,
  "fields": {
    "action_time": "2021-10-12T07:16:46.327Z",
    "user": 1,
    "content_type": 3,
    "object_id": "3",
    "object_repr": "Instructor",
    "action_flag": 1,
    "change_message": "[{\"added\": {}}]"
  }
},
{
  "model": "admin.logentry",
  "pk": 597,
  "fields": {
    "action_time": "2021-10-12T07:16:58.851Z",
    "user": 1,
    "content_type": 3,
    "object_id": "4",
    "object_repr": "Gestor",
    "action_flag": 1,
    "change_message": "[{\"added\": {}}]"
  }
},
{
  "model": "admin.logentry",
  "pk": 598,
  "fields": {
    "action_time": "2021-10-12T07:17:12.710Z",
    "user": 1,
    "content_type": 3,
    "object_id": "5",
    "object_repr": "Maestro",
    "action_flag": 1,
    "change_message": "[{\"added\": {}}]"
  }
},
{
  "model": "admin.logentry",
  "pk": 599,
  "fields": {
    "action_time": "2021-10-12T08:19:14.999Z",
    "user": 1,
    "content_type": 10,
    "object_id": "32",
    "object_repr": "Mariamaria",
    "action_flag": 2,
    "change_message": "[{\"changed\": {\"fields\": [\"Tipo\"]}}]"
  }
},
{
  "model": "admin.logentry",
  "pk": 600,
  "fields": {
    "action_time": "2021-10-12T08:19:35.918Z",
    "user": 1,
    "content_type": 10,
    "object_id": "31",
    "object_repr": "Franciscofrank12",
    "action_flag": 2,
    "change_message": "[{\"changed\": {\"fields\": [\"Tipo\"]}}]"
  }
},
{
  "model": "admin.logentry",
  "pk": 601,
  "fields": {
    "action_time": "2021-10-12T08:41:00.689Z",
    "user": 1,
    "content_type": 10,
    "object_id": "32",
    "object_repr": "Maria de la caridadmaria",
    "action_flag": 2,
    "change_message": "[{\"changed\": {\"fields\": [\"Tipo\"]}}]"
  }
},
{
  "model": "admin.logentry",
  "pk": 602,
  "fields": {
    "action_time": "2021-10-13T15:21:45.955Z",
    "user": 1,
    "content_type": 28,
    "object_id": "47",
    "object_repr": "dsssss",
    "action_flag": 3,
    "change_message": ""
  }
},
{
  "model": "admin.logentry",
  "pk": 603,
  "fields": {
    "action_time": "2021-10-13T15:24:04.855Z",
    "user": 1,
    "content_type": 28,
    "object_id": "47",
    "object_repr": "dsssss",
    "action_flag": 3,
    "change_message": ""
  }
},
{
  "model": "admin.logentry",
  "pk": 604,
  "fields": {
    "action_time": "2021-10-13T15:31:33.596Z",
    "user": 1,
    "content_type": 33,
    "object_id": "7",
    "object_repr": "Aprendiendo DjangoFrancisco",
    "action_flag": 1,
    "change_message": "[{\"added\": {}}]"
  }
},
{
  "model": "admin.logentry",
  "pk": 605,
  "fields": {
    "action_time": "2021-10-14T05:52:55.401Z",
    "user": 1,
    "content_type": 4,
    "object_id": "37",
    "object_repr": "maria",
    "action_flag": 2,
    "change_message": "[{\"changed\": {\"fields\": [\"Groups\"]}}]"
  }
},
{
  "model": "admin.logentry",
  "pk": 606,
  "fields": {
    "action_time": "2021-10-14T22:19:26.200Z",
    "user": 1,
    "content_type": 9,
    "object_id": "13",
    "object_repr": "Gestión Instructor - Admin Usuarios",
    "action_flag": 2,
    "change_message": "[{\"changed\": {\"fields\": [\"Tipo de M\\u00f3dulo\"]}}]"
  }
},
{
  "model": "admin.logentry",
  "pk": 607,
  "fields": {
    "action_time": "2021-10-14T22:19:41.006Z",
    "user": 1,
    "content_type": 9,
    "object_id": "10",
    "object_repr": "Gestionar Estudiante - Admin Usuarios",
    "action_flag": 2,
    "change_message": "[{\"changed\": {\"fields\": [\"Tipo de M\\u00f3dulo\"]}}]"
  }
},
{
  "model": "admin.logentry",
  "pk": 608,
  "fields": {
    "action_time": "2021-10-14T22:20:14.237Z",
    "user": 1,
    "content_type": 9,
    "object_id": "27",
    "object_repr": "Probando - Admin Usuarios",
    "action_flag": 3,
    "change_message": ""
  }
},
{
  "model": "admin.logentry",
  "pk": 609,
  "fields": {
    "action_time": "2021-10-14T22:21:18.521Z",
    "user": 1,
    "content_type": 9,
    "object_id": "10",
    "object_repr": "Gestionar Estudiante - Admin Usuarios",
    "action_flag": 2,
    "change_message": "[{\"changed\": {\"fields\": [\"Icono del Men\\u00fa\"]}}]"
  }
},
{
  "model": "admin.logentry",
  "pk": 610,
  "fields": {
    "action_time": "2021-10-14T22:22:27.684Z",
    "user": 1,
    "content_type": 9,
    "object_id": "13",
    "object_repr": "Instructor y Maestro - Admin Usuarios",
    "action_flag": 2,
    "change_message": "[{\"changed\": {\"fields\": [\"Nombre del men\\u00fa\"]}}]"
  }
},
{
  "model": "admin.logentry",
  "pk": 611,
  "fields": {
    "action_time": "2021-10-14T22:24:46.531Z",
    "user": 1,
    "content_type": 9,
    "object_id": "13",
    "object_repr": "Gestioner Trabajador - Admin Usuarios",
    "action_flag": 2,
    "change_message": "[{\"changed\": {\"fields\": [\"Nombre del men\\u00fa\"]}}]"
  }
},
{
  "model": "admin.logentry",
  "pk": 612,
  "fields": {
    "action_time": "2021-10-14T22:25:14.700Z",
    "user": 1,
    "content_type": 9,
    "object_id": "13",
    "object_repr": "Gestionar Trabajador - Admin Usuarios",
    "action_flag": 2,
    "change_message": "[{\"changed\": {\"fields\": [\"Nombre del men\\u00fa\"]}}]"
  }
},
{
  "model": "admin.logentry",
  "pk": 613,
  "fields": {
    "action_time": "2021-10-14T22:26:53.652Z",
    "user": 1,
    "content_type": 9,
    "object_id": "38",
    "object_repr": "Gestionar Gestor - Admin Usuarios",
    "action_flag": 1,
    "change_message": "[{\"added\": {}}]"
  }
},
{
  "model": "admin.logentry",
  "pk": 614,
  "fields": {
    "action_time": "2021-10-14T22:27:49.232Z",
    "user": 1,
    "content_type": 9,
    "object_id": "39",
    "object_repr": "Gestionar Admin - Admin Usuarios",
    "action_flag": 1,
    "change_message": "[{\"added\": {}}]"
  }
},
{
  "model": "admin.logentry",
  "pk": 615,
  "fields": {
    "action_time": "2021-10-15T02:34:52.490Z",
    "user": 1,
    "content_type": 9,
    "object_id": "38",
    "object_repr": "Gestionar Gestor - Admin Usuarios",
    "action_flag": 2,
    "change_message": "[{\"changed\": {\"fields\": [\"Url\"]}}]"
  }
},
{
  "model": "admin.logentry",
  "pk": 616,
  "fields": {
    "action_time": "2021-10-15T02:43:14.203Z",
    "user": 1,
    "content_type": 4,
    "object_id": "60",
    "object_repr": "Ramon",
    "action_flag": 1,
    "change_message": "[{\"added\": {}}]"
  }
},
{
  "model": "admin.logentry",
  "pk": 617,
  "fields": {
    "action_time": "2021-10-15T02:45:29.212Z",
    "user": 1,
    "content_type": 10,
    "object_id": "55",
    "object_repr": "RamonRamon",
    "action_flag": 1,
    "change_message": "[{\"added\": {}}]"
  }
},
{
  "model": "admin.logentry",
  "pk": 618,
  "fields": {
    "action_time": "2021-10-15T02:47:19.607Z",
    "user": 1,
    "content_type": 27,
    "object_id": "60",
    "object_repr": "Ramon Lopez Garcia",
    "action_flag": 1,
    "change_message": "[{\"added\": {}}]"
  }
},
{
  "model": "admin.logentry",
  "pk": 619,
  "fields": {
    "action_time": "2021-10-16T00:46:30.896Z",
    "user": 1,
    "content_type": 38,
    "object_id": "298",
    "object_repr": "Aprendiendo Django-Frank-2021-10-16 00:46:30.885162+00:00",
    "action_flag": 2,
    "change_message": "[{\"changed\": {\"fields\": [\"Aprobado\"]}}]"
  }
},
{
  "model": "admin.logentry",
  "pk": 620,
  "fields": {
    "action_time": "2021-10-16T00:46:47.845Z",
    "user": 1,
    "content_type": 38,
    "object_id": "298",
    "object_repr": "Aprendiendo Django-Frank-2021-10-16 00:46:47.830585+00:00",
    "action_flag": 2,
    "change_message": "[{\"changed\": {\"fields\": [\"Texto del comentario\"]}}]"
  }
},
{
  "model": "admin.logentry",
  "pk": 621,
  "fields": {
    "action_time": "2021-10-19T12:00:07.313Z",
    "user": 1,
    "content_type": 38,
    "object_id": "301",
    "object_repr": "Aprendiendo Django-Frank-2021-10-19 12:00:07.299452+00:00",
    "action_flag": 2,
    "change_message": "[{\"changed\": {\"fields\": [\"Aprobado\"]}}]"
  }
},
{
  "model": "admin.logentry",
  "pk": 622,
  "fields": {
    "action_time": "2021-10-19T12:00:20.088Z",
    "user": 1,
    "content_type": 38,
    "object_id": "301",
    "object_repr": "Aprendiendo Django-Frank-2021-10-19 12:00:20.075562+00:00",
    "action_flag": 2,
    "change_message": "[{\"changed\": {\"fields\": [\"Texto del comentario\"]}}]"
  }
},
{
  "model": "admin.logentry",
  "pk": 623,
  "fields": {
    "action_time": "2021-10-20T15:31:23.888Z",
    "user": 1,
    "content_type": 9,
    "object_id": "39",
    "object_repr": "Gestionar Admin - Admin Usuarios",
    "action_flag": 2,
    "change_message": "[{\"changed\": {\"fields\": [\"Url\"]}}]"
  }
},
{
  "model": "admin.logentry",
  "pk": 624,
  "fields": {
    "action_time": "2021-10-21T05:23:11.945Z",
    "user": 1,
    "content_type": 9,
    "object_id": "39",
    "object_repr": "Gestionar Admin - Admin Usuarios",
    "action_flag": 2,
    "change_message": "[{\"changed\": {\"fields\": [\"Icono del Men\\u00fa\"]}}]"
  }
},
{
  "model": "admin.logentry",
  "pk": 625,
  "fields": {
    "action_time": "2021-10-21T05:24:49.073Z",
    "user": 1,
    "content_type": 9,
    "object_id": "39",
    "object_repr": "Gestionar Admin - Admin Usuarios",
    "action_flag": 2,
    "change_message": "[]"
  }
},
{
  "model": "admin.logentry",
  "pk": 626,
  "fields": {
    "action_time": "2021-10-21T05:24:54.971Z",
    "user": 1,
    "content_type": 9,
    "object_id": "38",
    "object_repr": "Gestionar Gestor - Admin Usuarios",
    "action_flag": 2,
    "change_message": "[{\"changed\": {\"fields\": [\"Icono del Men\\u00fa\"]}}]"
  }
},
{
  "model": "admin.logentry",
  "pk": 627,
  "fields": {
    "action_time": "2021-10-21T05:25:27.340Z",
    "user": 1,
    "content_type": 9,
    "object_id": "10",
    "object_repr": "Gestionar Estudiante - Admin Usuarios",
    "action_flag": 2,
    "change_message": "[{\"changed\": {\"fields\": [\"Icono del Men\\u00fa\"]}}]"
  }
},
{
  "model": "admin.logentry",
  "pk": 628,
  "fields": {
    "action_time": "2021-10-21T05:26:25.131Z",
    "user": 1,
    "content_type": 9,
    "object_id": "13",
    "object_repr": "Gestionar Trabajador - Admin Usuarios",
    "action_flag": 2,
    "change_message": "[{\"changed\": {\"fields\": [\"Icono del Men\\u00fa\"]}}]"
  }
},
{
  "model": "admin.logentry",
  "pk": 629,
  "fields": {
    "action_time": "2021-10-21T09:35:03.912Z",
    "user": 1,
    "content_type": 9,
    "object_id": "20",
    "object_repr": "Cursos - Admin Cursos",
    "action_flag": 2,
    "change_message": "[{\"changed\": {\"fields\": [\"Url\"]}}]"
  }
},
{
  "model": "auth.permission",
  "pk": 1,
  "fields": {
    "name": "Can add log entry",
    "content_type": 1,
    "codename": "add_logentry"
  }
},
{
  "model": "auth.permission",
  "pk": 2,
  "fields": {
    "name": "Can change log entry",
    "content_type": 1,
    "codename": "change_logentry"
  }
},
{
  "model": "auth.permission",
  "pk": 3,
  "fields": {
    "name": "Can delete log entry",
    "content_type": 1,
    "codename": "delete_logentry"
  }
},
{
  "model": "auth.permission",
  "pk": 4,
  "fields": {
    "name": "Can view log entry",
    "content_type": 1,
    "codename": "view_logentry"
  }
},
{
  "model": "auth.permission",
  "pk": 5,
  "fields": {
    "name": "Can add permission",
    "content_type": 2,
    "codename": "add_permission"
  }
},
{
  "model": "auth.permission",
  "pk": 6,
  "fields": {
    "name": "Can change permission",
    "content_type": 2,
    "codename": "change_permission"
  }
},
{
  "model": "auth.permission",
  "pk": 7,
  "fields": {
    "name": "Can delete permission",
    "content_type": 2,
    "codename": "delete_permission"
  }
},
{
  "model": "auth.permission",
  "pk": 8,
  "fields": {
    "name": "Can view permission",
    "content_type": 2,
    "codename": "view_permission"
  }
},
{
  "model": "auth.permission",
  "pk": 9,
  "fields": {
    "name": "Can add group",
    "content_type": 3,
    "codename": "add_group"
  }
},
{
  "model": "auth.permission",
  "pk": 10,
  "fields": {
    "name": "Can change group",
    "content_type": 3,
    "codename": "change_group"
  }
},
{
  "model": "auth.permission",
  "pk": 11,
  "fields": {
    "name": "Can delete group",
    "content_type": 3,
    "codename": "delete_group"
  }
},
{
  "model": "auth.permission",
  "pk": 12,
  "fields": {
    "name": "Can view group",
    "content_type": 3,
    "codename": "view_group"
  }
},
{
  "model": "auth.permission",
  "pk": 13,
  "fields": {
    "name": "Can add user",
    "content_type": 4,
    "codename": "add_user"
  }
},
{
  "model": "auth.permission",
  "pk": 14,
  "fields": {
    "name": "Can change user",
    "content_type": 4,
    "codename": "change_user"
  }
},
{
  "model": "auth.permission",
  "pk": 15,
  "fields": {
    "name": "Can delete user",
    "content_type": 4,
    "codename": "delete_user"
  }
},
{
  "model": "auth.permission",
  "pk": 16,
  "fields": {
    "name": "Can view user",
    "content_type": 4,
    "codename": "view_user"
  }
},
{
  "model": "auth.permission",
  "pk": 17,
  "fields": {
    "name": "Can add content type",
    "content_type": 5,
    "codename": "add_contenttype"
  }
},
{
  "model": "auth.permission",
  "pk": 18,
  "fields": {
    "name": "Can change content type",
    "content_type": 5,
    "codename": "change_contenttype"
  }
},
{
  "model": "auth.permission",
  "pk": 19,
  "fields": {
    "name": "Can delete content type",
    "content_type": 5,
    "codename": "delete_contenttype"
  }
},
{
  "model": "auth.permission",
  "pk": 20,
  "fields": {
    "name": "Can view content type",
    "content_type": 5,
    "codename": "view_contenttype"
  }
},
{
  "model": "auth.permission",
  "pk": 21,
  "fields": {
    "name": "Can add session",
    "content_type": 6,
    "codename": "add_session"
  }
},
{
  "model": "auth.permission",
  "pk": 22,
  "fields": {
    "name": "Can change session",
    "content_type": 6,
    "codename": "change_session"
  }
},
{
  "model": "auth.permission",
  "pk": 23,
  "fields": {
    "name": "Can delete session",
    "content_type": 6,
    "codename": "delete_session"
  }
},
{
  "model": "auth.permission",
  "pk": 24,
  "fields": {
    "name": "Can view session",
    "content_type": 6,
    "codename": "view_session"
  }
},
{
  "model": "auth.permission",
  "pk": 25,
  "fields": {
    "name": "Can add sitio_ web",
    "content_type": 7,
    "codename": "add_sitio_web"
  }
},
{
  "model": "auth.permission",
  "pk": 26,
  "fields": {
    "name": "Can change sitio_ web",
    "content_type": 7,
    "codename": "change_sitio_web"
  }
},
{
  "model": "auth.permission",
  "pk": 27,
  "fields": {
    "name": "Can delete sitio_ web",
    "content_type": 7,
    "codename": "delete_sitio_web"
  }
},
{
  "model": "auth.permission",
  "pk": 28,
  "fields": {
    "name": "Can view sitio_ web",
    "content_type": 7,
    "codename": "view_sitio_web"
  }
},
{
  "model": "auth.permission",
  "pk": 29,
  "fields": {
    "name": "Can add tipo modulo",
    "content_type": 8,
    "codename": "add_tipomodulo"
  }
},
{
  "model": "auth.permission",
  "pk": 30,
  "fields": {
    "name": "Can change tipo modulo",
    "content_type": 8,
    "codename": "change_tipomodulo"
  }
},
{
  "model": "auth.permission",
  "pk": 31,
  "fields": {
    "name": "Can delete tipo modulo",
    "content_type": 8,
    "codename": "delete_tipomodulo"
  }
},
{
  "model": "auth.permission",
  "pk": 32,
  "fields": {
    "name": "Can view tipo modulo",
    "content_type": 8,
    "codename": "view_tipomodulo"
  }
},
{
  "model": "auth.permission",
  "pk": 33,
  "fields": {
    "name": "Can add modulo",
    "content_type": 9,
    "codename": "add_modulo"
  }
},
{
  "model": "auth.permission",
  "pk": 34,
  "fields": {
    "name": "Can change modulo",
    "content_type": 9,
    "codename": "change_modulo"
  }
},
{
  "model": "auth.permission",
  "pk": 35,
  "fields": {
    "name": "Can delete modulo",
    "content_type": 9,
    "codename": "delete_modulo"
  }
},
{
  "model": "auth.permission",
  "pk": 36,
  "fields": {
    "name": "Can view modulo",
    "content_type": 9,
    "codename": "view_modulo"
  }
},
{
  "model": "auth.permission",
  "pk": 37,
  "fields": {
    "name": "Can add perfil",
    "content_type": 10,
    "codename": "add_perfil"
  }
},
{
  "model": "auth.permission",
  "pk": 38,
  "fields": {
    "name": "Can change perfil",
    "content_type": 10,
    "codename": "change_perfil"
  }
},
{
  "model": "auth.permission",
  "pk": 39,
  "fields": {
    "name": "Can delete perfil",
    "content_type": 10,
    "codename": "delete_perfil"
  }
},
{
  "model": "auth.permission",
  "pk": 40,
  "fields": {
    "name": "Can view perfil",
    "content_type": 10,
    "codename": "view_perfil"
  }
},
{
  "model": "auth.permission",
  "pk": 41,
  "fields": {
    "name": "Can add entidad",
    "content_type": 11,
    "codename": "add_entidad"
  }
},
{
  "model": "auth.permission",
  "pk": 42,
  "fields": {
    "name": "Can change entidad",
    "content_type": 11,
    "codename": "change_entidad"
  }
},
{
  "model": "auth.permission",
  "pk": 43,
  "fields": {
    "name": "Can delete entidad",
    "content_type": 11,
    "codename": "delete_entidad"
  }
},
{
  "model": "auth.permission",
  "pk": 44,
  "fields": {
    "name": "Can view entidad",
    "content_type": 11,
    "codename": "view_entidad"
  }
},
{
  "model": "auth.permission",
  "pk": 45,
  "fields": {
    "name": "Can add jcp",
    "content_type": 12,
    "codename": "add_jcp"
  }
},
{
  "model": "auth.permission",
  "pk": 46,
  "fields": {
    "name": "Can change jcp",
    "content_type": 12,
    "codename": "change_jcp"
  }
},
{
  "model": "auth.permission",
  "pk": 47,
  "fields": {
    "name": "Can delete jcp",
    "content_type": 12,
    "codename": "delete_jcp"
  }
},
{
  "model": "auth.permission",
  "pk": 48,
  "fields": {
    "name": "Can view jcp",
    "content_type": 12,
    "codename": "view_jcp"
  }
},
{
  "model": "auth.permission",
  "pk": 49,
  "fields": {
    "name": "Can add provincia",
    "content_type": 13,
    "codename": "add_provincia"
  }
},
{
  "model": "auth.permission",
  "pk": 50,
  "fields": {
    "name": "Can change provincia",
    "content_type": 13,
    "codename": "change_provincia"
  }
},
{
  "model": "auth.permission",
  "pk": 51,
  "fields": {
    "name": "Can delete provincia",
    "content_type": 13,
    "codename": "delete_provincia"
  }
},
{
  "model": "auth.permission",
  "pk": 52,
  "fields": {
    "name": "Can view provincia",
    "content_type": 13,
    "codename": "view_provincia"
  }
},
{
  "model": "auth.permission",
  "pk": 53,
  "fields": {
    "name": "Can add region",
    "content_type": 14,
    "codename": "add_region"
  }
},
{
  "model": "auth.permission",
  "pk": 54,
  "fields": {
    "name": "Can change region",
    "content_type": 14,
    "codename": "change_region"
  }
},
{
  "model": "auth.permission",
  "pk": 55,
  "fields": {
    "name": "Can delete region",
    "content_type": 14,
    "codename": "delete_region"
  }
},
{
  "model": "auth.permission",
  "pk": 56,
  "fields": {
    "name": "Can view region",
    "content_type": 14,
    "codename": "view_region"
  }
},
{
  "model": "auth.permission",
  "pk": 57,
  "fields": {
    "name": "Can add municipio",
    "content_type": 15,
    "codename": "add_municipio"
  }
},
{
  "model": "auth.permission",
  "pk": 58,
  "fields": {
    "name": "Can change municipio",
    "content_type": 15,
    "codename": "change_municipio"
  }
},
{
  "model": "auth.permission",
  "pk": 59,
  "fields": {
    "name": "Can delete municipio",
    "content_type": 15,
    "codename": "delete_municipio"
  }
},
{
  "model": "auth.permission",
  "pk": 60,
  "fields": {
    "name": "Can view municipio",
    "content_type": 15,
    "codename": "view_municipio"
  }
},
{
  "model": "auth.permission",
  "pk": 61,
  "fields": {
    "name": "Can add jcm",
    "content_type": 16,
    "codename": "add_jcm"
  }
},
{
  "model": "auth.permission",
  "pk": 62,
  "fields": {
    "name": "Can change jcm",
    "content_type": 16,
    "codename": "change_jcm"
  }
},
{
  "model": "auth.permission",
  "pk": 63,
  "fields": {
    "name": "Can delete jcm",
    "content_type": 16,
    "codename": "delete_jcm"
  }
},
{
  "model": "auth.permission",
  "pk": 64,
  "fields": {
    "name": "Can view jcm",
    "content_type": 16,
    "codename": "view_jcm"
  }
},
{
  "model": "auth.permission",
  "pk": 65,
  "fields": {
    "name": "Can add jcb",
    "content_type": 17,
    "codename": "add_jcb"
  }
},
{
  "model": "auth.permission",
  "pk": 66,
  "fields": {
    "name": "Can change jcb",
    "content_type": 17,
    "codename": "change_jcb"
  }
},
{
  "model": "auth.permission",
  "pk": 67,
  "fields": {
    "name": "Can delete jcb",
    "content_type": 17,
    "codename": "delete_jcb"
  }
},
{
  "model": "auth.permission",
  "pk": 68,
  "fields": {
    "name": "Can view jcb",
    "content_type": 17,
    "codename": "view_jcb"
  }
},
{
  "model": "auth.permission",
  "pk": 69,
  "fields": {
    "name": "Can add cargo",
    "content_type": 18,
    "codename": "add_cargo"
  }
},
{
  "model": "auth.permission",
  "pk": 70,
  "fields": {
    "name": "Can change cargo",
    "content_type": 18,
    "codename": "change_cargo"
  }
},
{
  "model": "auth.permission",
  "pk": 71,
  "fields": {
    "name": "Can delete cargo",
    "content_type": 18,
    "codename": "delete_cargo"
  }
},
{
  "model": "auth.permission",
  "pk": 72,
  "fields": {
    "name": "Can view cargo",
    "content_type": 18,
    "codename": "view_cargo"
  }
},
{
  "model": "auth.permission",
  "pk": 73,
  "fields": {
    "name": "Can add instructor",
    "content_type": 19,
    "codename": "add_instructor"
  }
},
{
  "model": "auth.permission",
  "pk": 74,
  "fields": {
    "name": "Can change instructor",
    "content_type": 19,
    "codename": "change_instructor"
  }
},
{
  "model": "auth.permission",
  "pk": 75,
  "fields": {
    "name": "Can delete instructor",
    "content_type": 19,
    "codename": "delete_instructor"
  }
},
{
  "model": "auth.permission",
  "pk": 76,
  "fields": {
    "name": "Can view instructor",
    "content_type": 19,
    "codename": "view_instructor"
  }
},
{
  "model": "auth.permission",
  "pk": 77,
  "fields": {
    "name": "Can add categoria ocupacional",
    "content_type": 20,
    "codename": "add_categoriaocupacional"
  }
},
{
  "model": "auth.permission",
  "pk": 78,
  "fields": {
    "name": "Can change categoria ocupacional",
    "content_type": 20,
    "codename": "change_categoriaocupacional"
  }
},
{
  "model": "auth.permission",
  "pk": 79,
  "fields": {
    "name": "Can delete categoria ocupacional",
    "content_type": 20,
    "codename": "delete_categoriaocupacional"
  }
},
{
  "model": "auth.permission",
  "pk": 80,
  "fields": {
    "name": "Can view categoria ocupacional",
    "content_type": 20,
    "codename": "view_categoriaocupacional"
  }
},
{
  "model": "auth.permission",
  "pk": 81,
  "fields": {
    "name": "Can add curso",
    "content_type": 21,
    "codename": "add_curso"
  }
},
{
  "model": "auth.permission",
  "pk": 82,
  "fields": {
    "name": "Can change curso",
    "content_type": 21,
    "codename": "change_curso"
  }
},
{
  "model": "auth.permission",
  "pk": 83,
  "fields": {
    "name": "Can delete curso",
    "content_type": 21,
    "codename": "delete_curso"
  }
},
{
  "model": "auth.permission",
  "pk": 84,
  "fields": {
    "name": "Can view curso",
    "content_type": 21,
    "codename": "view_curso"
  }
},
{
  "model": "auth.permission",
  "pk": 85,
  "fields": {
    "name": "Can add curso interes",
    "content_type": 22,
    "codename": "add_cursointeres"
  }
},
{
  "model": "auth.permission",
  "pk": 86,
  "fields": {
    "name": "Can change curso interes",
    "content_type": 22,
    "codename": "change_cursointeres"
  }
},
{
  "model": "auth.permission",
  "pk": 87,
  "fields": {
    "name": "Can delete curso interes",
    "content_type": 22,
    "codename": "delete_cursointeres"
  }
},
{
  "model": "auth.permission",
  "pk": 88,
  "fields": {
    "name": "Can view curso interes",
    "content_type": 22,
    "codename": "view_cursointeres"
  }
},
{
  "model": "auth.permission",
  "pk": 89,
  "fields": {
    "name": "Can add curso siscae",
    "content_type": 23,
    "codename": "add_cursosiscae"
  }
},
{
  "model": "auth.permission",
  "pk": 90,
  "fields": {
    "name": "Can change curso siscae",
    "content_type": 23,
    "codename": "change_cursosiscae"
  }
},
{
  "model": "auth.permission",
  "pk": 91,
  "fields": {
    "name": "Can delete curso siscae",
    "content_type": 23,
    "codename": "delete_cursosiscae"
  }
},
{
  "model": "auth.permission",
  "pk": 92,
  "fields": {
    "name": "Can view curso siscae",
    "content_type": 23,
    "codename": "view_cursosiscae"
  }
},
{
  "model": "auth.permission",
  "pk": 93,
  "fields": {
    "name": "Can add discapacidad",
    "content_type": 24,
    "codename": "add_discapacidad"
  }
},
{
  "model": "auth.permission",
  "pk": 94,
  "fields": {
    "name": "Can change discapacidad",
    "content_type": 24,
    "codename": "change_discapacidad"
  }
},
{
  "model": "auth.permission",
  "pk": 95,
  "fields": {
    "name": "Can delete discapacidad",
    "content_type": 24,
    "codename": "delete_discapacidad"
  }
},
{
  "model": "auth.permission",
  "pk": 96,
  "fields": {
    "name": "Can view discapacidad",
    "content_type": 24,
    "codename": "view_discapacidad"
  }
},
{
  "model": "auth.permission",
  "pk": 97,
  "fields": {
    "name": "Can add estado matricula",
    "content_type": 25,
    "codename": "add_estadomatricula"
  }
},
{
  "model": "auth.permission",
  "pk": 98,
  "fields": {
    "name": "Can change estado matricula",
    "content_type": 25,
    "codename": "change_estadomatricula"
  }
},
{
  "model": "auth.permission",
  "pk": 99,
  "fields": {
    "name": "Can delete estado matricula",
    "content_type": 25,
    "codename": "delete_estadomatricula"
  }
},
{
  "model": "auth.permission",
  "pk": 100,
  "fields": {
    "name": "Can view estado matricula",
    "content_type": 25,
    "codename": "view_estadomatricula"
  }
},
{
  "model": "auth.permission",
  "pk": 101,
  "fields": {
    "name": "Can add estudiante",
    "content_type": 26,
    "codename": "add_estudiante"
  }
},
{
  "model": "auth.permission",
  "pk": 102,
  "fields": {
    "name": "Can change estudiante",
    "content_type": 26,
    "codename": "change_estudiante"
  }
},
{
  "model": "auth.permission",
  "pk": 103,
  "fields": {
    "name": "Can delete estudiante",
    "content_type": 26,
    "codename": "delete_estudiante"
  }
},
{
  "model": "auth.permission",
  "pk": 104,
  "fields": {
    "name": "Can view estudiante",
    "content_type": 26,
    "codename": "view_estudiante"
  }
},
{
  "model": "auth.permission",
  "pk": 105,
  "fields": {
    "name": "Can add gestor",
    "content_type": 27,
    "codename": "add_gestor"
  }
},
{
  "model": "auth.permission",
  "pk": 106,
  "fields": {
    "name": "Can change gestor",
    "content_type": 27,
    "codename": "change_gestor"
  }
},
{
  "model": "auth.permission",
  "pk": 107,
  "fields": {
    "name": "Can delete gestor",
    "content_type": 27,
    "codename": "delete_gestor"
  }
},
{
  "model": "auth.permission",
  "pk": 108,
  "fields": {
    "name": "Can view gestor",
    "content_type": 27,
    "codename": "view_gestor"
  }
},
{
  "model": "auth.permission",
  "pk": 109,
  "fields": {
    "name": "Can add maestro",
    "content_type": 28,
    "codename": "add_maestro"
  }
},
{
  "model": "auth.permission",
  "pk": 110,
  "fields": {
    "name": "Can change maestro",
    "content_type": 28,
    "codename": "change_maestro"
  }
},
{
  "model": "auth.permission",
  "pk": 111,
  "fields": {
    "name": "Can delete maestro",
    "content_type": 28,
    "codename": "delete_maestro"
  }
},
{
  "model": "auth.permission",
  "pk": 112,
  "fields": {
    "name": "Can view maestro",
    "content_type": 28,
    "codename": "view_maestro"
  }
},
{
  "model": "auth.permission",
  "pk": 113,
  "fields": {
    "name": "Can add modalidad",
    "content_type": 29,
    "codename": "add_modalidad"
  }
},
{
  "model": "auth.permission",
  "pk": 114,
  "fields": {
    "name": "Can change modalidad",
    "content_type": 29,
    "codename": "change_modalidad"
  }
},
{
  "model": "auth.permission",
  "pk": 115,
  "fields": {
    "name": "Can delete modalidad",
    "content_type": 29,
    "codename": "delete_modalidad"
  }
},
{
  "model": "auth.permission",
  "pk": 116,
  "fields": {
    "name": "Can view modalidad",
    "content_type": 29,
    "codename": "view_modalidad"
  }
},
{
  "model": "auth.permission",
  "pk": 117,
  "fields": {
    "name": "Can add ocupacion",
    "content_type": 30,
    "codename": "add_ocupacion"
  }
},
{
  "model": "auth.permission",
  "pk": 118,
  "fields": {
    "name": "Can change ocupacion",
    "content_type": 30,
    "codename": "change_ocupacion"
  }
},
{
  "model": "auth.permission",
  "pk": 119,
  "fields": {
    "name": "Can delete ocupacion",
    "content_type": 30,
    "codename": "delete_ocupacion"
  }
},
{
  "model": "auth.permission",
  "pk": 120,
  "fields": {
    "name": "Can view ocupacion",
    "content_type": 30,
    "codename": "view_ocupacion"
  }
},
{
  "model": "auth.permission",
  "pk": 121,
  "fields": {
    "name": "Can add pre matricula",
    "content_type": 31,
    "codename": "add_prematricula"
  }
},
{
  "model": "auth.permission",
  "pk": 122,
  "fields": {
    "name": "Can change pre matricula",
    "content_type": 31,
    "codename": "change_prematricula"
  }
},
{
  "model": "auth.permission",
  "pk": 123,
  "fields": {
    "name": "Can delete pre matricula",
    "content_type": 31,
    "codename": "delete_prematricula"
  }
},
{
  "model": "auth.permission",
  "pk": 124,
  "fields": {
    "name": "Can view pre matricula",
    "content_type": 31,
    "codename": "view_prematricula"
  }
},
{
  "model": "auth.permission",
  "pk": 125,
  "fields": {
    "name": "Can add tipo grupo",
    "content_type": 32,
    "codename": "add_tipogrupo"
  }
},
{
  "model": "auth.permission",
  "pk": 126,
  "fields": {
    "name": "Can change tipo grupo",
    "content_type": 32,
    "codename": "change_tipogrupo"
  }
},
{
  "model": "auth.permission",
  "pk": 127,
  "fields": {
    "name": "Can delete tipo grupo",
    "content_type": 32,
    "codename": "delete_tipogrupo"
  }
},
{
  "model": "auth.permission",
  "pk": 128,
  "fields": {
    "name": "Can view tipo grupo",
    "content_type": 32,
    "codename": "view_tipogrupo"
  }
},
{
  "model": "auth.permission",
  "pk": 129,
  "fields": {
    "name": "Can add pre matricula maestro",
    "content_type": 33,
    "codename": "add_prematriculamaestro"
  }
},
{
  "model": "auth.permission",
  "pk": 130,
  "fields": {
    "name": "Can change pre matricula maestro",
    "content_type": 33,
    "codename": "change_prematriculamaestro"
  }
},
{
  "model": "auth.permission",
  "pk": 131,
  "fields": {
    "name": "Can delete pre matricula maestro",
    "content_type": 33,
    "codename": "delete_prematriculamaestro"
  }
},
{
  "model": "auth.permission",
  "pk": 132,
  "fields": {
    "name": "Can view pre matricula maestro",
    "content_type": 33,
    "codename": "view_prematriculamaestro"
  }
},
{
  "model": "auth.permission",
  "pk": 133,
  "fields": {
    "name": "Can add pre matricula estudiante",
    "content_type": 34,
    "codename": "add_prematriculaestudiante"
  }
},
{
  "model": "auth.permission",
  "pk": 134,
  "fields": {
    "name": "Can change pre matricula estudiante",
    "content_type": 34,
    "codename": "change_prematriculaestudiante"
  }
},
{
  "model": "auth.permission",
  "pk": 135,
  "fields": {
    "name": "Can delete pre matricula estudiante",
    "content_type": 34,
    "codename": "delete_prematriculaestudiante"
  }
},
{
  "model": "auth.permission",
  "pk": 136,
  "fields": {
    "name": "Can view pre matricula estudiante",
    "content_type": 34,
    "codename": "view_prematriculaestudiante"
  }
},
{
  "model": "auth.permission",
  "pk": 137,
  "fields": {
    "name": "Can add instructor estudiante",
    "content_type": 35,
    "codename": "add_instructorestudiante"
  }
},
{
  "model": "auth.permission",
  "pk": 138,
  "fields": {
    "name": "Can change instructor estudiante",
    "content_type": 35,
    "codename": "change_instructorestudiante"
  }
},
{
  "model": "auth.permission",
  "pk": 139,
  "fields": {
    "name": "Can delete instructor estudiante",
    "content_type": 35,
    "codename": "delete_instructorestudiante"
  }
},
{
  "model": "auth.permission",
  "pk": 140,
  "fields": {
    "name": "Can view instructor estudiante",
    "content_type": 35,
    "codename": "view_instructorestudiante"
  }
},
{
  "model": "auth.permission",
  "pk": 141,
  "fields": {
    "name": "Can add gestor estudiante",
    "content_type": 36,
    "codename": "add_gestorestudiante"
  }
},
{
  "model": "auth.permission",
  "pk": 142,
  "fields": {
    "name": "Can change gestor estudiante",
    "content_type": 36,
    "codename": "change_gestorestudiante"
  }
},
{
  "model": "auth.permission",
  "pk": 143,
  "fields": {
    "name": "Can delete gestor estudiante",
    "content_type": 36,
    "codename": "delete_gestorestudiante"
  }
},
{
  "model": "auth.permission",
  "pk": 144,
  "fields": {
    "name": "Can view gestor estudiante",
    "content_type": 36,
    "codename": "view_gestorestudiante"
  }
},
{
  "model": "auth.permission",
  "pk": 145,
  "fields": {
    "name": "Can add estudiante curso interes",
    "content_type": 37,
    "codename": "add_estudiantecursointeres"
  }
},
{
  "model": "auth.permission",
  "pk": 146,
  "fields": {
    "name": "Can change estudiante curso interes",
    "content_type": 37,
    "codename": "change_estudiantecursointeres"
  }
},
{
  "model": "auth.permission",
  "pk": 147,
  "fields": {
    "name": "Can delete estudiante curso interes",
    "content_type": 37,
    "codename": "delete_estudiantecursointeres"
  }
},
{
  "model": "auth.permission",
  "pk": 148,
  "fields": {
    "name": "Can view estudiante curso interes",
    "content_type": 37,
    "codename": "view_estudiantecursointeres"
  }
},
{
  "model": "auth.permission",
  "pk": 149,
  "fields": {
    "name": "Can add comentario",
    "content_type": 38,
    "codename": "add_comentario"
  }
},
{
  "model": "auth.permission",
  "pk": 150,
  "fields": {
    "name": "Can change comentario",
    "content_type": 38,
    "codename": "change_comentario"
  }
},
{
  "model": "auth.permission",
  "pk": 151,
  "fields": {
    "name": "Can delete comentario",
    "content_type": 38,
    "codename": "delete_comentario"
  }
},
{
  "model": "auth.permission",
  "pk": 152,
  "fields": {
    "name": "Can view comentario",
    "content_type": 38,
    "codename": "view_comentario"
  }
},
{
  "model": "auth.permission",
  "pk": 153,
  "fields": {
    "name": "Can add estudiante curso siscae",
    "content_type": 39,
    "codename": "add_estudiantecursosiscae"
  }
},
{
  "model": "auth.permission",
  "pk": 154,
  "fields": {
    "name": "Can change estudiante curso siscae",
    "content_type": 39,
    "codename": "change_estudiantecursosiscae"
  }
},
{
  "model": "auth.permission",
  "pk": 155,
  "fields": {
    "name": "Can delete estudiante curso siscae",
    "content_type": 39,
    "codename": "delete_estudiantecursosiscae"
  }
},
{
  "model": "auth.permission",
  "pk": 156,
  "fields": {
    "name": "Can view estudiante curso siscae",
    "content_type": 39,
    "codename": "view_estudiantecursosiscae"
  }
},
{
  "model": "auth.permission",
  "pk": 157,
  "fields": {
    "name": "Can add like",
    "content_type": 40,
    "codename": "add_like"
  }
},
{
  "model": "auth.permission",
  "pk": 158,
  "fields": {
    "name": "Can change like",
    "content_type": 40,
    "codename": "change_like"
  }
},
{
  "model": "auth.permission",
  "pk": 159,
  "fields": {
    "name": "Can delete like",
    "content_type": 40,
    "codename": "delete_like"
  }
},
{
  "model": "auth.permission",
  "pk": 160,
  "fields": {
    "name": "Can view like",
    "content_type": 40,
    "codename": "view_like"
  }
},
{
  "model": "auth.group",
  "pk": 1,
  "fields": {
    "name": "Admin",
    "permissions": []
  }
},
{
  "model": "auth.group",
  "pk": 2,
  "fields": {
    "name": "Estudiante",
    "permissions": []
  }
},
{
  "model": "auth.group",
  "pk": 3,
  "fields": {
    "name": "Instructor",
    "permissions": []
  }
},
{
  "model": "auth.group",
  "pk": 4,
  "fields": {
    "name": "Gestor",
    "permissions": []
  }
},
{
  "model": "auth.group",
  "pk": 5,
  "fields": {
    "name": "Maestro",
    "permissions": []
  }
},
{
  "model": "auth.user",
  "pk": 1,
  "fields": {
    "password": "pbkdf2_sha256$216000$VdKtmQmFp7fr$DalQ3XzMIpeiwlMoKssNj//NJFWrUutHFy4xj8hzKlo=",
    "last_login": "2021-10-22T11:14:23.839Z",
    "is_superuser": true,
    "username": "roal",
    "first_name": "",
    "last_name": "",
    "email": "roaldis.garcia@cha.jovenclub.cu",
    "is_staff": true,
    "is_active": true,
    "date_joined": "2021-05-15T05:29:13Z",
    "groups": [
      1
    ],
    "user_permissions": []
  }
},
{
  "model": "auth.user",
  "pk": 15,
  "fields": {
    "password": "pbkdf2_sha256$216000$whgmOzZlj2rZ$LeX0jKj3VYWAx+glDGr6KYjM/XnDUKVLeRv8OIaEPkk=",
    "last_login": "2021-10-19T11:55:59.439Z",
    "is_superuser": false,
    "username": "frank",
    "first_name": "",
    "last_name": "",
    "email": "",
    "is_staff": false,
    "is_active": true,
    "date_joined": "2021-05-17T08:11:06Z",
    "groups": [
      2
    ],
    "user_permissions": []
  }
},
{
  "model": "auth.user",
  "pk": 25,
  "fields": {
    "password": "pbkdf2_sha256$216000$MGf18q5p55Gw$hp7jh9Hi5HesQ2rsV9rXI02b0FEZRxybTA0nVIFd/mk=",
    "last_login": "2021-06-12T08:10:55.729Z",
    "is_superuser": false,
    "username": "petro",
    "first_name": "",
    "last_name": "",
    "email": "",
    "is_staff": false,
    "is_active": true,
    "date_joined": "2021-06-12T03:34:25.900Z",
    "groups": [
      2
    ],
    "user_permissions": []
  }
},
{
  "model": "auth.user",
  "pk": 26,
  "fields": {
    "password": "pbkdf2_sha256$216000$lJVZR2L8dBb0$0cDRS63+I/yG1E2tPYKQrK/Z0Pli/tmUzakOoYtkmLw=",
    "last_login": "2021-06-13T00:35:10.653Z",
    "is_superuser": false,
    "username": "roro",
    "first_name": "",
    "last_name": "",
    "email": "",
    "is_staff": false,
    "is_active": true,
    "date_joined": "2021-06-13T00:34:59.444Z",
    "groups": [
      2
    ],
    "user_permissions": []
  }
},
{
  "model": "auth.user",
  "pk": 29,
  "fields": {
    "password": "pbkdf2_sha256$216000$ydYwmj9zongY$FGC5HSqQ/lz1xcr5WjvoV0ayUwQzYcQUl0HDM8+tvS0=",
    "last_login": "2021-10-06T00:13:18.596Z",
    "is_superuser": false,
    "username": "lototo",
    "first_name": "",
    "last_name": "",
    "email": "",
    "is_staff": false,
    "is_active": true,
    "date_joined": "2021-08-24T20:22:10.548Z",
    "groups": [
      2
    ],
    "user_permissions": []
  }
},
{
  "model": "auth.user",
  "pk": 35,
  "fields": {
    "password": "pbkdf2_sha256$216000$bojD3Dvu4mS0$YtkOU91+kVrSveJ4pBIF8edz+yAtEdY+ixwQVYH7wMk=",
    "last_login": null,
    "is_superuser": false,
    "username": "yami",
    "first_name": "",
    "last_name": "",
    "email": "",
    "is_staff": false,
    "is_active": true,
    "date_joined": "2021-09-19T12:54:18.267Z",
    "groups": [
      2
    ],
    "user_permissions": []
  }
},
{
  "model": "auth.user",
  "pk": 36,
  "fields": {
    "password": "pbkdf2_sha256$216000$ouOYXvljVZam$PCGCRQltBlAZg/LwU7rgyogEl9gCoJu0OmofuDMEdPg=",
    "last_login": null,
    "is_superuser": false,
    "username": "frank12",
    "first_name": "",
    "last_name": "",
    "email": "",
    "is_staff": false,
    "is_active": true,
    "date_joined": "2021-09-19T21:29:47.838Z",
    "groups": [
      5
    ],
    "user_permissions": []
  }
},
{
  "model": "auth.user",
  "pk": 37,
  "fields": {
    "password": "pbkdf2_sha256$216000$AsyKeue2hmBK$gzPp4BStU47S2s1u1EDaJbj3u65zKiKF2Ym4ms4llII=",
    "last_login": null,
    "is_superuser": false,
    "username": "maria",
    "first_name": "",
    "last_name": "",
    "email": "",
    "is_staff": false,
    "is_active": true,
    "date_joined": "2021-09-19T22:29:26Z",
    "groups": [
      5
    ],
    "user_permissions": []
  }
},
{
  "model": "auth.user",
  "pk": 39,
  "fields": {
    "password": "pbkdf2_sha256$216000$i0i6rsGgMYVv$yj35Al/UW1lX+/qP3N4E95Yw1d1SaRV2OfGgbFy5Y+s=",
    "last_login": null,
    "is_superuser": false,
    "username": "lucre",
    "first_name": "",
    "last_name": "",
    "email": "",
    "is_staff": false,
    "is_active": true,
    "date_joined": "2021-10-12T01:55:30.846Z",
    "groups": [
      2
    ],
    "user_permissions": []
  }
},
{
  "model": "auth.user",
  "pk": 49,
  "fields": {
    "password": "pbkdf2_sha256$216000$7klBHwkYTQ0i$UHDs9zCyRG1wJnsOGYwb+v0MZTx06o+ROLHfogb5KJU=",
    "last_login": null,
    "is_superuser": false,
    "username": "rrrrrrrrrrrrr",
    "first_name": "",
    "last_name": "",
    "email": "",
    "is_staff": false,
    "is_active": true,
    "date_joined": "2021-10-13T15:41:11.691Z",
    "groups": [
      2
    ],
    "user_permissions": []
  }
},
{
  "model": "auth.user",
  "pk": 50,
  "fields": {
    "password": "pbkdf2_sha256$216000$QbAYLgLbyQgc$83/ZsbKYejWwDPZA3v7RK2bxv1nZAW97RXCBqvrc17Y=",
    "last_login": null,
    "is_superuser": false,
    "username": "sssssf",
    "first_name": "",
    "last_name": "",
    "email": "",
    "is_staff": false,
    "is_active": true,
    "date_joined": "2021-10-13T17:37:24.523Z",
    "groups": [
      3
    ],
    "user_permissions": []
  }
},
{
  "model": "auth.user",
  "pk": 56,
  "fields": {
    "password": "pbkdf2_sha256$216000$abodpeIESC1v$2dha6vZ/vs1dv8bVr6oZT0qNwkbdtsOdeh78Wk1Sjuk=",
    "last_login": null,
    "is_superuser": false,
    "username": "zxcfsdsffd",
    "first_name": "",
    "last_name": "",
    "email": "",
    "is_staff": false,
    "is_active": true,
    "date_joined": "2021-10-14T01:20:21.669Z",
    "groups": [
      2
    ],
    "user_permissions": []
  }
},
{
  "model": "auth.user",
  "pk": 57,
  "fields": {
    "password": "pbkdf2_sha256$216000$hsyTpzPXxq9W$vaLM4Ai9SApc3XBMtGfsrvv5pVgkZi5vCzAadhWjCsU=",
    "last_login": null,
    "is_superuser": false,
    "username": "dsadsadsad",
    "first_name": "",
    "last_name": "",
    "email": "",
    "is_staff": false,
    "is_active": true,
    "date_joined": "2021-10-14T01:21:13.061Z",
    "groups": [
      2
    ],
    "user_permissions": []
  }
},
{
  "model": "auth.user",
  "pk": 58,
  "fields": {
    "password": "pbkdf2_sha256$216000$5eR7V0DNmPoM$nRBULH0gBxKNZGSiZaYjJ3wciiTf6tXDE0V/LhMEYMQ=",
    "last_login": null,
    "is_superuser": false,
    "username": "dfggfdgdfgfdg",
    "first_name": "",
    "last_name": "",
    "email": "",
    "is_staff": false,
    "is_active": true,
    "date_joined": "2021-10-14T01:21:43.615Z",
    "groups": [
      2
    ],
    "user_permissions": []
  }
},
{
  "model": "auth.user",
  "pk": 59,
  "fields": {
    "password": "pbkdf2_sha256$216000$x3OqfcrJG3LN$r9W4uhqZMq2LvNg0qAHkTRu8fGBMkRiffgBjekFEm6w=",
    "last_login": null,
    "is_superuser": false,
    "username": "gdfgdfgdf",
    "first_name": "",
    "last_name": "",
    "email": "",
    "is_staff": false,
    "is_active": true,
    "date_joined": "2021-10-14T01:26:53.691Z",
    "groups": [
      3
    ],
    "user_permissions": []
  }
},
{
  "model": "auth.user",
  "pk": 60,
  "fields": {
    "password": "pbkdf2_sha256$216000$rrO57mzlPG6B$zW5RkbelM6wdn6wx2/naSGxztdsdWbAgYcC/j2XgkJA=",
    "last_login": null,
    "is_superuser": false,
    "username": "Ramon",
    "first_name": "",
    "last_name": "",
    "email": "",
    "is_staff": false,
    "is_active": true,
    "date_joined": "2021-10-15T02:43:13.962Z",
    "groups": [],
    "user_permissions": []
  }
},
{
  "model": "auth.user",
  "pk": 68,
  "fields": {
    "password": "pbkdf2_sha256$216000$OesQTFMsKKI4$JJGAprVf8WDBAkf0LLSA4XcRDjjPOSYUcA83P3c6nvs=",
    "last_login": null,
    "is_superuser": false,
    "username": "faaa",
    "first_name": "",
    "last_name": "",
    "email": "",
    "is_staff": true,
    "is_active": true,
    "date_joined": "2021-10-21T05:21:47.050Z",
    "groups": [
      1
    ],
    "user_permissions": []
  }
},
{
  "model": "contenttypes.contenttype",
  "pk": 1,
  "fields": {
    "app_label": "admin",
    "model": "logentry"
  }
},
{
  "model": "contenttypes.contenttype",
  "pk": 2,
  "fields": {
    "app_label": "auth",
    "model": "permission"
  }
},
{
  "model": "contenttypes.contenttype",
  "pk": 3,
  "fields": {
    "app_label": "auth",
    "model": "group"
  }
},
{
  "model": "contenttypes.contenttype",
  "pk": 4,
  "fields": {
    "app_label": "auth",
    "model": "user"
  }
},
{
  "model": "contenttypes.contenttype",
  "pk": 5,
  "fields": {
    "app_label": "contenttypes",
    "model": "contenttype"
  }
},
{
  "model": "contenttypes.contenttype",
  "pk": 6,
  "fields": {
    "app_label": "sessions",
    "model": "session"
  }
},
{
  "model": "contenttypes.contenttype",
  "pk": 7,
  "fields": {
    "app_label": "sitio",
    "model": "sitio_web"
  }
},
{
  "model": "contenttypes.contenttype",
  "pk": 8,
  "fields": {
    "app_label": "sitio",
    "model": "tipomodulo"
  }
},
{
  "model": "contenttypes.contenttype",
  "pk": 9,
  "fields": {
    "app_label": "sitio",
    "model": "modulo"
  }
},
{
  "model": "contenttypes.contenttype",
  "pk": 10,
  "fields": {
    "app_label": "user",
    "model": "perfil"
  }
},
{
  "model": "contenttypes.contenttype",
  "pk": 11,
  "fields": {
    "app_label": "preMatricula",
    "model": "entidad"
  }
},
{
  "model": "contenttypes.contenttype",
  "pk": 12,
  "fields": {
    "app_label": "preMatricula",
    "model": "jcp"
  }
},
{
  "model": "contenttypes.contenttype",
  "pk": 13,
  "fields": {
    "app_label": "preMatricula",
    "model": "provincia"
  }
},
{
  "model": "contenttypes.contenttype",
  "pk": 14,
  "fields": {
    "app_label": "preMatricula",
    "model": "region"
  }
},
{
  "model": "contenttypes.contenttype",
  "pk": 15,
  "fields": {
    "app_label": "preMatricula",
    "model": "municipio"
  }
},
{
  "model": "contenttypes.contenttype",
  "pk": 16,
  "fields": {
    "app_label": "preMatricula",
    "model": "jcm"
  }
},
{
  "model": "contenttypes.contenttype",
  "pk": 17,
  "fields": {
    "app_label": "preMatricula",
    "model": "jcb"
  }
},
{
  "model": "contenttypes.contenttype",
  "pk": 18,
  "fields": {
    "app_label": "preMatricula",
    "model": "cargo"
  }
},
{
  "model": "contenttypes.contenttype",
  "pk": 19,
  "fields": {
    "app_label": "preMatricula",
    "model": "instructor"
  }
},
{
  "model": "contenttypes.contenttype",
  "pk": 20,
  "fields": {
    "app_label": "preMatricula",
    "model": "categoriaocupacional"
  }
},
{
  "model": "contenttypes.contenttype",
  "pk": 21,
  "fields": {
    "app_label": "preMatricula",
    "model": "curso"
  }
},
{
  "model": "contenttypes.contenttype",
  "pk": 22,
  "fields": {
    "app_label": "preMatricula",
    "model": "cursointeres"
  }
},
{
  "model": "contenttypes.contenttype",
  "pk": 23,
  "fields": {
    "app_label": "preMatricula",
    "model": "cursosiscae"
  }
},
{
  "model": "contenttypes.contenttype",
  "pk": 24,
  "fields": {
    "app_label": "preMatricula",
    "model": "discapacidad"
  }
},
{
  "model": "contenttypes.contenttype",
  "pk": 25,
  "fields": {
    "app_label": "preMatricula",
    "model": "estadomatricula"
  }
},
{
  "model": "contenttypes.contenttype",
  "pk": 26,
  "fields": {
    "app_label": "preMatricula",
    "model": "estudiante"
  }
},
{
  "model": "contenttypes.contenttype",
  "pk": 27,
  "fields": {
    "app_label": "preMatricula",
    "model": "gestor"
  }
},
{
  "model": "contenttypes.contenttype",
  "pk": 28,
  "fields": {
    "app_label": "preMatricula",
    "model": "maestro"
  }
},
{
  "model": "contenttypes.contenttype",
  "pk": 29,
  "fields": {
    "app_label": "preMatricula",
    "model": "modalidad"
  }
},
{
  "model": "contenttypes.contenttype",
  "pk": 30,
  "fields": {
    "app_label": "preMatricula",
    "model": "ocupacion"
  }
},
{
  "model": "contenttypes.contenttype",
  "pk": 31,
  "fields": {
    "app_label": "preMatricula",
    "model": "prematricula"
  }
},
{
  "model": "contenttypes.contenttype",
  "pk": 32,
  "fields": {
    "app_label": "preMatricula",
    "model": "tipogrupo"
  }
},
{
  "model": "contenttypes.contenttype",
  "pk": 33,
  "fields": {
    "app_label": "preMatricula",
    "model": "prematriculamaestro"
  }
},
{
  "model": "contenttypes.contenttype",
  "pk": 34,
  "fields": {
    "app_label": "preMatricula",
    "model": "prematriculaestudiante"
  }
},
{
  "model": "contenttypes.contenttype",
  "pk": 35,
  "fields": {
    "app_label": "preMatricula",
    "model": "instructorestudiante"
  }
},
{
  "model": "contenttypes.contenttype",
  "pk": 36,
  "fields": {
    "app_label": "preMatricula",
    "model": "gestorestudiante"
  }
},
{
  "model": "contenttypes.contenttype",
  "pk": 37,
  "fields": {
    "app_label": "preMatricula",
    "model": "estudiantecursointeres"
  }
},
{
  "model": "contenttypes.contenttype",
  "pk": 38,
  "fields": {
    "app_label": "preMatricula",
    "model": "comentario"
  }
},
{
  "model": "contenttypes.contenttype",
  "pk": 39,
  "fields": {
    "app_label": "preMatricula",
    "model": "estudiantecursosiscae"
  }
},
{
  "model": "contenttypes.contenttype",
  "pk": 40,
  "fields": {
    "app_label": "preMatricula",
    "model": "like"
  }
},
{
  "model": "sessions.session",
  "pk": "03lwrivnywp6il16ayuz42r4tgjqrrab",
  "fields": {
    "session_data": ".eJxVjLEOwjAMRP8lM4rqhMSYkZ1vqFzHoQWUSE07If4dKnWA7XTv3b1Mz-sy9mvTuZ-SORswh99uYHlo2UC6c7lVK7Us8zTYTbE7bfZakz4vu_t3MHIbv2uN5JFywEQCohKc8xI79EQSwhYcU0aIEDMlp4rYCQpkGODER2_eH8mlNyw:1mQ89B:8beWliVojbhil_QK78v8_3zGTjxw3JQgkbxpUUdzFrY",
    "expire_date": "2021-09-14T14:06:49.724Z"
  }
},
{
  "model": "sessions.session",
  "pk": "0qya1zrh2t3yvrb0m8a7n3ssc1lueqa8",
  "fields": {
    "session_data": ".eJxVjLEOwjAMRP8lM4rqhMSYkZ1vqFzHoQWUSE07If4dKnWA7XTv3b1Mz-sy9mvTuZ-SORswh99uYHlo2UC6c7lVK7Us8zTYTbE7bfZakz4vu_t3MHIbv2uN5JFywEQCohKc8xI79EQSwhYcU0aIEDMlp4rYCQpkGODER2_eH8mlNyw:1mFsKL:PhFgwWcDlstJMkBUfx0CijM2WZlsz5VfxgyLVzOGHF8",
    "expire_date": "2021-08-17T07:11:57.003Z"
  }
},
{
  "model": "sessions.session",
  "pk": "0w0azpx15hkfzjydkxrht2gexdy30unx",
  "fields": {
    "session_data": ".eJxVjEEOwiAQRe_C2pBCKTAu3XsGMgODVA0kpV0Z765NutDtf-_9lwi4rSVsnZcwJ3EWGsTpdySMD647SXestyZjq-syk9wVedAury3x83K4fwcFe_nWMFrO1rABl2nyLg7ZZiJvR5eNjR7sqJE16qxUUqwpTqwgIdDgHLAW7w8TfThZ:1mXuYg:7O8XkPUEetXznYulA76nOwhbtPYhQSSaI1qQF1l3k0U",
    "expire_date": "2021-10-06T01:13:18.869Z"
  }
},
{
  "model": "sessions.session",
  "pk": "1573gn3bmt90ihtx5wqmsckbfkh86bs5",
  "fields": {
    "session_data": ".eJxVjLEOwjAMRP8lM4rqhMSYkZ1vqFzHoQWUSE07If4dKnWA7XTv3b1Mz-sy9mvTuZ-SORswh99uYHlo2UC6c7lVK7Us8zTYTbE7bfZakz4vu_t3MHIbv2uN5JFywEQCohKc8xI79EQSwhYcU0aIEDMlp4rYCQpkGODER2_eH8mlNyw:1mTzEo:YLWCOUDkdwTqZajmglAc5NnWNL_7VyqlXKov9EyOA9A",
    "expire_date": "2021-09-25T05:24:34.600Z"
  }
},
{
  "model": "sessions.session",
  "pk": "1h4vbfu6z76i28t36n5fiounlztt3ja1",
  "fields": {
    "session_data": ".eJxVjLEOwjAMRP8lM4rqhMSYkZ1vqFzHoQWUSE07If4dKnWA7XTv3b1Mz-sy9mvTuZ-SORswh99uYHlo2UC6c7lVK7Us8zTYTbE7bfZakz4vu_t3MHIbv2uN5JFywEQCohKc8xI79EQSwhYcU0aIEDMlp4rYCQpkGODER2_eH8mlNyw:1mSUjQ:0CxPstdCLzlyyii2_PLiCfL1YzurBdlVXt7V8D0jfpA",
    "expire_date": "2021-09-21T02:38:00.696Z"
  }
},
{
  "model": "sessions.session",
  "pk": "20z4y3p37idj1a1mh1kndmgihodsqgbq",
  "fields": {
    "session_data": ".eJxVjEsOwjAMBe-SNYqc1qEtS_Y9Q-TENimgROpnhbg7VOoCtm9m3ssE2tYctkXmMLG5GOfN6XeMlB5SdsJ3KrdqUy3rPEW7K_agix0ry_N6uH8HmZb8rSU6aTpNnuDcRkdA4tB3Hrw2A2HEFkGZPSC2AyIC9Non1iidKKua9wcJoziH:1luMUt:2JsvKuBx9LUjKSIgv74rUU5fMwMtxx8sehqd6Q5Hnuk",
    "expire_date": "2021-06-18T22:57:55.871Z"
  }
},
{
  "model": "sessions.session",
  "pk": "211qalu8t18hz5okopmmkls5pyso44ct",
  "fields": {
    "session_data": ".eJxVjLEOwjAMRP8lM4rqhMSYkZ1vqFzHoQWUSE07If4dKnWA7XTv3b1Mz-sy9mvTuZ-SORswh99uYHlo2UC6c7lVK7Us8zTYTbE7bfZakz4vu_t3MHIbv2uN5JFywEQCohKc8xI79EQSwhYcU0aIEDMlp4rYCQpkGODER2_eH8mlNyw:1mXtEb:VwTZtaYIx6VGIo1qbue1MoBopV_OenbV9vs0bDH2xFY",
    "expire_date": "2021-10-05T23:48:29.537Z"
  }
},
{
  "model": "sessions.session",
  "pk": "24l880382stfwceetaskbxljgnkqhpaz",
  "fields": {
    "session_data": ".eJxVjEsOwjAMBe-SNYqc1qEtS_Y9Q-TENimgROpnhbg7VOoCtm9m3ssE2tYctkXmMLG5GOfN6XeMlB5SdsJ3KrdqUy3rPEW7K_agix0ry_N6uH8HmZb8rSU6aTpNnuDcRkdA4tB3Hrw2A2HEFkGZPSC2AyIC9Non1iidKKua9wcJoziH:1mX2Tj:3aKwTW5aOCPjK4X1bdAsIWUWIR9lSPf5vbIKYrrJkdk",
    "expire_date": "2021-10-03T15:28:35.511Z"
  }
},
{
  "model": "sessions.session",
  "pk": "2bwkyz4123jod2vq24egl6b55j03t304",
  "fields": {
    "session_data": ".eJxVjLEOwjAMRP8lM4rqhMSYkZ1vqFzHoQWUSE07If4dKnWA7XTv3b1Mz-sy9mvTuZ-SORswh99uYHlo2UC6c7lVK7Us8zTYTbE7bfZakz4vu_t3MHIbv2uN5JFywEQCohKc8xI79EQSwhYcU0aIEDMlp4rYCQpkGODER2_eH8mlNyw:1mOIpS:kK-e8M7abP30q51m3rkHVQm9vury76qT8WxxewFZkZc",
    "expire_date": "2021-09-09T13:06:54.019Z"
  }
},
{
  "model": "sessions.session",
  "pk": "2jvhe1r9fxwk9x91qhy0i35g9xn7qw6d",
  "fields": {
    "session_data": ".eJxVjEEOwiAQRe_C2hBoGUpduu8ZyAwDUjWQlHZlvLtt0oVu_3vvv4XHbc1-a3HxM4urABCX35EwPGM5CD-w3KsMtazLTPJQ5EmbnCrH1-10_w4ytrzXFgZjAUgNKWDHpjc6JgJWI_UQOkqkFfbIhpzVyTlrtUqRDZA1466KzxcHcTg0:1mapUl:LbQP5l7vNE3xyDVudOygLhSclb-rH31O3MFx-VwhFSo",
    "expire_date": "2021-10-14T02:25:19.642Z"
  }
},
{
  "model": "sessions.session",
  "pk": "2wg1z0epfiaqbdw8zccaflczbz983av5",
  "fields": {
    "session_data": ".eJxVjEsOwjAMBe-SNYqc1qEtS_Y9Q-TENimgROpnhbg7VOoCtm9m3ssE2tYctkXmMLG5GOfN6XeMlB5SdsJ3KrdqUy3rPEW7K_agix0ry_N6uH8HmZb8rSU6aTpNnuDcRkdA4tB3Hrw2A2HEFkGZPSC2AyIC9Non1iidKKua9wcJoziH:1mWuDp:pyMXC3N5_2PigW9xodJFNhaSX6MBy6ei3-73rJ8OZ1c",
    "expire_date": "2021-10-03T06:39:37.692Z"
  }
},
{
  "model": "sessions.session",
  "pk": "3728k93udc9tmkopgpquragtas783v34",
  "fields": {
    "session_data": ".eJxVjLEOwjAMRP8lM4rqhMSYkZ1vqFzHoQWUSE07If4dKnWA7XTv3b1Mz-sy9mvTuZ-SORswh99uYHlo2UC6c7lVK7Us8zTYTbE7bfZakz4vu_t3MHIbv2uN5JFywEQCohKc8xI79EQSwhYcU0aIEDMlp4rYCQpkGODER2_eH8mlNyw:1mJNJL:h4mlJqPzQvHyIMx8ZuVBRvezO8PsZQXc8q58q4ea1Gk",
    "expire_date": "2021-08-26T22:53:23.567Z"
  }
},
{
  "model": "sessions.session",
  "pk": "3lr88tr7gu8cmvgb7yoorrmavfsidfw1",
  "fields": {
    "session_data": ".eJxVjLEOwjAMRP8lM4rqhMSYkZ1vqFzHoQWUSE07If4dKnWA7XTv3b1Mz-sy9mvTuZ-SORswh99uYHlo2UC6c7lVK7Us8zTYTbE7bfZakz4vu_t3MHIbv2uN5JFywEQCohKc8xI79EQSwhYcU0aIEDMlp4rYCQpkGODER2_eH8mlNyw:1mPwlG:V1XszmcpRHTWTZ3KfXSecWEde5mBm6ZNNZhPemvnL9k",
    "expire_date": "2021-09-14T01:57:22.166Z"
  }
},
{
  "model": "sessions.session",
  "pk": "4isf8kbk53xvbmes68ijb185ft9g6c8e",
  "fields": {
    "session_data": ".eJxVjEsOwjAMBe-SNYqc1qEtS_Y9Q-TENimgROpnhbg7VOoCtm9m3ssE2tYctkXmMLG5GOfN6XeMlB5SdsJ3KrdqUy3rPEW7K_agix0ry_N6uH8HmZb8rSU6aTpNnuDcRkdA4tB3Hrw2A2HEFkGZPSC2AyIC9Non1iidKKua9wcJoziH:1ltfqX:rpESTJkOhoO3Rj8IIxx0lmuLioeMxj_3T2vsHqXSyrk",
    "expire_date": "2021-06-17T01:25:25.782Z"
  }
},
{
  "model": "sessions.session",
  "pk": "4o81arao41d5o511olqbwk9jw3kw426p",
  "fields": {
    "session_data": ".eJxVjLEOwjAMRP8lM4rqhMSYkZ1vqFzHoQWUSE07If4dKnWA7XTv3b1Mz-sy9mvTuZ-SORswh99uYHlo2UC6c7lVK7Us8zTYTbE7bfZakz4vu_t3MHIbv2uN5JFywEQCohKc8xI79EQSwhYcU0aIEDMlp4rYCQpkGODER2_eH8mlNyw:1ma72P:vGdwMEhTB41OVlgcKj7Ljq1THJpfuQUidnaBuDaJ3II",
    "expire_date": "2021-10-12T02:57:05.497Z"
  }
},
{
  "model": "sessions.session",
  "pk": "66prh5rbsrafuvaio1ddzl4ixin5jnw1",
  "fields": {
    "session_data": ".eJxVjEsOwjAMBe-SNYqc1qEtS_Y9Q-TENimgROpnhbg7VOoCtm9m3ssE2tYctkXmMLG5GOfN6XeMlB5SdsJ3KrdqUy3rPEW7K_agix0ry_N6uH8HmZb8rSU6aTpNnuDcRkdA4tB3Hrw2A2HEFkGZPSC2AyIC9Non1iidKKua9wcJoziH:1mWMmi:ScWX983Pulm6Lir2Vg6RbDH-Y6O3Qe8rELTvuGIbF0g",
    "expire_date": "2021-10-01T18:57:24.338Z"
  }
},
{
  "model": "sessions.session",
  "pk": "6t71gmtg2reipcvdcy4zwf5bs62zmsuk",
  "fields": {
    "session_data": ".eJxVjLEOwjAMRP8lM4rqhMSYkZ1vqFzHoQWUSE07If4dKnWA7XTv3b1Mz-sy9mvTuZ-SORswh99uYHlo2UC6c7lVK7Us8zTYTbE7bfZakz4vu_t3MHIbv2uN5JFywEQCohKc8xI79EQSwhYcU0aIEDMlp4rYCQpkGODER2_eH8mlNyw:1mVbpt:_dmwK-nB2IjlgRvhscv6ZbZ5NrijCG9kWD4FITpZsos",
    "expire_date": "2021-09-29T16:49:33.855Z"
  }
},
{
  "model": "sessions.session",
  "pk": "6txwlqs5dehoze9tlyo9gwtjn68pgyap",
  "fields": {
    "session_data": ".eJxVjLEOwjAMRP8lM4rqhMSYkZ1vqFzHoQWUSE07If4dKnWA7XTv3b1Mz-sy9mvTuZ-SORswh99uYHlo2UC6c7lVK7Us8zTYTbE7bfZakz4vu_t3MHIbv2uN5JFywEQCohKc8xI79EQSwhYcU0aIEDMlp4rYCQpkGODER2_eH8mlNyw:1mXuYV:466djKmPhBYtNjj2gEc5DIM3xgQ6jLtZiFcZNcnyqRU",
    "expire_date": "2021-10-06T01:13:07.825Z"
  }
},
{
  "model": "sessions.session",
  "pk": "712rgujow3r3wmmggk6abp27iyh3yvwx",
  "fields": {
    "session_data": ".eJxVjLEOwjAMRP8lM4rqhMSYkZ1vqFzHoQWUSE07If4dKnWA7XTv3b1Mz-sy9mvTuZ-SORswh99uYHlo2UC6c7lVK7Us8zTYTbE7bfZakz4vu_t3MHIbv2uN5JFywEQCohKc8xI79EQSwhYcU0aIEDMlp4rYCQpkGODER2_eH8mlNyw:1lsell:Qgs49EOEWy_7tQA4YW46OfO_hyFYc1MbP9aAmQT4E2E",
    "expire_date": "2021-06-14T06:04:17.047Z"
  }
},
{
  "model": "sessions.session",
  "pk": "7bzoqc9yupapxv18o6o822bcfgp6dmbw",
  "fields": {
    "session_data": ".eJxVjEsOwjAMBe-SNYqc1qEtS_Y9Q-TENimgROpnhbg7VOoCtm9m3ssE2tYctkXmMLG5GOfN6XeMlB5SdsJ3KrdqUy3rPEW7K_agix0ry_N6uH8HmZb8rSU6aTpNnuDcRkdA4tB3Hrw2A2HEFkGZPSC2AyIC9Non1iidKKua9wcJoziH:1ljJjA:VDFKADrHYvTBG2FSzdVApeWDZgc4DI-s7L2ZQXlG4So",
    "expire_date": "2021-05-19T11:47:00.242Z"
  }
},
{
  "model": "sessions.session",
  "pk": "7m6qcnd9vmiqxtn8m5icy3181v9x2t6v",
  "fields": {
    "session_data": "e30:1mU0Og:EUe4Kj-Uzm0pJJP2WSGhvbvwCZ0tBG44jEZT2VMwoU4",
    "expire_date": "2021-09-25T06:38:50.099Z"
  }
},
{
  "model": "sessions.session",
  "pk": "8eh77nlle7nyfl9yyl58c8n3jq40hsqr",
  "fields": {
    "session_data": ".eJxVjLEOwjAMRP8lM4rqhMSYkZ1vqFzHoQWUSE07If4dKnWA7XTv3b1Mz-sy9mvTuZ-SORswh99uYHlo2UC6c7lVK7Us8zTYTbE7bfZakz4vu_t3MHIbv2uN5JFywEQCohKc8xI79EQSwhYcU0aIEDMlp4rYCQpkGODER2_eH8mlNyw:1mdDbo:ii9sOKaWiFhKllLdzs3Ena3_6gezmcZ6b1Wad_Gc0H8",
    "expire_date": "2021-10-20T16:34:28.081Z"
  }
},
{
  "model": "sessions.session",
  "pk": "8jdjcec1w8530b5j8w2873i4cfgg2h16",
  "fields": {
    "session_data": ".eJxVjEsOwjAMBe-SNYqc1qEtS_Y9Q-TENimgROpnhbg7VOoCtm9m3ssE2tYctkXmMLG5GOfN6XeMlB5SdsJ3KrdqUy3rPEW7K_agix0ry_N6uH8HmZb8rSU6aTpNnuDcRkdA4tB3Hrw2A2HEFkGZPSC2AyIC9Non1iidKKua9wcJoziH:1mWUFs:UuESjIbKXGOTV6y4-MSWxnsODfLatK0sPuzSllWFJrU",
    "expire_date": "2021-10-02T02:56:00.518Z"
  }
},
{
  "model": "sessions.session",
  "pk": "9bg83ar6vuvlcr3i7ungjxb6itvxejv6",
  "fields": {
    "session_data": ".eJxVjLEOwjAMRP8lM4rqhMSYkZ1vqFzHoQWUSE07If4dKnWA7XTv3b1Mz-sy9mvTuZ-SORswh99uYHlo2UC6c7lVK7Us8zTYTbE7bfZakz4vu_t3MHIbv2uN5JFywEQCohKc8xI79EQSwhYcU0aIEDMlp4rYCQpkGODER2_eH8mlNyw:1mX2UP:lAauHUTTnzRrK7t39Ai10cb6PnF48dpPgNMrmWIJh1g",
    "expire_date": "2021-10-03T15:29:17.524Z"
  }
},
{
  "model": "sessions.session",
  "pk": "9hj3016x4kbrnpqwpm6ft2jzj0gdorja",
  "fields": {
    "session_data": ".eJxVjLEOwjAMRP8lM4rqhMSYkZ1vqFzHoQWUSE07If4dKnWA7XTv3b1Mz-sy9mvTuZ-SORswh99uYHlo2UC6c7lVK7Us8zTYTbE7bfZakz4vu_t3MHIbv2uN5JFywEQCohKc8xI79EQSwhYcU0aIEDMlp4rYCQpkGODER2_eH8mlNyw:1lvr0V:RBHGoO86hBdcmhxxLaLsaG_oKI0Ui9pp-ezlUAvITG0",
    "expire_date": "2021-06-23T01:44:43.286Z"
  }
},
{
  "model": "sessions.session",
  "pk": "a4vj2b8upn7qew22vpxrhga9mx2bi6cy",
  "fields": {
    "session_data": ".eJxVjLEOwjAMRP8lM4rqhMSYkZ1vqFzHoQWUSE07If4dKnWA7XTv3b1Mz-sy9mvTuZ-SORswh99uYHlo2UC6c7lVK7Us8zTYTbE7bfZakz4vu_t3MHIbv2uN5JFywEQCohKc8xI79EQSwhYcU0aIEDMlp4rYCQpkGODER2_eH8mlNyw:1ljZdY:pNKou98oE-co-TvQsXOOlvxByFtS3vwApPqKcPPlM_g",
    "expire_date": "2021-05-20T04:46:16.895Z"
  }
},
{
  "model": "sessions.session",
  "pk": "a57ycsmd5jm2574kmvkaql461kre5tt0",
  "fields": {
    "session_data": ".eJxVjLEOwjAMRP8lM4rqhMSYkZ1vqFzHoQWUSE07If4dKnWA7XTv3b1Mz-sy9mvTuZ-SORswh99uYHlo2UC6c7lVK7Us8zTYTbE7bfZakz4vu_t3MHIbv2uN5JFywEQCohKc8xI79EQSwhYcU0aIEDMlp4rYCQpkGODER2_eH8mlNyw:1mP72w:X7mAEnCSNmu2N6r5K_J172WtLGVakU4N7w3zh4t9PXE",
    "expire_date": "2021-09-11T18:44:10.228Z"
  }
},
{
  "model": "sessions.session",
  "pk": "a6e9gak4q8cjf96b96lqi2qbsxfjpg1y",
  "fields": {
    "session_data": ".eJxVjEsOwjAMBe-SNYqc1qEtS_Y9Q-TENimgROpnhbg7VOoCtm9m3ssE2tYctkXmMLG5GOfN6XeMlB5SdsJ3KrdqUy3rPEW7K_agix0ry_N6uH8HmZb8rSU6aTpNnuDcRkdA4tB3Hrw2A2HEFkGZPSC2AyIC9Non1iidKKua9wcJoziH:1mWOUo:pSp0yVv7sMlEOsETqdKgQ2znBTWNd2PDPDGTMiWt4iY",
    "expire_date": "2021-10-01T20:47:02.144Z"
  }
},
{
  "model": "sessions.session",
  "pk": "adgwzn1bybhiv93f704at9hz11v3ispz",
  "fields": {
    "session_data": ".eJxVjLEOwjAMRP8lM4rqhMSYkZ1vqFzHoQWUSE07If4dKnWA7XTv3b1Mz-sy9mvTuZ-SORswh99uYHlo2UC6c7lVK7Us8zTYTbE7bfZakz4vu_t3MHIbv2uN5JFywEQCohKc8xI79EQSwhYcU0aIEDMlp4rYCQpkGODER2_eH8mlNyw:1mPqPZ:4xZ3YjdQULiyI8HOpPDw4LiUX6knik0fb94HH5DaJqw",
    "expire_date": "2021-09-13T19:10:33.297Z"
  }
},
{
  "model": "sessions.session",
  "pk": "agctqm5bwrbvknhqu6se5sdjc5g3mhlp",
  "fields": {
    "session_data": ".eJxVjLEOwjAMRP8lM4rqhMSYkZ1vqFzHoQWUSE07If4dKnWA7XTv3b1Mz-sy9mvTuZ-SORswh99uYHlo2UC6c7lVK7Us8zTYTbE7bfZakz4vu_t3MHIbv2uN5JFywEQCohKc8xI79EQSwhYcU0aIEDMlp4rYCQpkGODER2_eH8mlNyw:1ma1Nx:N3cNTWVpf58TSo-dDxHwPUSZCPkYPxIibTJY_SpH8dQ",
    "expire_date": "2021-10-11T20:54:57.109Z"
  }
},
{
  "model": "sessions.session",
  "pk": "agl4jbad810n49ap7bgtzymvxikt1489",
  "fields": {
    "session_data": ".eJxVjLEOwjAMRP8lM4rqhMSYkZ1vqFzHoQWUSE07If4dKnWA7XTv3b1Mz-sy9mvTuZ-SORswh99uYHlo2UC6c7lVK7Us8zTYTbE7bfZakz4vu_t3MHIbv2uN5JFywEQCohKc8xI79EQSwhYcU0aIEDMlp4rYCQpkGODER2_eH8mlNyw:1mWOV2:BlbIOOaxooQyI9NOBRJ5bATH8I1mwMCJxoZv_zYE7KM",
    "expire_date": "2021-10-01T20:47:16.319Z"
  }
},
{
  "model": "sessions.session",
  "pk": "asadw4yv21ek7o1qf80jvrs2okdnn7sj",
  "fields": {
    "session_data": ".eJxVjLEOwjAMRP8lM4rqhMSYkZ1vqFzHoQWUSE07If4dKnWA7XTv3b1Mz-sy9mvTuZ-SORswh99uYHlo2UC6c7lVK7Us8zTYTbE7bfZakz4vu_t3MHIbv2uN5JFywEQCohKc8xI79EQSwhYcU0aIEDMlp4rYCQpkGODER2_eH8mlNyw:1mT5Ny:YZkQpTWGfcYE5mdVFV5L4B4oGZUIg59v6cJfJnclVKk",
    "expire_date": "2021-09-22T17:46:18.266Z"
  }
},
{
  "model": "sessions.session",
  "pk": "ayj8srs4i4spqrgbpdzn8ank8z6ex92t",
  "fields": {
    "session_data": ".eJxVjEsOwjAMBe-SNYqc1qEtS_Y9Q-TENimgROpnhbg7VOoCtm9m3ssE2tYctkXmMLG5GOfN6XeMlB5SdsJ3KrdqUy3rPEW7K_agix0ry_N6uH8HmZb8rSU6aTpNnuDcRkdA4tB3Hrw2A2HEFkGZPSC2AyIC9Non1iidKKua9wcJoziH:1mTzMT:UGvxaZNf-h1zUV_2RbJV8T8Xrk3HeUDcf5U7D9eG5f4",
    "expire_date": "2021-09-25T05:32:29.551Z"
  }
},
{
  "model": "sessions.session",
  "pk": "az5e5k0zkylqbqflmfn2bmcvkv7fx813",
  "fields": {
    "session_data": ".eJxVjLEOwjAMRP8lM4rqhMSYkZ1vqFzHoQWUSE07If4dKnWA7XTv3b1Mz-sy9mvTuZ-SORswh99uYHlo2UC6c7lVK7Us8zTYTbE7bfZakz4vu_t3MHIbv2uN5JFywEQCohKc8xI79EQSwhYcU0aIEDMlp4rYCQpkGODER2_eH8mlNyw:1mYOOi:C_qywNMwNMCmYmYeELHFcM5ZidTN6Gfuk1HFWJGQHr0",
    "expire_date": "2021-10-07T09:05:00.617Z"
  }
},
{
  "model": "sessions.session",
  "pk": "azo0sbjfqeodr8udx90env6tcd0o6o6t",
  "fields": {
    "session_data": ".eJxVjLEOwjAMRP8lM4rqhMSYkZ1vqFzHoQWUSE07If4dKnWA7XTv3b1Mz-sy9mvTuZ-SORswh99uYHlo2UC6c7lVK7Us8zTYTbE7bfZakz4vu_t3MHIbv2uN5JFywEQCohKc8xI79EQSwhYcU0aIEDMlp4rYCQpkGODER2_eH8mlNyw:1mZ6qI:PXgwvRuMu0nDuEuS3lCKdBuKcRsunBoiMN5t0X-AWG4",
    "expire_date": "2021-10-09T08:32:26.871Z"
  }
},
{
  "model": "sessions.session",
  "pk": "bg2ftm7zfmvjpqtsiw9elaf3mzb7stwp",
  "fields": {
    "session_data": ".eJxVjLEOwjAMRP8lM4rqhMSYkZ1vqFzHoQWUSE07If4dKnWA7XTv3b1Mz-sy9mvTuZ-SORswh99uYHlo2UC6c7lVK7Us8zTYTbE7bfZakz4vu_t3MHIbv2uN5JFywEQCohKc8xI79EQSwhYcU0aIEDMlp4rYCQpkGODER2_eH8mlNyw:1mZBmK:zgHQzaq9l5U_lmApAKbF-PxEMInIeJFoF-coXBTysCI",
    "expire_date": "2021-10-09T13:48:40.070Z"
  }
},
{
  "model": "sessions.session",
  "pk": "byjg8e9va5sxidrc12uwhcyui85vr7wt",
  "fields": {
    "session_data": ".eJxVjLEOwjAMRP8lM4rqhMSYkZ1vqFzHoQWUSE07If4dKnWA7XTv3b1Mz-sy9mvTuZ-SORswh99uYHlo2UC6c7lVK7Us8zTYTbE7bfZakz4vu_t3MHIbv2uN5JFywEQCohKc8xI79EQSwhYcU0aIEDMlp4rYCQpkGODER2_eH8mlNyw:1mTNy9:U54SiI1DXAprKe3bdrgBVjJYwer1htjUd-Ij1wYftuQ",
    "expire_date": "2021-09-23T13:36:53.316Z"
  }
},
{
  "model": "sessions.session",
  "pk": "cdr6unqgg5c5741zp8k8yvg78hoi99et",
  "fields": {
    "session_data": ".eJxVjLEOwjAMRP8lM4rqhMSYkZ1vqFzHoQWUSE07If4dKnWA7XTv3b1Mz-sy9mvTuZ-SORswh99uYHlo2UC6c7lVK7Us8zTYTbE7bfZakz4vu_t3MHIbv2uN5JFywEQCohKc8xI79EQSwhYcU0aIEDMlp4rYCQpkGODER2_eH8mlNyw:1mP97A:HbXbV6v36iWutPczh2sypUIX9kKKsI85QHFVP3amb9I",
    "expire_date": "2021-09-11T20:56:40.556Z"
  }
},
{
  "model": "sessions.session",
  "pk": "dnaob3xij0hn11fc95lhpqdinlcsiq79",
  "fields": {
    "session_data": ".eJxVjEsOwjAMBe-SNYqc1qEtS_Y9Q-TENimgROpnhbg7VOoCtm9m3ssE2tYctkXmMLG5GOfN6XeMlB5SdsJ3KrdqUy3rPEW7K_agix0ry_N6uH8HmZb8rSU6aTpNnuDcRkdA4tB3Hrw2A2HEFkGZPSC2AyIC9Non1iidKKua9wcJoziH:1mTmta:C96J1eBq9ZuPV_mj4k0X1Op84pNWSxGaleFnnCkYuHM",
    "expire_date": "2021-09-24T16:13:50.800Z"
  }
},
{
  "model": "sessions.session",
  "pk": "dvsijigxkjysydxt48vj4uywi9abie13",
  "fields": {
    "session_data": ".eJxVjLEOwjAMRP8lM4rqhMSYkZ1vqFzHoQWUSE07If4dKnWA7XTv3b1Mz-sy9mvTuZ-SORswh99uYHlo2UC6c7lVK7Us8zTYTbE7bfZakz4vu_t3MHIbv2uN5JFywEQCohKc8xI79EQSwhYcU0aIEDMlp4rYCQpkGODER2_eH8mlNyw:1mPPjw:LhoTSgY_pnEbaKLPmhmZloxHM_jVyGTCRNnngngKi7Q",
    "expire_date": "2021-09-12T14:41:48.844Z"
  }
},
{
  "model": "sessions.session",
  "pk": "dzmekrodxtelxq2rosmefsrh8l1eaqfl",
  "fields": {
    "session_data": ".eJxVjLEOwjAMRP8lM4rqhMSYkZ1vqFzHoQWUSE07If4dKnWA7XTv3b1Mz-sy9mvTuZ-SORswh99uYHlo2UC6c7lVK7Us8zTYTbE7bfZakz4vu_t3MHIbv2uN5JFywEQCohKc8xI79EQSwhYcU0aIEDMlp4rYCQpkGODER2_eH8mlNyw:1mdsWy:dHBCP0jXbJ0zKqRZSdz8FskZNmVeyuniz1-nrFQXdlE",
    "expire_date": "2021-10-22T12:16:12.533Z"
  }
},
{
  "model": "sessions.session",
  "pk": "e0ipeb2925i9uendmr21kk8iutwj9nba",
  "fields": {
    "session_data": ".eJxVjLEOwjAMRP8lM4rqhMSYkZ1vqFzHoQWUSE07If4dKnWA7XTv3b1Mz-sy9mvTuZ-SORswh99uYHlo2UC6c7lVK7Us8zTYTbE7bfZakz4vu_t3MHIbv2uN5JFywEQCohKc8xI79EQSwhYcU0aIEDMlp4rYCQpkGODER2_eH8mlNyw:1mTs09:2mtSBLeTiUuRxRlVfyvy2WeT3s2YU9UXC7RPq_1gbIU",
    "expire_date": "2021-09-24T21:40:57.895Z"
  }
},
{
  "model": "sessions.session",
  "pk": "e0w5qhqcrqw9p2ayvb43hi2gj4ime6b7",
  "fields": {
    "session_data": ".eJxVjLEOwjAMRP8lM4rqhMSYkZ1vqFzHoQWUSE07If4dKnWA7XTv3b1Mz-sy9mvTuZ-SORswh99uYHlo2UC6c7lVK7Us8zTYTbE7bfZakz4vu_t3MHIbv2uN5JFywEQCohKc8xI79EQSwhYcU0aIEDMlp4rYCQpkGODER2_eH8mlNyw:1mbBQn:l3kxyhHtQvUU9MEfITiHe1HBPxkSkDs0E6PklIrxXIU",
    "expire_date": "2021-10-15T01:50:41.293Z"
  }
},
{
  "model": "sessions.session",
  "pk": "e1582w74f3put9sag7dh47r8sogwbdzm",
  "fields": {
    "session_data": ".eJxVjLEOwjAMRP8lM4rqhMSYkZ1vqFzHoQWUSE07If4dKnWA7XTv3b1Mz-sy9mvTuZ-SORswh99uYHlo2UC6c7lVK7Us8zTYTbE7bfZakz4vu_t3MHIbv2uN5JFywEQCohKc8xI79EQSwhYcU0aIEDMlp4rYCQpkGODER2_eH8mlNyw:1mSEAC:YoNrbxG0jH4cEU7o4RByMgxdws7nmmnn0m-DQcHIiJY",
    "expire_date": "2021-09-20T08:56:32.869Z"
  }
},
{
  "model": "sessions.session",
  "pk": "e5ny1dgukp5ffuf98pl7sgc8n8hsix2h",
  "fields": {
    "session_data": ".eJxVjLEOwjAMRP8lM4rqhMSYkZ1vqFzHoQWUSE07If4dKnWA7XTv3b1Mz-sy9mvTuZ-SORswh99uYHlo2UC6c7lVK7Us8zTYTbE7bfZakz4vu_t3MHIbv2uN5JFywEQCohKc8xI79EQSwhYcU0aIEDMlp4rYCQpkGODER2_eH8mlNyw:1mWuK4:VRM4kyyOVkxJeI1chIt71OiYH2ZkMNSMZMI4Jb8-gGA",
    "expire_date": "2021-10-03T06:46:04.742Z"
  }
},
{
  "model": "sessions.session",
  "pk": "ek4obhnnapgjeic37zinf419128tsm1e",
  "fields": {
    "session_data": ".eJxVjLEOwjAMRP8lM4rqhMSYkZ1vqFzHoQWUSE07If4dKnWA7XTv3b1Mz-sy9mvTuZ-SORswh99uYHlo2UC6c7lVK7Us8zTYTbE7bfZakz4vu_t3MHIbv2uN5JFywEQCohKc8xI79EQSwhYcU0aIEDMlp4rYCQpkGODER2_eH8mlNyw:1mRM1U:1PKMj5IYjfjqQG2fRUtLMtCYRFB_q0kXyGc63BnCIQ0",
    "expire_date": "2021-09-17T23:07:56.846Z"
  }
},
{
  "model": "sessions.session",
  "pk": "f1uclac9vbed45htgnqs925ikexqjbcy",
  "fields": {
    "session_data": ".eJxVjEsOwjAMBe-SNYqc1qEtS_Y9Q-TENimgROpnhbg7VOoCtm9m3ssE2tYctkXmMLG5GOfN6XeMlB5SdsJ3KrdqUy3rPEW7K_agix0ry_N6uH8HmZb8rSU6aTpNnuDcRkdA4tB3Hrw2A2HEFkGZPSC2AyIC9Non1iidKKua9wcJoziH:1mTv5h:9SxWCgc51yNx58MhP2EshW1LKgXHuAtBa1OSDY29R6A",
    "expire_date": "2021-09-25T00:58:53.049Z"
  }
},
{
  "model": "sessions.session",
  "pk": "fn7dp90lsftopmx7kpyrdyt06xlsp75f",
  "fields": {
    "session_data": ".eJxVjLEOwjAMRP8lM4rqhMSYkZ1vqFzHoQWUSE07If4dKnWA7XTv3b1Mz-sy9mvTuZ-SORswh99uYHlo2UC6c7lVK7Us8zTYTbE7bfZakz4vu_t3MHIbv2uN5JFywEQCohKc8xI79EQSwhYcU0aIEDMlp4rYCQpkGODER2_eH8mlNyw:1mTbNk:cQbfYMu9crN3BieELp5yEDamuORh_vfNB0ODwu8AH-w",
    "expire_date": "2021-09-24T03:56:12.773Z"
  }
},
{
  "model": "sessions.session",
  "pk": "gb2ixlwfc2xfilc3wbpxw9x6z4e20jeq",
  "fields": {
    "session_data": ".eJxVjEsOwiAUAO_C2hALCDyX7nuG5n3AVg0kpV0Z725IutDtzGTeasJ9m6e9pXVaRF2VAXX6hYT8TKUbeWC5V821bOtCuif6sE2PVdLrdrR_gxnb3L9krWMXfEYeBhEIIcYLGuMzsANHAT0jhTCwJ0sQIdrsxGBkEXMG9fkCBpc4IA:1mWcLD:TIwfPB-fmnzxwbAM_QzvgKxJQgedurXcIKNPAI0Qx-o",
    "expire_date": "2021-10-02T11:34:03.964Z"
  }
},
{
  "model": "sessions.session",
  "pk": "gbd4euvhcdu90og2pmjng4kesc0qtj7y",
  "fields": {
    "session_data": ".eJxVjLEOwjAMRP8lM4rqhMSYkZ1vqFzHoQWUSE07If4dKnWA7XTv3b1Mz-sy9mvTuZ-SORswh99uYHlo2UC6c7lVK7Us8zTYTbE7bfZakz4vu_t3MHIbv2uN5JFywEQCohKc8xI79EQSwhYcU0aIEDMlp4rYCQpkGODER2_eH8mlNyw:1mSTCf:fMFeUGdaGI3PPgfyn-OKnisKdISakcdkUcE4clJpTOc",
    "expire_date": "2021-09-21T01:00:05.466Z"
  }
},
{
  "model": "sessions.session",
  "pk": "gg6dlfrzb8nf7mxv2hnrve4pvva68ehu",
  "fields": {
    "session_data": ".eJxVjLEOwjAMRP8lM4rqhMSYkZ1vqFzHoQWUSE07If4dKnWA7XTv3b1Mz-sy9mvTuZ-SORswh99uYHlo2UC6c7lVK7Us8zTYTbE7bfZakz4vu_t3MHIbv2uN5JFywEQCohKc8xI79EQSwhYcU0aIEDMlp4rYCQpkGODER2_eH8mlNyw:1mS80s:6f3CD8ByqOoZcffyRHySMB-8xpEgieX6S2t7SfQWQPQ",
    "expire_date": "2021-09-20T02:22:30.871Z"
  }
},
{
  "model": "sessions.session",
  "pk": "ggve5lripkdwkh4r4sxx5y5fdo7xm812",
  "fields": {
    "session_data": ".eJxVjLEOwjAMRP8lM4rqhMSYkZ1vqFzHoQWUSE07If4dKnWA7XTv3b1Mz-sy9mvTuZ-SORswh99uYHlo2UC6c7lVK7Us8zTYTbE7bfZakz4vu_t3MHIbv2uN5JFywEQCohKc8xI79EQSwhYcU0aIEDMlp4rYCQpkGODER2_eH8mlNyw:1mPlgk:i23-MByntO0p3Vi-ntmNd8UHKiJYzF01U37pz4y6GYU",
    "expire_date": "2021-09-13T14:07:58.085Z"
  }
},
{
  "model": "sessions.session",
  "pk": "glf3o3yht36wiolw6sszsva59zxr2go9",
  "fields": {
    "session_data": ".eJxVjLEOwjAMRP8lM4rqhMSYkZ1vqFzHoQWUSE07If4dKnWA7XTv3b1Mz-sy9mvTuZ-SORswh99uYHlo2UC6c7lVK7Us8zTYTbE7bfZakz4vu_t3MHIbv2uN5JFywEQCohKc8xI79EQSwhYcU0aIEDMlp4rYCQpkGODER2_eH8mlNyw:1mV0P2:pK4KAqwS4fWfKZp23AczRbfuC3Vp9SUg3oTxUoodIgo",
    "expire_date": "2021-09-28T00:51:20.383Z"
  }
},
{
  "model": "sessions.session",
  "pk": "gp2gcw8hjyfzrfmlo4b4w4v8ukpo0pl2",
  "fields": {
    "session_data": ".eJxVjLEOwjAMRP8lM4rqhMSYkZ1vqFzHoQWUSE07If4dKnWA7XTv3b1Mz-sy9mvTuZ-SORswh99uYHlo2UC6c7lVK7Us8zTYTbE7bfZakz4vu_t3MHIbv2uN5JFywEQCohKc8xI79EQSwhYcU0aIEDMlp4rYCQpkGODER2_eH8mlNyw:1mRPXC:XyIL_sO6-veavVWEidV2S9A7yHFB47S3bM8vgB8mrEI",
    "expire_date": "2021-09-18T02:52:54.378Z"
  }
},
{
  "model": "sessions.session",
  "pk": "gxzln2upr8r0tdp4s3l1pyk69v3n7ys2",
  "fields": {
    "session_data": ".eJxVjLEOwjAMRP8lM4rqhMSYkZ1vqFzHoQWUSE07If4dKnWA7XTv3b1Mz-sy9mvTuZ-SORswh99uYHlo2UC6c7lVK7Us8zTYTbE7bfZakz4vu_t3MHIbv2uN5JFywEQCohKc8xI79EQSwhYcU0aIEDMlp4rYCQpkGODER2_eH8mlNyw:1maeSf:tZASXsdic28bzzSB0yh6_mRXCMahH7BnPPRg7hJqIxU",
    "expire_date": "2021-10-13T14:38:25.998Z"
  }
},
{
  "model": "sessions.session",
  "pk": "gzwhb77ff1f4ubjsedkez6aia805qhu9",
  "fields": {
    "session_data": ".eJxVjEsOwjAMBe-SNYqc1qEtS_Y9Q-TENimgROpnhbg7VOoCtm9m3ssE2tYctkXmMLG5GOfN6XeMlB5SdsJ3KrdqUy3rPEW7K_agix0ry_N6uH8HmZb8rSU6aTpNnuDcRkdA4tB3Hrw2A2HEFkGZPSC2AyIC9Non1iidKKua9wcJoziH:1ludVO:KeGxpgE60roQNmoT8knxw4_hKukxNbWOoWFp-BZeHQM",
    "expire_date": "2021-06-19T17:07:34.785Z"
  }
},
{
  "model": "sessions.session",
  "pk": "hlyqlmb2vfg9ijohezsu3f2f2ga87f84",
  "fields": {
    "session_data": ".eJxVjLEOwjAMRP8lM4rqhMSYkZ1vqFzHoQWUSE07If4dKnWA7XTv3b1Mz-sy9mvTuZ-SORswh99uYHlo2UC6c7lVK7Us8zTYTbE7bfZakz4vu_t3MHIbv2uN5JFywEQCohKc8xI79EQSwhYcU0aIEDMlp4rYCQpkGODER2_eH8mlNyw:1mZ3jx:MvzelVfvQJHqxlrJ12lLiNkfh4diuQu0Q4KDJtU7uko",
    "expire_date": "2021-10-09T05:13:41.884Z"
  }
},
{
  "model": "sessions.session",
  "pk": "hw2z4264x0aeg6wdtiejxnz1f9te2qc8",
  "fields": {
    "session_data": ".eJxVjLEOwjAMRP8lM4rqhMSYkZ1vqFzHoQWUSE07If4dKnWA7XTv3b1Mz-sy9mvTuZ-SORswh99uYHlo2UC6c7lVK7Us8zTYTbE7bfZakz4vu_t3MHIbv2uN5JFywEQCohKc8xI79EQSwhYcU0aIEDMlp4rYCQpkGODER2_eH8mlNyw:1mcnny:FV545Y8_TCn1YH3T399dzdrAWMPyMGtVwMYho9i4MUM",
    "expire_date": "2021-10-19T13:01:18.013Z"
  }
},
{
  "model": "sessions.session",
  "pk": "i1c85jwkjd2ns38nu1utuqnu32pnw743",
  "fields": {
    "session_data": ".eJxVjLEOwjAMRP8lM4rqhMSYkZ1vqFzHoQWUSE07If4dKnWA7XTv3b1Mz-sy9mvTuZ-SORswh99uYHlo2UC6c7lVK7Us8zTYTbE7bfZakz4vu_t3MHIbv2uN5JFywEQCohKc8xI79EQSwhYcU0aIEDMlp4rYCQpkGODER2_eH8mlNyw:1mavDR:sYvBRaCJc8BpJhBTiykBbDvCqwDtuoqkHbBGcmw47jk",
    "expire_date": "2021-10-14T08:31:49.319Z"
  }
},
{
  "model": "sessions.session",
  "pk": "i1l30ulzxt4x13ceuna38v8mqn654i58",
  "fields": {
    "session_data": ".eJxVjLEOwjAMRP8lM4rqhMSYkZ1vqFzHoQWUSE07If4dKnWA7XTv3b1Mz-sy9mvTuZ-SORswh99uYHlo2UC6c7lVK7Us8zTYTbE7bfZakz4vu_t3MHIbv2uN5JFywEQCohKc8xI79EQSwhYcU0aIEDMlp4rYCQpkGODER2_eH8mlNyw:1ma3Y5:jWsO75ukJQmycyd_1v_1eliUz80PbmcrRqAxYooj_Zo",
    "expire_date": "2021-10-11T23:13:33.318Z"
  }
},
{
  "model": "sessions.session",
  "pk": "ifrgpubo9g54l31roqu2kizfy335lr77",
  "fields": {
    "session_data": ".eJxVjLEOwjAMRP8lM4rqhMSYkZ1vqFzHoQWUSE07If4dKnWA7XTv3b1Mz-sy9mvTuZ-SORswh99uYHlo2UC6c7lVK7Us8zTYTbE7bfZakz4vu_t3MHIbv2uN5JFywEQCohKc8xI79EQSwhYcU0aIEDMlp4rYCQpkGODER2_eH8mlNyw:1mUuk1:1SdT03avcT06x6p1hj7V-fdILnMH__Yb4d9ZeHfbelg",
    "expire_date": "2021-09-27T18:48:37.567Z"
  }
},
{
  "model": "sessions.session",
  "pk": "iidzy37zzqhbaydcf79tbc7oc20ks958",
  "fields": {
    "session_data": ".eJxVjEsOwjAMBe-SNYqc1qEtS_Y9Q-TENimgROpnhbg7VOoCtm9m3ssE2tYctkXmMLG5GOfN6XeMlB5SdsJ3KrdqUy3rPEW7K_agix0ry_N6uH8HmZb8rSU6aTpNnuDcRkdA4tB3Hrw2A2HEFkGZPSC2AyIC9Non1iidKKua9wcJoziH:1mVbor:lJSJPV5XDEk8SYQmw0Fm26ZPiS1FoYpTxVZuxsr9LAo",
    "expire_date": "2021-09-29T16:48:29.567Z"
  }
},
{
  "model": "sessions.session",
  "pk": "ill5i6hb69ywg906hwwcxlmwdqjx3lxy",
  "fields": {
    "session_data": ".eJxVjLEOwjAMRP8lM4rqhMSYkZ1vqFzHoQWUSE07If4dKnWA7XTv3b1Mz-sy9mvTuZ-SORswh99uYHlo2UC6c7lVK7Us8zTYTbE7bfZakz4vu_t3MHIbv2uN5JFywEQCohKc8xI79EQSwhYcU0aIEDMlp4rYCQpkGODER2_eH8mlNyw:1mKcZz:aHNg12AfSPDU2rqcPuKsJQqjC9K4rJZHDAXY2009NSc",
    "expire_date": "2021-08-30T09:23:43.430Z"
  }
},
{
  "model": "sessions.session",
  "pk": "j2gaslwhqwgs09ltttv7779azdrzp7go",
  "fields": {
    "session_data": ".eJxVjEsOwjAMBe-SNYqc1qEtS_Y9Q-TENimgROpnhbg7VOoCtm9m3ssE2tYctkXmMLG5GOfN6XeMlB5SdsJ3KrdqUy3rPEW7K_agix0ry_N6uH8HmZb8rSU6aTpNnuDcRkdA4tB3Hrw2A2HEFkGZPSC2AyIC9Non1iidKKua9wcJoziH:1lsKHD:8Q1tFu0rLX9-Dr2Q22kluhAuvBeDnNk65bK3BxbeygM",
    "expire_date": "2021-06-13T08:11:23.797Z"
  }
},
{
  "model": "sessions.session",
  "pk": "j6km25tuu33u0huyxp00ysiv0uvb39ze",
  "fields": {
    "session_data": ".eJxVjLEOwjAMRP8lM4rqhMSYkZ1vqFzHoQWUSE07If4dKnWA7XTv3b1Mz-sy9mvTuZ-SORswh99uYHlo2UC6c7lVK7Us8zTYTbE7bfZakz4vu_t3MHIbv2uN5JFywEQCohKc8xI79EQSwhYcU0aIEDMlp4rYCQpkGODER2_eH8mlNyw:1mbGsZ:1tr1Iu0QnkCyf9flUL96Imu90i2X3hbp6iVl50BGD-c",
    "expire_date": "2021-10-15T07:39:43.923Z"
  }
},
{
  "model": "sessions.session",
  "pk": "j7r4o6k6so0ranrbkgo9v2r7ps8yh7yx",
  "fields": {
    "session_data": ".eJxVjLEOwjAMRP8lM4rqhMSYkZ1vqFzHoQWUSE07If4dKnWA7XTv3b1Mz-sy9mvTuZ-SORswh99uYHlo2UC6c7lVK7Us8zTYTbE7bfZakz4vu_t3MHIbv2uN5JFywEQCohKc8xI79EQSwhYcU0aIEDMlp4rYCQpkGODER2_eH8mlNyw:1mTr10:7wukhWn2uk6v-ERnfcGWfwnyot2ePJLrv8TrjRRQuF8",
    "expire_date": "2021-09-24T20:37:46.898Z"
  }
},
{
  "model": "sessions.session",
  "pk": "jhyf6fw7u7l8icae1cs0wtf9cgm6jy17",
  "fields": {
    "session_data": ".eJxVjLEOwjAMRP8lM4rqhMSYkZ1vqFzHoQWUSE07If4dKnWA7XTv3b1Mz-sy9mvTuZ-SORswh99uYHlo2UC6c7lVK7Us8zTYTbE7bfZakz4vu_t3MHIbv2uN5JFywEQCohKc8xI79EQSwhYcU0aIEDMlp4rYCQpkGODER2_eH8mlNyw:1mMvGM:eOOSO-cTTOrchNsaGxl7QSAfz59o9JpaD6oAn6aDiJk",
    "expire_date": "2021-09-05T17:44:58.573Z"
  }
},
{
  "model": "sessions.session",
  "pk": "jk08zkfu89kmrgqw2llxmpvbwhyxogs6",
  "fields": {
    "session_data": ".eJxVjLEOwjAMRP8lM4rqhMSYkZ1vqFzHoQWUSE07If4dKnWA7XTv3b1Mz-sy9mvTuZ-SORswh99uYHlo2UC6c7lVK7Us8zTYTbE7bfZakz4vu_t3MHIbv2uN5JFywEQCohKc8xI79EQSwhYcU0aIEDMlp4rYCQpkGODER2_eH8mlNyw:1mUlzq:zvE0wovx13ctTI766gKegkd0Wa_MoKxk81XO_ncbOEM",
    "expire_date": "2021-09-27T09:28:22.531Z"
  }
},
{
  "model": "sessions.session",
  "pk": "jksj9kcpn6c0y1eag2olkjel8nsnpwtr",
  "fields": {
    "session_data": ".eJxVjLEOwjAMRP8lM4rqhMSYkZ1vqFzHoQWUSE07If4dKnWA7XTv3b1Mz-sy9mvTuZ-SORswh99uYHlo2UC6c7lVK7Us8zTYTbE7bfZakz4vu_t3MHIbv2uN5JFywEQCohKc8xI79EQSwhYcU0aIEDMlp4rYCQpkGODER2_eH8mlNyw:1mdV2C:gKXf16xTCG_b0n3getH25FG-SDFHrEHPqyjsJg9T5oo",
    "expire_date": "2021-10-21T11:10:52.336Z"
  }
},
{
  "model": "sessions.session",
  "pk": "jmwxd72in4hi8kt0gowr1vzw32ollfnc",
  "fields": {
    "session_data": ".eJxVjLEOwjAMRP8lM4rqhMSYkZ1vqFzHoQWUSE07If4dKnWA7XTv3b1Mz-sy9mvTuZ-SORswh99uYHlo2UC6c7lVK7Us8zTYTbE7bfZakz4vu_t3MHIbv2uN5JFywEQCohKc8xI79EQSwhYcU0aIEDMlp4rYCQpkGODER2_eH8mlNyw:1mTpRX:AMeGGTAnlg92kQYLBCSnRxKNIXX5EYxyKtoV-NSjpUY",
    "expire_date": "2021-09-24T18:57:03.362Z"
  }
},
{
  "model": "sessions.session",
  "pk": "jyx1gkfj44a9lat4u3sx982ro521jldz",
  "fields": {
    "session_data": ".eJxVjEsOwjAMBe-SNYqc1qEtS_Y9Q-TENimgROpnhbg7VOoCtm9m3ssE2tYctkXmMLG5GOfN6XeMlB5SdsJ3KrdqUy3rPEW7K_agix0ry_N6uH8HmZb8rSU6aTpNnuDcRkdA4tB3Hrw2A2HEFkGZPSC2AyIC9Non1iidKKua9wcJoziH:1mXsl4:cVFZpHlBe1Fk_gxYheNzqShArNlNEuXl96ryKtKNpEA",
    "expire_date": "2021-10-05T23:17:58.353Z"
  }
},
{
  "model": "sessions.session",
  "pk": "k09o8dhfphgcytknbm17dzjunvgxftfp",
  "fields": {
    "session_data": ".eJxVjLEOwjAMRP8lM4rqhMSYkZ1vqFzHoQWUSE07If4dKnWA7XTv3b1Mz-sy9mvTuZ-SORswh99uYHlo2UC6c7lVK7Us8zTYTbE7bfZakz4vu_t3MHIbv2uN5JFywEQCohKc8xI79EQSwhYcU0aIEDMlp4rYCQpkGODER2_eH8mlNyw:1ljdVr:mRaVc9iVPRYkO5uKHsEibuf3Ce3_op8T4585lQf0lDo",
    "expire_date": "2021-05-20T08:54:35.821Z"
  }
},
{
  "model": "sessions.session",
  "pk": "k7no50z5ra6gpelk7o582ex91uh39coh",
  "fields": {
    "session_data": ".eJxVjLEOwjAMRP8lM4rqhMSYkZ1vqFzHoQWUSE07If4dKnWA7XTv3b1Mz-sy9mvTuZ-SORswh99uYHlo2UC6c7lVK7Us8zTYTbE7bfZakz4vu_t3MHIbv2uN5JFywEQCohKc8xI79EQSwhYcU0aIEDMlp4rYCQpkGODER2_eH8mlNyw:1mZ9L9:5Ma7m4OaMKjF_KtWVETcuszIJyV-VH0UPxhZPiGpOso",
    "expire_date": "2021-10-09T11:12:27.064Z"
  }
},
{
  "model": "sessions.session",
  "pk": "k8cizhahhtnsd64vq2m114ovl4ozullc",
  "fields": {
    "session_data": ".eJxVjLEOwjAMRP8lM4rqhMSYkZ1vqFzHoQWUSE07If4dKnWA7XTv3b1Mz-sy9mvTuZ-SORswh99uYHlo2UC6c7lVK7Us8zTYTbE7bfZakz4vu_t3MHIbv2uN5JFywEQCohKc8xI79EQSwhYcU0aIEDMlp4rYCQpkGODER2_eH8mlNyw:1mXStS:4uZ2QcrUP_SOaTwBKLoLpd0eYc7tBYKPaDGtI0vIfSA",
    "expire_date": "2021-10-04T19:40:54.277Z"
  }
},
{
  "model": "sessions.session",
  "pk": "kerrwf72jkot01einpdziitp65i7miq6",
  "fields": {
    "session_data": ".eJxVjLEOwjAMRP8lM4rqhMSYkZ1vqFzHoQWUSE07If4dKnWA7XTv3b1Mz-sy9mvTuZ-SORswh99uYHlo2UC6c7lVK7Us8zTYTbE7bfZakz4vu_t3MHIbv2uN5JFywEQCohKc8xI79EQSwhYcU0aIEDMlp4rYCQpkGODER2_eH8mlNyw:1mXZTY:whMNU7caiF1scnZgzqf7GxXNxxB7jj1UPulKwzJExXo",
    "expire_date": "2021-10-05T02:42:36.475Z"
  }
},
{
  "model": "sessions.session",
  "pk": "kghleutw74aa885057tyd7lo421qbcu6",
  "fields": {
    "session_data": ".eJxVjLEOwjAMRP8lM4rqhMSYkZ1vqFzHoQWUSE07If4dKnWA7XTv3b1Mz-sy9mvTuZ-SORswh99uYHlo2UC6c7lVK7Us8zTYTbE7bfZakz4vu_t3MHIbv2uN5JFywEQCohKc8xI79EQSwhYcU0aIEDMlp4rYCQpkGODER2_eH8mlNyw:1mRzpA:FWIjTdl_H8HFL0BBavZbqPPzOGkoNnZEEmuuJZPRIFs",
    "expire_date": "2021-09-19T17:37:52.267Z"
  }
},
{
  "model": "sessions.session",
  "pk": "kt4w3gozmj0o6a7ht5wxu61aqw91d71x",
  "fields": {
    "session_data": ".eJxVjMEOwiAQRP-FsyGW7Qp49N5vILuwlaqBpLQn47_bJj3ocea9mbcKtC45rE3mMCV1VQbV6bdkik8pO0kPKveqYy3LPLHeFX3Qpoea5HU73L-DTC1va7Y9ejTACQlFnLAh4a6TRB44orNbACb2I_QXQCTrYORzdDZhhKg-XyNqOME:1lrvtw:EjKik6eFvdVLbmDNg1o8RLjZ0CTp0kfE53qvjAQtjCU",
    "expire_date": "2021-06-12T06:09:44.613Z"
  }
},
{
  "model": "sessions.session",
  "pk": "ktq5dlgy4veiaucuy29yawq3mpopwys7",
  "fields": {
    "session_data": ".eJxVjLEOwjAMRP8lM4rqhMSYkZ1vqFzHoQWUSE07If4dKnWA7XTv3b1Mz-sy9mvTuZ-SORswh99uYHlo2UC6c7lVK7Us8zTYTbE7bfZakz4vu_t3MHIbv2uN5JFywEQCohKc8xI79EQSwhYcU0aIEDMlp4rYCQpkGODER2_eH8mlNyw:1mbXr2:Rf-HwtpBr3gZzJuJ-d6N3M6qMXmRk0dzta9gLup0eeA",
    "expire_date": "2021-10-16T01:47:16.165Z"
  }
},
{
  "model": "sessions.session",
  "pk": "kuzqk67uai6edunbdxbh6ssduk5b34hc",
  "fields": {
    "session_data": ".eJxVjEsOwjAMBe-SNYqc1qEtS_Y9Q-TENimgROpnhbg7VOoCtm9m3ssE2tYctkXmMLG5GOfN6XeMlB5SdsJ3KrdqUy3rPEW7K_agix0ry_N6uH8HmZb8rSU6aTpNnuDcRkdA4tB3Hrw2A2HEFkGZPSC2AyIC9Non1iidKKua9wcJoziH:1mWJn4:ZdZdCe1ApfoneDHUrl_maFiUVupcp5cc3NehdGoCrg4",
    "expire_date": "2021-10-01T15:45:34.724Z"
  }
},
{
  "model": "sessions.session",
  "pk": "l122muz18kvkkrtbuhpmynff3wh52vt7",
  "fields": {
    "session_data": ".eJxVjLEOwjAMRP8lM4rqhMSYkZ1vqFzHoQWUSE07If4dKnWA7XTv3b1Mz-sy9mvTuZ-SORswh99uYHlo2UC6c7lVK7Us8zTYTbE7bfZakz4vu_t3MHIbv2uN5JFywEQCohKc8xI79EQSwhYcU0aIEDMlp4rYCQpkGODER2_eH8mlNyw:1mZpg2:wWirW5xDaSKCo99J_HelzIuFCGIv-xR54v1PIpPUH-k",
    "expire_date": "2021-10-11T08:24:50.467Z"
  }
},
{
  "model": "sessions.session",
  "pk": "l4gziootod1g0xbm4whv39odtuvmlhz1",
  "fields": {
    "session_data": ".eJxVjLEOwjAMRP8lM4rqhMSYkZ1vqFzHoQWUSE07If4dKnWA7XTv3b1Mz-sy9mvTuZ-SORswh99uYHlo2UC6c7lVK7Us8zTYTbE7bfZakz4vu_t3MHIbv2uN5JFywEQCohKc8xI79EQSwhYcU0aIEDMlp4rYCQpkGODER2_eH8mlNyw:1mOKPb:WoHAM9CImvI_KkzT_GgTHyg7ImetJ6P1oXAVtVVuDf8",
    "expire_date": "2021-09-09T14:48:19.851Z"
  }
},
{
  "model": "sessions.session",
  "pk": "l9gfdrfp8kaayk1nunsr2cri3mvu7kls",
  "fields": {
    "session_data": ".eJxVjLEOwjAMRP8lM4rqhMSYkZ1vqFzHoQWUSE07If4dKnWA7XTv3b1Mz-sy9mvTuZ-SORswh99uYHlo2UC6c7lVK7Us8zTYTbE7bfZakz4vu_t3MHIbv2uN5JFywEQCohKc8xI79EQSwhYcU0aIEDMlp4rYCQpkGODER2_eH8mlNyw:1mRjAb:Fa2Tc-7JbrXhuLCnu16UKaCHnGP6Ntdn1mxPCBpH_Ek",
    "expire_date": "2021-09-18T23:50:53.605Z"
  }
},
{
  "model": "sessions.session",
  "pk": "lcw59g8peeib14rui49o7j4tkpcevky2",
  "fields": {
    "session_data": ".eJxVjLEOwjAMRP8lM4rqhMSYkZ1vqFzHoQWUSE07If4dKnWA7XTv3b1Mz-sy9mvTuZ-SORswh99uYHlo2UC6c7lVK7Us8zTYTbE7bfZakz4vu_t3MHIbv2uN5JFywEQCohKc8xI79EQSwhYcU0aIEDMlp4rYCQpkGODER2_eH8mlNyw:1ltelI:IG6uxyLxzGCqfC38JI-FDW2CDdOft5NEn4II-hlYVkI",
    "expire_date": "2021-06-17T00:15:56.617Z"
  }
},
{
  "model": "sessions.session",
  "pk": "lhzf0b6wbvinetks0f6q9rznbariciwt",
  "fields": {
    "session_data": ".eJxVjLEOwjAMRP8lM4rqhMSYkZ1vqFzHoQWUSE07If4dKnWA7XTv3b1Mz-sy9mvTuZ-SORswh99uYHlo2UC6c7lVK7Us8zTYTbE7bfZakz4vu_t3MHIbv2uN5JFywEQCohKc8xI79EQSwhYcU0aIEDMlp4rYCQpkGODER2_eH8mlNyw:1mJI2K:cwzYpCwp8e0ZhYYH4eFVJ9GtDPGNf9MG7jVM18Th93w",
    "expire_date": "2021-08-26T17:15:28.872Z"
  }
},
{
  "model": "sessions.session",
  "pk": "lkejw5xjc9rg40kxrpnxnh0sgmxseh0z",
  "fields": {
    "session_data": ".eJxVjDsOwjAQBe_iGll21r9Q0nMGy95d4wBypDipEHeHSCmgfTPzXiKmba1x67zEicRZaCtOv2NO-OC2E7qndpslzm1dpix3RR60y-tM_Lwc7t9BTb1-65HJMboA4J3RQy6jzhqzVUEblxgRSnGoAAyRxoGNwgBkbPGEyXsW7w8QeTiU:1mZpfk:U0Np6cF9nA6rECXqKmxRhQLZxReo47WR9_CVEQDQ5Qw",
    "expire_date": "2021-10-11T08:24:32.664Z"
  }
},
{
  "model": "sessions.session",
  "pk": "lo8inwscwitldwka35kq918yr9l5kjh2",
  "fields": {
    "session_data": ".eJxVjLEOwjAMRP8lM4rqhMSYkZ1vqFzHoQWUSE07If4dKnWA7XTv3b1Mz-sy9mvTuZ-SORswh99uYHlo2UC6c7lVK7Us8zTYTbE7bfZakz4vu_t3MHIbv2uN5JFywEQCohKc8xI79EQSwhYcU0aIEDMlp4rYCQpkGODER2_eH8mlNyw:1ltlCF:7-sGWiS_akU7XJTcx0_dZVurfUhQxMrwX44cSU0cOP4",
    "expire_date": "2021-06-17T07:08:11.090Z"
  }
},
{
  "model": "sessions.session",
  "pk": "lrucwadarbtv8o12i7s3sjdyckpud4vt",
  "fields": {
    "session_data": ".eJxVjLEOwjAMRP8lM4rqhMSYkZ1vqFzHoQWUSE07If4dKnWA7XTv3b1Mz-sy9mvTuZ-SORswh99uYHlo2UC6c7lVK7Us8zTYTbE7bfZakz4vu_t3MHIbv2uN5JFywEQCohKc8xI79EQSwhYcU0aIEDMlp4rYCQpkGODER2_eH8mlNyw:1mTmn4:xZZLQohc0bY7tTpR9a7tQrimi4Vt6ociHiK5CK9DWCE",
    "expire_date": "2021-09-24T16:07:06.143Z"
  }
},
{
  "model": "sessions.session",
  "pk": "lwa5j4ia7ld1ky7mkafhiknuft9be9di",
  "fields": {
    "session_data": ".eJxVjLEOwjAMRP8lM4rqhMSYkZ1vqFzHoQWUSE07If4dKnWA7XTv3b1Mz-sy9mvTuZ-SORswh99uYHlo2UC6c7lVK7Us8zTYTbE7bfZakz4vu_t3MHIbv2uN5JFywEQCohKc8xI79EQSwhYcU0aIEDMlp4rYCQpkGODER2_eH8mlNyw:1mKbLp:CcAG-DILAp9U87QypP2R27Y1aKtzAEANWLKvKDZpBW0",
    "expire_date": "2021-08-30T08:05:01.435Z"
  }
},
{
  "model": "sessions.session",
  "pk": "m0i76q9z88f92nbkbkj03q5gmuzbro9t",
  "fields": {
    "session_data": ".eJxVjLEOwjAMRP8lM4rqhMSYkZ1vqFzHoQWUSE07If4dKnWA7XTv3b1Mz-sy9mvTuZ-SORswh99uYHlo2UC6c7lVK7Us8zTYTbE7bfZakz4vu_t3MHIbv2uN5JFywEQCohKc8xI79EQSwhYcU0aIEDMlp4rYCQpkGODER2_eH8mlNyw:1mOUbT:EOU2Wbj3ciLhrzcmXVJhkDJGH-R9uVwvEs3fvUvH59k",
    "expire_date": "2021-09-10T01:41:15.099Z"
  }
},
{
  "model": "sessions.session",
  "pk": "m2dkf5kyf7f2rnztkc9kfigzsk6zz6q5",
  "fields": {
    "session_data": ".eJxVjLEOwjAMRP8lM4rqhMSYkZ1vqFzHoQWUSE07If4dKnWA7XTv3b1Mz-sy9mvTuZ-SORswh99uYHlo2UC6c7lVK7Us8zTYTbE7bfZakz4vu_t3MHIbv2uN5JFywEQCohKc8xI79EQSwhYcU0aIEDMlp4rYCQpkGODER2_eH8mlNyw:1mb9Jg:UI34Rfu2YTEAc6b-hWx5osZPAGpl81VVGmySCgKtJSk",
    "expire_date": "2021-10-14T23:35:12.461Z"
  }
},
{
  "model": "sessions.session",
  "pk": "m5s3qs8nai1xq8ab6so4h0vxtj5yd7bl",
  "fields": {
    "session_data": ".eJxVjLEOwjAMRP8lM4rqhMSYkZ1vqFzHoQWUSE07If4dKnWA7XTv3b1Mz-sy9mvTuZ-SORswh99uYHlo2UC6c7lVK7Us8zTYTbE7bfZakz4vu_t3MHIbv2uN5JFywEQCohKc8xI79EQSwhYcU0aIEDMlp4rYCQpkGODER2_eH8mlNyw:1mKtTy:gFfLRBVdhy3vzOzN_sounDOum5UBJZCyCP-pNQhMsOA",
    "expire_date": "2021-08-31T03:26:38.460Z"
  }
},
{
  "model": "sessions.session",
  "pk": "mcvh419r4ybjtx0a7z5h28lzt9540uk8",
  "fields": {
    "session_data": ".eJxVjLEOwjAMRP8lM4rqhMSYkZ1vqFzHoQWUSE07If4dKnWA7XTv3b1Mz-sy9mvTuZ-SORswh99uYHlo2UC6c7lVK7Us8zTYTbE7bfZakz4vu_t3MHIbv2uN5JFywEQCohKc8xI79EQSwhYcU0aIEDMlp4rYCQpkGODER2_eH8mlNyw:1mZ0DG:bGh4CJ57MUV9USnK3dSXOsW_5qwhL-pwzHgtlP25zQA",
    "expire_date": "2021-10-09T01:27:42.591Z"
  }
},
{
  "model": "sessions.session",
  "pk": "mp7ptis07o2fnq8xcj25jl0jdwjmlutd",
  "fields": {
    "session_data": ".eJxVjMEOwiAQRP-FsyGW7Qp49N5vILuwlaqBpLQn47_bJj3ocea9mbcKtC45rE3mMCV1VQbV6bdkik8pO0kPKveqYy3LPLHeFX3Qpoea5HU73L-DTC1va7Y9ejTACQlFnLAh4a6TRB44orNbACb2I_QXQCTrYORzdDZhhKg-XyNqOME:1lryyd:RCGUww9TBBgooVcw2Nu8Qz5t4g35LBX_p4Kn6c_jOfE",
    "expire_date": "2021-06-12T09:26:47.509Z"
  }
},
{
  "model": "sessions.session",
  "pk": "n10rruj60u3237xtq779235264mmy7bb",
  "fields": {
    "session_data": ".eJxVjEsOwjAMBe-SNYqc1qEtS_Y9Q-TENimgROpnhbg7VOoCtm9m3ssE2tYctkXmMLG5GOfN6XeMlB5SdsJ3KrdqUy3rPEW7K_agix0ry_N6uH8HmZb8rSU6aTpNnuDcRkdA4tB3Hrw2A2HEFkGZPSC2AyIC9Non1iidKKua9wcJoziH:1lu7Gq:96UPcoiV6kY2AOkUgIrw4s6GiRdyciOTaGj8k3Ndbf8",
    "expire_date": "2021-06-18T06:42:24.481Z"
  }
},
{
  "model": "sessions.session",
  "pk": "n5n0wnu3e533nbszc01u68n8x0v5e6tm",
  "fields": {
    "session_data": ".eJxVjLEOwjAMRP8lM4rqhMSYkZ1vqFzHoQWUSE07If4dKnWA7XTv3b1Mz-sy9mvTuZ-SORswh99uYHlo2UC6c7lVK7Us8zTYTbE7bfZakz4vu_t3MHIbv2uN5JFywEQCohKc8xI79EQSwhYcU0aIEDMlp4rYCQpkGODER2_eH8mlNyw:1mWMpi:5jGg11yRZJM6nUI-HlqRlz9hM9FXvDFLUHLtgs2OWXc",
    "expire_date": "2021-10-01T19:00:30.889Z"
  }
},
{
  "model": "sessions.session",
  "pk": "ngaftrgdr61r7d5e85ccsphb9ssw4go4",
  "fields": {
    "session_data": ".eJxVjLEOwjAMRP8lM4rqhMSYkZ1vqFzHoQWUSE07If4dKnWA7XTv3b1Mz-sy9mvTuZ-SORswh99uYHlo2UC6c7lVK7Us8zTYTbE7bfZakz4vu_t3MHIbv2uN5JFywEQCohKc8xI79EQSwhYcU0aIEDMlp4rYCQpkGODER2_eH8mlNyw:1mapiM:ggeL14oAt-Bp5_9jo4gLhZ_yBAvdUGjfrrCfVV9oKjM",
    "expire_date": "2021-10-14T02:39:22.102Z"
  }
},
{
  "model": "sessions.session",
  "pk": "nzc1vp1amn5mcp4f05jjtppqqck52oyg",
  "fields": {
    "session_data": ".eJxVjLEOwjAMRP8lM4rqhMSYkZ1vqFzHoQWUSE07If4dKnWA7XTv3b1Mz-sy9mvTuZ-SORswh99uYHlo2UC6c7lVK7Us8zTYTbE7bfZakz4vu_t3MHIbv2uN5JFywEQCohKc8xI79EQSwhYcU0aIEDMlp4rYCQpkGODER2_eH8mlNyw:1mOH9h:sb9t4h20njT0Htc3BNBQtLVTmCxwhqOXtdog9G_P5Tk",
    "expire_date": "2021-09-09T11:19:41.602Z"
  }
},
{
  "model": "sessions.session",
  "pk": "o2vspm7t9r0acvd70ate216pig7qmhly",
  "fields": {
    "session_data": ".eJxVjLEOwjAMRP8lM4rqhMSYkZ1vqFzHoQWUSE07If4dKnWA7XTv3b1Mz-sy9mvTuZ-SORswh99uYHlo2UC6c7lVK7Us8zTYTbE7bfZakz4vu_t3MHIbv2uN5JFywEQCohKc8xI79EQSwhYcU0aIEDMlp4rYCQpkGODER2_eH8mlNyw:1mXesV:qKlv87rEHt76VIXeDAjadHr39IDjuOHy9ZyI8vWhu9A",
    "expire_date": "2021-10-05T08:28:43.527Z"
  }
},
{
  "model": "sessions.session",
  "pk": "o3ltegvldz77s25ca4cjknh2n081d8gu",
  "fields": {
    "session_data": ".eJxVjLEOwjAMRP8lM4rqhMSYkZ1vqFzHoQWUSE07If4dKnWA7XTv3b1Mz-sy9mvTuZ-SORswh99uYHlo2UC6c7lVK7Us8zTYTbE7bfZakz4vu_t3MHIbv2uN5JFywEQCohKc8xI79EQSwhYcU0aIEDMlp4rYCQpkGODER2_eH8mlNyw:1mZmJ5:UIzmhit0u_FGCwF7jW3CW3H_TMhw8KKKtKO5k_gDkrc",
    "expire_date": "2021-10-11T04:48:55.440Z"
  }
},
{
  "model": "sessions.session",
  "pk": "ohh8xbrdq5ca54a8xvqvtq9u7aegp1kc",
  "fields": {
    "session_data": ".eJxVjEsOwjAMBe-SNYqc1qEtS_Y9Q-TENimgROpnhbg7VOoCtm9m3ssE2tYctkXmMLG5GOfN6XeMlB5SdsJ3KrdqUy3rPEW7K_agix0ry_N6uH8HmZb8rSU6aTpNnuDcRkdA4tB3Hrw2A2HEFkGZPSC2AyIC9Non1iidKKua9wcJoziH:1mWnQE:lA28o5lrYXz6G68_IIhGak3Gpe5D4eTuK4pc8Em48ro",
    "expire_date": "2021-10-02T23:23:58.935Z"
  }
},
{
  "model": "sessions.session",
  "pk": "okzsefb7tjaqvgubr1ixxpgb5gvjk423",
  "fields": {
    "session_data": ".eJxVjEsOwjAMBe-SNYqc1qEtS_Y9Q-TENimgROpnhbg7VOoCtm9m3ssE2tYctkXmMLG5GOfN6XeMlB5SdsJ3KrdqUy3rPEW7K_agix0ry_N6uH8HmZb8rSU6aTpNnuDcRkdA4tB3Hrw2A2HEFkGZPSC2AyIC9Non1iidKKua9wcJoziH:1mXGzf:U8cHcSVsgcrnixm4jwn_m36aX8ecOcWcY81MLdw4Ugc",
    "expire_date": "2021-10-04T06:58:31.516Z"
  }
},
{
  "model": "sessions.session",
  "pk": "oneheduddd21kpsxe4rzzon0ac814s1h",
  "fields": {
    "session_data": ".eJxVjLEOwjAMRP8lM4rqhMSYkZ1vqFzHoQWUSE07If4dKnWA7XTv3b1Mz-sy9mvTuZ-SORswh99uYHlo2UC6c7lVK7Us8zTYTbE7bfZakz4vu_t3MHIbv2uN5JFywEQCohKc8xI79EQSwhYcU0aIEDMlp4rYCQpkGODER2_eH8mlNyw:1ljbEz:hCpuYztHnZI4_kGksUOqPL56GWRGKLjw5jIuY_iW-K8",
    "expire_date": "2021-05-20T06:29:01.667Z"
  }
},
{
  "model": "sessions.session",
  "pk": "opcbyqswqis9ng6hpy1d8rocmamxdpkd",
  "fields": {
    "session_data": ".eJxVjEsOwjAMBe-SNYqc1qEtS_Y9Q-TENimgROpnhbg7VOoCtm9m3ssE2tYctkXmMLG5GOfN6XeMlB5SdsJ3KrdqUy3rPEW7K_agix0ry_N6uH8HmZb8rSU6aTpNnuDcRkdA4tB3Hrw2A2HEFkGZPSC2AyIC9Non1iidKKua9wcJoziH:1mX5Z1:VdWpLoHgAIqX8zQeRjRDeRLy_wUjpj6b_Gd7MUpGd-Q",
    "expire_date": "2021-10-03T18:46:15.468Z"
  }
},
{
  "model": "sessions.session",
  "pk": "oqi6vubys7fgn9pkcixzhlqdw26yywig",
  "fields": {
    "session_data": ".eJxVjLEOwjAMRP8lM4rqhMSYkZ1vqFzHoQWUSE07If4dKnWA7XTv3b1Mz-sy9mvTuZ-SORswh99uYHlo2UC6c7lVK7Us8zTYTbE7bfZakz4vu_t3MHIbv2uN5JFywEQCohKc8xI79EQSwhYcU0aIEDMlp4rYCQpkGODER2_eH8mlNyw:1mNSAM:zuG_ChNgKxpI_G4GoUszWv66b2eP1F-bM7rup1fAMC0",
    "expire_date": "2021-09-07T04:52:58.297Z"
  }
},
{
  "model": "sessions.session",
  "pk": "p09jc0cjue8cnmupxguhxbff5awat3k1",
  "fields": {
    "session_data": ".eJxVjLEOwjAMRP8lM4rqhMSYkZ1vqFzHoQWUSE07If4dKnWA7XTv3b1Mz-sy9mvTuZ-SORswh99uYHlo2UC6c7lVK7Us8zTYTbE7bfZakz4vu_t3MHIbv2uN5JFywEQCohKc8xI79EQSwhYcU0aIEDMlp4rYCQpkGODER2_eH8mlNyw:1mdQbL:cL48REFZm40RjoWZ_J9LdWhXjtZ5nmp4KZ28EAOsWy8",
    "expire_date": "2021-10-21T06:26:51.142Z"
  }
},
{
  "model": "sessions.session",
  "pk": "p26plcl8xm1rcbuwvqnz7wz8ybjerz0e",
  "fields": {
    "session_data": ".eJxVjEsOwjAMBe-SNYqc1qEtS_Y9Q-TENimgROpnhbg7VOoCtm9m3ssE2tYctkXmMLG5GOfN6XeMlB5SdsJ3KrdqUy3rPEW7K_agix0ry_N6uH8HmZb8rSU6aTpNnuDcRkdA4tB3Hrw2A2HEFkGZPSC2AyIC9Non1iidKKua9wcJoziH:1mX3ql:3-Po-wV2Gc0m2kTzBqMSqjDDU1OzNOg5fN18ROSzAGs",
    "expire_date": "2021-10-03T16:56:27.006Z"
  }
},
{
  "model": "sessions.session",
  "pk": "p5mq3nmkrbxxs9szj6sak3muypmi3a1y",
  "fields": {
    "session_data": ".eJxVjLEOwjAMRP8lM4rqhMSYkZ1vqFzHoQWUSE07If4dKnWA7XTv3b1Mz-sy9mvTuZ-SORswh99uYHlo2UC6c7lVK7Us8zTYTbE7bfZakz4vu_t3MHIbv2uN5JFywEQCohKc8xI79EQSwhYcU0aIEDMlp4rYCQpkGODER2_eH8mlNyw:1mN4SE:FGXyOdjq-SG4PC8_eNA3bYsKtNnQWi_VjhJSe_lWlV0",
    "expire_date": "2021-09-06T03:33:50.677Z"
  }
},
{
  "model": "sessions.session",
  "pk": "pbumpjo10kiqtzk8bbgo9j45jxid888n",
  "fields": {
    "session_data": ".eJxVjDsOwjAQBe_iGll21r9Q0nMGy95d4wBypDipEHeHSCmgfTPzXiKmba1x67zEicRZaCtOv2NO-OC2E7qndpslzm1dpix3RR60y-tM_Lwc7t9BTb1-65HJMboA4J3RQy6jzhqzVUEblxgRSnGoAAyRxoGNwgBkbPGEyXsW7w8QeTiU:1mbXy0:10FOfav_7viaH4l1QWL3z1wiqm1atZeWw3YiqMaXZnA",
    "expire_date": "2021-10-16T01:54:28.303Z"
  }
},
{
  "model": "sessions.session",
  "pk": "pug1mmfdf0lgqz6kfzgxvzl2tmgkb74n",
  "fields": {
    "session_data": ".eJxVjLEOwjAMRP8lM4rqhMSYkZ1vqFzHoQWUSE07If4dKnWA7XTv3b1Mz-sy9mvTuZ-SORswh99uYHlo2UC6c7lVK7Us8zTYTbE7bfZakz4vu_t3MHIbv2uN5JFywEQCohKc8xI79EQSwhYcU0aIEDMlp4rYCQpkGODER2_eH8mlNyw:1mSfJn:xNMPEwiSEXiirz3y6ry7cadzugDBAV8nQPHa_d5SMGA",
    "expire_date": "2021-09-21T13:56:15.956Z"
  }
},
{
  "model": "sessions.session",
  "pk": "q1d3c3yopavhom4sggzitkfsmxf6jeg8",
  "fields": {
    "session_data": ".eJxVjEsOwjAMBe-SNYqc1qEtS_Y9Q-TENimgROpnhbg7VOoCtm9m3ssE2tYctkXmMLG5GOfN6XeMlB5SdsJ3KrdqUy3rPEW7K_agix0ry_N6uH8HmZb8rSU6aTpNnuDcRkdA4tB3Hrw2A2HEFkGZPSC2AyIC9Non1iidKKua9wcJoziH:1mGxXq:vVU6RNQ79wypDQKqERTEa3I9XO0GTK_N9sx4QTXzvyk",
    "expire_date": "2021-08-20T06:58:22.962Z"
  }
},
{
  "model": "sessions.session",
  "pk": "qfc3x76sjrjy5ug7ufxu2h4pzspo2so0",
  "fields": {
    "session_data": ".eJxVjLEOwjAMRP8lM4rqhMSYkZ1vqFzHoQWUSE07If4dKnWA7XTv3b1Mz-sy9mvTuZ-SORswh99uYHlo2UC6c7lVK7Us8zTYTbE7bfZakz4vu_t3MHIbv2uN5JFywEQCohKc8xI79EQSwhYcU0aIEDMlp4rYCQpkGODER2_eH8mlNyw:1mUxPD:BVzBC4f4U1AG-sf8J4jYpKt7euNLrG-sEJnUtBaH_xc",
    "expire_date": "2021-09-27T21:39:19.421Z"
  }
},
{
  "model": "sessions.session",
  "pk": "qly00fh5vjobs8jpc59nzgd1xqql49xa",
  "fields": {
    "session_data": ".eJxVjLEOwjAMRP8lM4rqhMSYkZ1vqFzHoQWUSE07If4dKnWA7XTv3b1Mz-sy9mvTuZ-SORswh99uYHlo2UC6c7lVK7Us8zTYTbE7bfZakz4vu_t3MHIbv2uN5JFywEQCohKc8xI79EQSwhYcU0aIEDMlp4rYCQpkGODER2_eH8mlNyw:1mRbxl:nNgO7SzXsJCy6C3Bn9xgvm0YEJBCBPGSq7SWe8Jes9k",
    "expire_date": "2021-09-18T16:09:09.024Z"
  }
},
{
  "model": "sessions.session",
  "pk": "qry7zmqq2es5lkbzd98uexoq0ziw3usa",
  "fields": {
    "session_data": ".eJxVjLEOwjAMRP8lM4rqhMSYkZ1vqFzHoQWUSE07If4dKnWA7XTv3b1Mz-sy9mvTuZ-SORswh99uYHlo2UC6c7lVK7Us8zTYTbE7bfZakz4vu_t3MHIbv2uN5JFywEQCohKc8xI79EQSwhYcU0aIEDMlp4rYCQpkGODER2_eH8mlNyw:1mURS7:UFIARotckWWRrVAc39ACKt0DSn_jBXX1psJCjjCz3nw",
    "expire_date": "2021-09-26T11:32:11.115Z"
  }
},
{
  "model": "sessions.session",
  "pk": "qwbrd7fh6u5ipdx04x54de16yjzq5jjn",
  "fields": {
    "session_data": ".eJxVjLEOwjAMRP8lM4rqhMSYkZ1vqFzHoQWUSE07If4dKnWA7XTv3b1Mz-sy9mvTuZ-SORswh99uYHlo2UC6c7lVK7Us8zTYTbE7bfZakz4vu_t3MHIbv2uN5JFywEQCohKc8xI79EQSwhYcU0aIEDMlp4rYCQpkGODER2_eH8mlNyw:1mX5Z1:SWbgIgcnVou1cFwKbK_wc26UvDNOP63n2qndc0zkIH4",
    "expire_date": "2021-10-03T18:46:15.480Z"
  }
},
{
  "model": "sessions.session",
  "pk": "r2k3f9fdd347bizajkotjgruvt6pa0sc",
  "fields": {
    "session_data": ".eJxVjLEOwjAMRP8lM4rqhMSYkZ1vqFzHoQWUSE07If4dKnWA7XTv3b1Mz-sy9mvTuZ-SORswh99uYHlo2UC6c7lVK7Us8zTYTbE7bfZakz4vu_t3MHIbv2uN5JFywEQCohKc8xI79EQSwhYcU0aIEDMlp4rYCQpkGODER2_eH8mlNyw:1mG7Rl:7pQ2cs4ZTYpJ6BVe52nktpdnSqWAHgOs0Leay2mjBhM",
    "expire_date": "2021-08-17T23:20:37.490Z"
  }
},
{
  "model": "sessions.session",
  "pk": "rc48v2zy6ws0g9wgn9f9ltgiaefreue9",
  "fields": {
    "session_data": ".eJxVjMEOwiAQRP-FsyGW7Qp49N5vILuwlaqBpLQn47_bJj3ocea9mbcKtC45rE3mMCV1VQbV6bdkik8pO0kPKveqYy3LPLHeFX3Qpoea5HU73L-DTC1va7Y9ejTACQlFnLAh4a6TRB44orNbACb2I_QXQCTrYORzdDZhhKg-XyNqOME:1lrxKN:YTGRGYbX6oZrN0Lz_FhkuarMrHqRTd27RygB52yp6CQ",
    "expire_date": "2021-06-12T07:41:07.684Z"
  }
},
{
  "model": "sessions.session",
  "pk": "rkmikl2q6ckh4fc9iqu2lgweaae30kum",
  "fields": {
    "session_data": ".eJxVjEEOwiAQAP_C2ZCWBQSP3n0D2WUXWzUlKe3J-HdD0oNeZybzVgn3bUp7kzXNrC4Kgjr9QsL8lKUbfuByrzrXZVtn0j3Rh236Vlle16P9G0zYpv7lYiKIExqEKLOTbIRtCRYRfBYj0ZrMQSCM6Mnb0RU8x0ADAQBH9fkCSEw5LA:1mZ2Fr:24UUwXCQQwwRh6ehhiWf6uofe_d2JFGDe_16DlVGynQ",
    "expire_date": "2021-10-09T03:38:31.606Z"
  }
},
{
  "model": "sessions.session",
  "pk": "rnqthl9tek2s9ia3cv224gn7m23ep3we",
  "fields": {
    "session_data": ".eJxVjLEOwjAMRP8lM4rqhMSYkZ1vqFzHoQWUSE07If4dKnWA7XTv3b1Mz-sy9mvTuZ-SORswh99uYHlo2UC6c7lVK7Us8zTYTbE7bfZakz4vu_t3MHIbv2uN5JFywEQCohKc8xI79EQSwhYcU0aIEDMlp4rYCQpkGODER2_eH8mlNyw:1mWgWQ:CrqFXypgvm_liriFDXwOszT1uSazt6qwSUj6q2XW_s8",
    "expire_date": "2021-10-02T16:01:54.924Z"
  }
},
{
  "model": "sessions.session",
  "pk": "rzgkdrv5chm5xatrea5nsucyle77thxc",
  "fields": {
    "session_data": ".eJxVjEsOwjAMBe-SNYqc1qEtS_Y9Q-TENimgROpnhbg7VOoCtm9m3ssE2tYctkXmMLG5GOfN6XeMlB5SdsJ3KrdqUy3rPEW7K_agix0ry_N6uH8HmZb8rSU6aTpNnuDcRkdA4tB3Hrw2A2HEFkGZPSC2AyIC9Non1iidKKua9wcJoziH:1mV0CQ:w0Idn9t853aj9HdG3v5a-IPOxDWdCmu1oK5I7jrRRBM",
    "expire_date": "2021-09-28T00:38:18.936Z"
  }
},
{
  "model": "sessions.session",
  "pk": "snhgee11tuipx4g22kcpqn45w93pg5qj",
  "fields": {
    "session_data": ".eJxVjEsOwjAMBe-SNYqc1qEtS_Y9Q-TENimgROpnhbg7VOoCtm9m3ssE2tYctkXmMLG5GOfN6XeMlB5SdsJ3KrdqUy3rPEW7K_agix0ry_N6uH8HmZb8rSU6aTpNnuDcRkdA4tB3Hrw2A2HEFkGZPSC2AyIC9Non1iidKKua9wcJoziH:1mTcx6:wmPk9sYJ3Yfi2zr3jwI_c9khU-LuvgqOr2yn-8ygIsY",
    "expire_date": "2021-09-24T05:36:48.079Z"
  }
},
{
  "model": "sessions.session",
  "pk": "sqe2h8unsax5y1p1916t5h4y3qo6b0nz",
  "fields": {
    "session_data": ".eJxVjLEOwjAMRP8lM4rqhMSYkZ1vqFzHoQWUSE07If4dKnWA7XTv3b1Mz-sy9mvTuZ-SORswh99uYHlo2UC6c7lVK7Us8zTYTbE7bfZakz4vu_t3MHIbv2uN5JFywEQCohKc8xI79EQSwhYcU0aIEDMlp4rYCQpkGODER2_eH8mlNyw:1lrF28:4bCz7su1FgqTnzaO-b5GKSkj8DMwaN4-X-OpKWsZabg",
    "expire_date": "2021-06-10T08:23:20.234Z"
  }
},
{
  "model": "sessions.session",
  "pk": "stcxldw99pt9lk3iij3xxuqkqg6k24oz",
  "fields": {
    "session_data": ".eJxVjLEOwjAMRP8lM4rqhMSYkZ1vqFzHoQWUSE07If4dKnWA7XTv3b1Mz-sy9mvTuZ-SORswh99uYHlo2UC6c7lVK7Us8zTYTbE7bfZakz4vu_t3MHIbv2uN5JFywEQCohKc8xI79EQSwhYcU0aIEDMlp4rYCQpkGODER2_eH8mlNyw:1mXIqy:RKW311eHTL4pJm7W5vHiHofeDmjaEhtcNHMWcBqdgwE",
    "expire_date": "2021-10-04T08:57:40.732Z"
  }
},
{
  "model": "sessions.session",
  "pk": "szwkxzcf2vrxdhrq8yv7ktuf9afxysy3",
  "fields": {
    "session_data": ".eJxVjDsOwjAQBe_iGll21r9Q0nMGy95d4wBypDipEHeHSCmgfTPzXiKmba1x67zEicRZaCtOv2NO-OC2E7qndpslzm1dpix3RR60y-tM_Lwc7t9BTb1-65HJMboA4J3RQy6jzhqzVUEblxgRSnGoAAyRxoGNwgBkbPGEyXsW7w8QeTiU:1mcnn2:tOjdoSXDpFbBxMK8GvnMlVA_KWZD77qwXbZ0AoqNbwQ",
    "expire_date": "2021-10-19T13:00:20.193Z"
  }
},
{
  "model": "sessions.session",
  "pk": "t2bpvgj48efqchefb6qtkin658ve0vza",
  "fields": {
    "session_data": ".eJxVjLEOwjAMRP8lM4rqhMSYkZ1vqFzHoQWUSE07If4dKnWA7XTv3b1Mz-sy9mvTuZ-SORswh99uYHlo2UC6c7lVK7Us8zTYTbE7bfZakz4vu_t3MHIbv2uN5JFywEQCohKc8xI79EQSwhYcU0aIEDMlp4rYCQpkGODER2_eH8mlNyw:1mUhcD:wN-PB4AJ-T4kEszdJX0VwlhH-d9ev5gqNrxS5jT5H10",
    "expire_date": "2021-09-27T04:47:41.195Z"
  }
},
{
  "model": "sessions.session",
  "pk": "t9vq6zfx9kduiumckii98sq3o49wojop",
  "fields": {
    "session_data": ".eJxVjLEOwjAMRP8lM4rqhMSYkZ1vqFzHoQWUSE07If4dKnWA7XTv3b1Mz-sy9mvTuZ-SORswh99uYHlo2UC6c7lVK7Us8zTYTbE7bfZakz4vu_t3MHIbv2uN5JFywEQCohKc8xI79EQSwhYcU0aIEDMlp4rYCQpkGODER2_eH8mlNyw:1mTW71:rcHWTfZl0cA0kbNYJkrZMKn_Im9-uksV82gvZkLUCSU",
    "expire_date": "2021-09-23T22:18:35.767Z"
  }
},
{
  "model": "sessions.session",
  "pk": "ttfekv12q0e4vny26skabb2rf10507jq",
  "fields": {
    "session_data": ".eJxVjLEOwjAMRP8lM4rqhMSYkZ1vqFzHoQWUSE07If4dKnWA7XTv3b1Mz-sy9mvTuZ-SORswh99uYHlo2UC6c7lVK7Us8zTYTbE7bfZakz4vu_t3MHIbv2uN5JFywEQCohKc8xI79EQSwhYcU0aIEDMlp4rYCQpkGODER2_eH8mlNyw:1mQFQa:HToJ83-iYvDg401a64Mwpj_ks4ijrhI2uEyQFQAAkqY",
    "expire_date": "2021-09-14T21:53:16.905Z"
  }
},
{
  "model": "sessions.session",
  "pk": "tu0m4czzg39rv8wm55mknrh30oiwie0y",
  "fields": {
    "session_data": ".eJxVjLEOwjAMRP8lM4rqhMSYkZ1vqFzHoQWUSE07If4dKnWA7XTv3b1Mz-sy9mvTuZ-SORswh99uYHlo2UC6c7lVK7Us8zTYTbE7bfZakz4vu_t3MHIbv2uN5JFywEQCohKc8xI79EQSwhYcU0aIEDMlp4rYCQpkGODER2_eH8mlNyw:1mWrIV:CzHMQoEIuMWpov2XacLWAGl_DvNVXAS3Y0nIii2N1DE",
    "expire_date": "2021-10-03T03:32:15.565Z"
  }
},
{
  "model": "sessions.session",
  "pk": "tzre8g2bfgwyop1d5vfyahnp5g40ji4i",
  "fields": {
    "session_data": ".eJxVjEsOwjAMBe-SNYqc1qEtS_Y9Q-TENimgROpnhbg7VOoCtm9m3ssE2tYctkXmMLG5GOfN6XeMlB5SdsJ3KrdqUy3rPEW7K_agix0ry_N6uH8HmZb8rSU6aTpNnuDcRkdA4tB3Hrw2A2HEFkGZPSC2AyIC9Non1iidKKua9wcJoziH:1mTW78:foJyy3rng4I4BT34DhvIgZ6AfPPIqpd36Qk6SpPu5xk",
    "expire_date": "2021-09-23T22:18:42.430Z"
  }
},
{
  "model": "sessions.session",
  "pk": "u0a4y4l95953pnouoa0fvg4e50uymbsh",
  "fields": {
    "session_data": ".eJxVjLEOwjAMRP8lM4rqhMSYkZ1vqFzHoQWUSE07If4dKnWA7XTv3b1Mz-sy9mvTuZ-SORswh99uYHlo2UC6c7lVK7Us8zTYTbE7bfZakz4vu_t3MHIbv2uN5JFywEQCohKc8xI79EQSwhYcU0aIEDMlp4rYCQpkGODER2_eH8mlNyw:1ltKCr:hskTzCSGbXO9iN0hMqq8xvlMMhNX7d-unVNjynw5fn0",
    "expire_date": "2021-06-16T02:19:01.336Z"
  }
},
{
  "model": "sessions.session",
  "pk": "u8mu6i072rdzpsp3mwdeaq2o5pol2g3u",
  "fields": {
    "session_data": ".eJxVjEsOwjAMBe-SNYqc1qEtS_Y9Q-TENimgROpnhbg7VOoCtm9m3ssE2tYctkXmMLG5GOfN6XeMlB5SdsJ3KrdqUy3rPEW7K_agix0ry_N6uH8HmZb8rSU6aTpNnuDcRkdA4tB3Hrw2A2HEFkGZPSC2AyIC9Non1iidKKua9wcJoziH:1mD6If:clY5Vfl4klGe51409KtP0rnt7Jr_aTYoQYjCDQjKFHY",
    "expire_date": "2021-08-09T15:30:45.754Z"
  }
},
{
  "model": "sessions.session",
  "pk": "u8xntzulo142tqn4qfkicifzu12nlfaf",
  "fields": {
    "session_data": ".eJxVjLEOwjAMRP8lM4rqhMSYkZ1vqFzHoQWUSE07If4dKnWA7XTv3b1Mz-sy9mvTuZ-SORswh99uYHlo2UC6c7lVK7Us8zTYTbE7bfZakz4vu_t3MHIbv2uN5JFywEQCohKc8xI79EQSwhYcU0aIEDMlp4rYCQpkGODER2_eH8mlNyw:1mSm4H:DoSu-y9xwOBW-uePku8M19kgMxZW7OUgAWOg0F0CdAs",
    "expire_date": "2021-09-21T21:08:41.769Z"
  }
},
{
  "model": "sessions.session",
  "pk": "vck4k7k9pbqh8kh3sib33tlh1xrffv3z",
  "fields": {
    "session_data": ".eJxVjLEOwjAMRP8lM4rqhMSYkZ1vqFzHoQWUSE07If4dKnWA7XTv3b1Mz-sy9mvTuZ-SORswh99uYHlo2UC6c7lVK7Us8zTYTbE7bfZakz4vu_t3MHIbv2uN5JFywEQCohKc8xI79EQSwhYcU0aIEDMlp4rYCQpkGODER2_eH8mlNyw:1mV2MS:8_niB4f_Y_gODzc-ZJEO0z8PxxvC2IEORC-b-BZRcSc",
    "expire_date": "2021-09-28T02:56:48.196Z"
  }
},
{
  "model": "sessions.session",
  "pk": "vfsqpjn5imnpfi1si2brjkma7tjtaodb",
  "fields": {
    "session_data": ".eJxVjLEOwjAMRP8lM4rqhMSYkZ1vqFzHoQWUSE07If4dKnWA7XTv3b1Mz-sy9mvTuZ-SORswh99uYHlo2UC6c7lVK7Us8zTYTbE7bfZakz4vu_t3MHIbv2uN5JFywEQCohKc8xI79EQSwhYcU0aIEDMlp4rYCQpkGODER2_eH8mlNyw:1mSPrn:TlStpdwsE5XGEgiy_8JR1P7eh-Ab0vhb3hI4sRjVK5U",
    "expire_date": "2021-09-20T21:26:19.690Z"
  }
},
{
  "model": "sessions.session",
  "pk": "vw8dmcjmqd0lxsys1ozs4qerpiu4x31d",
  "fields": {
    "session_data": ".eJxVjLEOwjAMRP8lM4rqhMSYkZ1vqFzHoQWUSE07If4dKnWA7XTv3b1Mz-sy9mvTuZ-SORswh99uYHlo2UC6c7lVK7Us8zTYTbE7bfZakz4vu_t3MHIbv2uN5JFywEQCohKc8xI79EQSwhYcU0aIEDMlp4rYCQpkGODER2_eH8mlNyw:1mTvKH:gej_k48-3alVhf8vahT-tTA9LeIozOnaa1y69KLQPm8",
    "expire_date": "2021-09-25T01:13:57.884Z"
  }
},
{
  "model": "sessions.session",
  "pk": "wmqbpgkj22orloh4vumm72xk6ma5mwjb",
  "fields": {
    "session_data": ".eJxVjEEOgjAQRe_StWmmQ2mpS_eegUxnBosaSCisjHdXEha6_e-9_zI9bWvpt6pLP4o5Gwzm9Dtm4odOO5E7TbfZ8jyty5jtrtiDVnudRZ-Xw_07KFTLt4aW44BAg8sNC6IndpqyeHYhY9uwBwCvHLSLiUDFxY6RUsIhgJfGvD8Uxzgb:1lsGhh:HCOTGnk0wGxBP_xnCpJdEYzxVoQ0VaA2ODNQX7NAd3w",
    "expire_date": "2021-06-13T04:22:29.380Z"
  }
},
{
  "model": "sessions.session",
  "pk": "xtp0msxhfuel5yqsxwo9xedm3fnt94n0",
  "fields": {
    "session_data": ".eJxVjLEOwjAMRP8lM4rqhMSYkZ1vqFzHoQWUSE07If4dKnWA7XTv3b1Mz-sy9mvTuZ-SORswh99uYHlo2UC6c7lVK7Us8zTYTbE7bfZakz4vu_t3MHIbv2uN5JFywEQCohKc8xI79EQSwhYcU0aIEDMlp4rYCQpkGODER2_eH8mlNyw:1mUYiY:TEgP3FW7B_TIYsPUleJKOfNYMHIkVAejhZ1Hojh4uZU",
    "expire_date": "2021-09-26T19:17:38.637Z"
  }
},
{
  "model": "sessions.session",
  "pk": "xwatnrxfd59a4458ayrdl3a8o7sdjbl3",
  "fields": {
    "session_data": ".eJxVjLEOwjAMRP8lM4rqhMSYkZ1vqFzHoQWUSE07If4dKnWA7XTv3b1Mz-sy9mvTuZ-SORswh99uYHlo2UC6c7lVK7Us8zTYTbE7bfZakz4vu_t3MHIbv2uN5JFywEQCohKc8xI79EQSwhYcU0aIEDMlp4rYCQpkGODER2_eH8mlNyw:1ltn6y:If8UeQEqdDijQ9MyKmy31c1LJbj81TJVm71ccyP_VYU",
    "expire_date": "2021-06-17T09:10:52.574Z"
  }
},
{
  "model": "sessions.session",
  "pk": "y64r8sq1quaxckvpc9zg8ssz8ckzkfzo",
  "fields": {
    "session_data": ".eJxVjLEOwjAMRP8lM4rqhMSYkZ1vqFzHoQWUSE07If4dKnWA7XTv3b1Mz-sy9mvTuZ-SORswh99uYHlo2UC6c7lVK7Us8zTYTbE7bfZakz4vu_t3MHIbv2uN5JFywEQCohKc8xI79EQSwhYcU0aIEDMlp4rYCQpkGODER2_eH8mlNyw:1maE2E:JxskOGBfLwdrODs4qA9nhNSlo06iXfRIKppcJEA1gR8",
    "expire_date": "2021-10-12T10:25:22.151Z"
  }
},
{
  "model": "sessions.session",
  "pk": "yd2e4mld0mxhawg6pw8hqrw0t8vg3tpf",
  "fields": {
    "session_data": ".eJxVjEsOwjAMBe-SNYqc1qEtS_Y9Q-TENimgROpnhbg7VOoCtm9m3ssE2tYctkXmMLG5GOfN6XeMlB5SdsJ3KrdqUy3rPEW7K_agix0ry_N6uH8HmZb8rSU6aTpNnuDcRkdA4tB3Hrw2A2HEFkGZPSC2AyIC9Non1iidKKua9wcJoziH:1mWqIY:8Dg9icFyRi67jeYBLCZVC99skNyTKP-RtYTNGfNzHXc",
    "expire_date": "2021-10-03T02:28:14.584Z"
  }
},
{
  "model": "sessions.session",
  "pk": "yi9xkin2l3l1tgbt1emtl7hfs1kuq8y3",
  "fields": {
    "session_data": ".eJxVjEsOwjAMBe-SNYqc1qEtS_Y9Q-TENimgROpnhbg7VOoCtm9m3ssE2tYctkXmMLG5GOfN6XeMlB5SdsJ3KrdqUy3rPEW7K_agix0ry_N6uH8HmZb8rSU6aTpNnuDcRkdA4tB3Hrw2A2HEFkGZPSC2AyIC9Non1iidKKua9wcJoziH:1lvY8d:7Frhg9z-E8deUo5xTS8cNqIEgLd8JzvpE5STb2w2-z0",
    "expire_date": "2021-06-22T05:35:51.540Z"
  }
},
{
  "model": "sessions.session",
  "pk": "yyzj2g1js114c76rz3o97r4f2y2cbkmf",
  "fields": {
    "session_data": ".eJxVjLEOwjAMRP8lM4rqhMSYkZ1vqFzHoQWUSE07If4dKnWA7XTv3b1Mz-sy9mvTuZ-SORswh99uYHlo2UC6c7lVK7Us8zTYTbE7bfZakz4vu_t3MHIbv2uN5JFywEQCohKc8xI79EQSwhYcU0aIEDMlp4rYCQpkGODER2_eH8mlNyw:1mbE58:3LjgB_eaZqJOExXU3KfN9d6gNyuqSvMARBYDz_haKi0",
    "expire_date": "2021-10-15T04:40:30.055Z"
  }
},
{
  "model": "sessions.session",
  "pk": "z2xx2cnj0swoba370hawoofmyxdn1y1o",
  "fields": {
    "session_data": ".eJxVjLEOwjAMRP8lM4rqhMSYkZ1vqFzHoQWUSE07If4dKnWA7XTv3b1Mz-sy9mvTuZ-SORswh99uYHlo2UC6c7lVK7Us8zTYTbE7bfZakz4vu_t3MHIbv2uN5JFywEQCohKc8xI79EQSwhYcU0aIEDMlp4rYCQpkGODER2_eH8mlNyw:1mP1Vd:UOP7hRs49_OrDdA1c6E9lzDnWvwhAQ1gNqcK3hk_24U",
    "expire_date": "2021-09-11T12:49:25.469Z"
  }
},
{
  "model": "sessions.session",
  "pk": "z3ntbbqyorol5l4saytyoku9u7wdlz8e",
  "fields": {
    "session_data": ".eJxVjLEOwjAMRP8lM4rqhMSYkZ1vqFzHoQWUSE07If4dKnWA7XTv3b1Mz-sy9mvTuZ-SORswh99uYHlo2UC6c7lVK7Us8zTYTbE7bfZakz4vu_t3MHIbv2uN5JFywEQCohKc8xI79EQSwhYcU0aIEDMlp4rYCQpkGODER2_eH8mlNyw:1mS9do:o1vn6Bzv_ndb7Etgr_zReXIPJmpFg0apJeNy1KZt90o",
    "expire_date": "2021-09-20T04:06:48.936Z"
  }
},
{
  "model": "sessions.session",
  "pk": "z4vt0swnq8d76afmyjkcla13i612ykak",
  "fields": {
    "session_data": ".eJxVjEsOwjAMBe-SNYqc1qEtS_Y9Q-TENimgROpnhbg7VOoCtm9m3ssE2tYctkXmMLG5GOfN6XeMlB5SdsJ3KrdqUy3rPEW7K_agix0ry_N6uH8HmZb8rSU6aTpNnuDcRkdA4tB3Hrw2A2HEFkGZPSC2AyIC9Non1iidKKua9wcJoziH:1mWkKg:bf2QX21wsch8i_5HfQg2aoU2AS5Sd0Uau0Gg5pggJ00",
    "expire_date": "2021-10-02T20:06:02.831Z"
  }
},
{
  "model": "sessions.session",
  "pk": "z7eyp3rj6yg9tvzu70vwxn5ds4gpodhc",
  "fields": {
    "session_data": ".eJxVjLEOwjAMRP8lM4rqhMSYkZ1vqFzHoQWUSE07If4dKnWA7XTv3b1Mz-sy9mvTuZ-SORswh99uYHlo2UC6c7lVK7Us8zTYTbE7bfZakz4vu_t3MHIbv2uN5JFywEQCohKc8xI79EQSwhYcU0aIEDMlp4rYCQpkGODER2_eH8mlNyw:1mMOFN:cu1kDWUH8xN7P1MiQQdXbxwcKUAwubl5fgucGVmONnA",
    "expire_date": "2021-09-04T06:29:45.903Z"
  }
},
{
  "model": "sessions.session",
  "pk": "zkazess5uglzafheao91y0mdsq0eee30",
  "fields": {
    "session_data": ".eJxVjEsOwjAMBe-SNYqc1qEtS_Y9Q-TENimgROpnhbg7VOoCtm9m3ssE2tYctkXmMLG5GOfN6XeMlB5SdsJ3KrdqUy3rPEW7K_agix0ry_N6uH8HmZb8rSU6aTpNnuDcRkdA4tB3Hrw2A2HEFkGZPSC2AyIC9Non1iidKKua9wcJoziH:1mXStS:FO2KG5TTzPh14BI17XvgV-CoICAY2yhg1lf3Q1PzD2o",
    "expire_date": "2021-10-04T19:40:54.264Z"
  }
},
{
  "model": "sitio.sitio_web",
  "pk": 1,
  "fields": {
    "nombre": "Matrícula Online",
    "color_activo_menu": "#007bff",
    "color_no_activo_menu": "#11101070",
    "color_sider": "#0087c3",
    "color_footer": "#e8e8ea",
    "color_header": "#26bdef",
    "color_text_body": "rgb(9, 79, 102)",
    "color_contenido": "#fffff",
    "color_fondo_inicio": "#26bdef",
    "icono": null
  }
},
{
  "model": "sitio.tipomodulo",
  "pk": 1,
  "fields": {
    "nombre": "Admin Usuarios",
    "icono": "fa-cogs",
    "padre_tipo": null,
    "estado": true
  }
},
{
  "model": "sitio.tipomodulo",
  "pk": 2,
  "fields": {
    "nombre": "TBL-Simples",
    "icono": "fa-tachometer-alt",
    "padre_tipo": null,
    "estado": true
  }
},
{
  "model": "sitio.tipomodulo",
  "pk": 3,
  "fields": {
    "nombre": "Admin Cursos",
    "icono": "fa-comments",
    "padre_tipo": null,
    "estado": true
  }
},
{
  "model": "sitio.tipomodulo",
  "pk": 4,
  "fields": {
    "nombre": "Admin Entidad",
    "icono": "fa-bell",
    "padre_tipo": null,
    "estado": true
  }
},
{
  "model": "sitio.tipomodulo",
  "pk": 5,
  "fields": {
    "nombre": "Reportes",
    "icono": "fa-chart-pie",
    "padre_tipo": null,
    "estado": true
  }
},
{
  "model": "sitio.tipomodulo",
  "pk": 6,
  "fields": {
    "nombre": "Admin Matrícula",
    "icono": "fa-bolt",
    "padre_tipo": null,
    "estado": true
  }
},
{
  "model": "sitio.tipomodulo",
  "pk": 7,
  "fields": {
    "nombre": "Estudiante",
    "icono": "fa-battery-full",
    "padre_tipo": 1,
    "estado": true
  }
},
{
  "model": "sitio.tipomodulo",
  "pk": 8,
  "fields": {
    "nombre": "Gestor",
    "icono": "fa-plus",
    "padre_tipo": 1,
    "estado": true
  }
},
{
  "model": "sitio.tipomodulo",
  "pk": 9,
  "fields": {
    "nombre": "Instructor",
    "icono": "fa-commentsa",
    "padre_tipo": 1,
    "estado": true
  }
},
{
  "model": "sitio.tipomodulo",
  "pk": 10,
  "fields": {
    "nombre": "Maestro",
    "icono": "fa-bolta",
    "padre_tipo": 1,
    "estado": true
  }
},
{
  "model": "sitio.tipomodulo",
  "pk": 11,
  "fields": {
    "nombre": "Cursos",
    "icono": "fa-bell",
    "padre_tipo": null,
    "estado": true
  }
},
{
  "model": "sitio.tipomodulo",
  "pk": 12,
  "fields": {
    "nombre": "Mis Datos",
    "icono": "fa-tachometer-alt",
    "padre_tipo": null,
    "estado": true
  }
},
{
  "model": "sitio.tipomodulo",
  "pk": 13,
  "fields": {
    "nombre": "Sistema",
    "icono": "fa-chart-pie",
    "padre_tipo": null,
    "estado": true
  }
},
{
  "model": "sitio.modulo",
  "pk": 5,
  "fields": {
    "nombre": "Provincias",
    "icono": "far fa-circle",
    "tipo": 4,
    "url_path": "prematricula:listar-provincia",
    "estado": true,
    "grupos": [
      1
    ]
  }
},
{
  "model": "sitio.modulo",
  "pk": 6,
  "fields": {
    "nombre": "Cargo-Instructor",
    "icono": "far fa-circle",
    "tipo": 9,
    "url_path": "prematricula:cargo-instructor",
    "estado": true,
    "grupos": [
      1
    ]
  }
},
{
  "model": "sitio.modulo",
  "pk": 7,
  "fields": {
    "nombre": "Ocupación",
    "icono": "fa-bell",
    "tipo": 7,
    "url_path": "prematricula:estudiante-ocupacion",
    "estado": true,
    "grupos": [
      1
    ]
  }
},
{
  "model": "sitio.modulo",
  "pk": 10,
  "fields": {
    "nombre": "Gestionar Estudiante",
    "icono": "far fa-circle",
    "tipo": 1,
    "url_path": "prematricula:estudiante",
    "estado": true,
    "grupos": [
      1
    ]
  }
},
{
  "model": "sitio.modulo",
  "pk": 11,
  "fields": {
    "nombre": "Discapacidad",
    "icono": "fa-bolta",
    "tipo": 7,
    "url_path": "prematricula:estudiante-discapacidad",
    "estado": true,
    "grupos": [
      1
    ]
  }
},
{
  "model": "sitio.modulo",
  "pk": 12,
  "fields": {
    "nombre": "Cat-Ocupacional",
    "icono": "fa-bolt",
    "tipo": 7,
    "url_path": "prematricula:estudiante-cat-ocupacional",
    "estado": true,
    "grupos": [
      1
    ]
  }
},
{
  "model": "sitio.modulo",
  "pk": 13,
  "fields": {
    "nombre": "Gestionar Trabajador",
    "icono": "fa-circle",
    "tipo": 1,
    "url_path": "prematricula:instructor",
    "estado": true,
    "grupos": [
      1
    ]
  }
},
{
  "model": "sitio.modulo",
  "pk": 14,
  "fields": {
    "nombre": "Gestión Maestro",
    "icono": "fa-bolt",
    "tipo": 10,
    "url_path": "sitio:listarddsdfsdf",
    "estado": true,
    "grupos": [
      1
    ]
  }
},
{
  "model": "sitio.modulo",
  "pk": 15,
  "fields": {
    "nombre": "JCP",
    "icono": "fa-cogs",
    "tipo": 4,
    "url_path": "prematricula:entidad-jcp",
    "estado": true,
    "grupos": [
      1
    ]
  }
},
{
  "model": "sitio.modulo",
  "pk": 16,
  "fields": {
    "nombre": "JCM",
    "icono": "fa-chart-pie",
    "tipo": 4,
    "url_path": "prematricula:entidad-jcm",
    "estado": true,
    "grupos": [
      1
    ]
  }
},
{
  "model": "sitio.modulo",
  "pk": 17,
  "fields": {
    "nombre": "JCB",
    "icono": "fa-bell",
    "tipo": 4,
    "url_path": "prematricula:entidad-jcb",
    "estado": true,
    "grupos": [
      1
    ]
  }
},
{
  "model": "sitio.modulo",
  "pk": 18,
  "fields": {
    "nombre": "Región",
    "icono": "fa-chart-pie",
    "tipo": 4,
    "url_path": "prematricula:entidad-region",
    "estado": true,
    "grupos": [
      1
    ]
  }
},
{
  "model": "sitio.modulo",
  "pk": 19,
  "fields": {
    "nombre": "Municipio",
    "icono": "fa-bolt",
    "tipo": 4,
    "url_path": "prematricula:entidad-municipio",
    "estado": true,
    "grupos": [
      1
    ]
  }
},
{
  "model": "sitio.modulo",
  "pk": 20,
  "fields": {
    "nombre": "Cursos",
    "icono": "fa-bolt",
    "tipo": 3,
    "url_path": "prematricula:curso",
    "estado": true,
    "grupos": [
      1
    ]
  }
},
{
  "model": "sitio.modulo",
  "pk": 21,
  "fields": {
    "nombre": "Tipos-Cursos",
    "icono": "fa-bell",
    "tipo": 3,
    "url_path": "prematricula:curso-tipo",
    "estado": true,
    "grupos": [
      1
    ]
  }
},
{
  "model": "sitio.modulo",
  "pk": 22,
  "fields": {
    "nombre": "Curso-Interés",
    "icono": "fa-bolt",
    "tipo": 3,
    "url_path": "sitio:listarzxczxxcx",
    "estado": true,
    "grupos": [
      1
    ]
  }
},
{
  "model": "sitio.modulo",
  "pk": 23,
  "fields": {
    "nombre": "Matrículas",
    "icono": "fa-bell",
    "tipo": 6,
    "url_path": "sitio:listarwdewed",
    "estado": true,
    "grupos": [
      1
    ]
  }
},
{
  "model": "sitio.modulo",
  "pk": 24,
  "fields": {
    "nombre": "Modalidad-Matrícula",
    "icono": "fa-battery-full",
    "tipo": 6,
    "url_path": "prematricula:matricula-modalidad",
    "estado": true,
    "grupos": [
      1
    ]
  }
},
{
  "model": "sitio.modulo",
  "pk": 25,
  "fields": {
    "nombre": "Estado-Matrícula",
    "icono": "fa-cogs",
    "tipo": 6,
    "url_path": "prematricula:matricula-estado",
    "estado": true,
    "grupos": [
      1
    ]
  }
},
{
  "model": "sitio.modulo",
  "pk": 26,
  "fields": {
    "nombre": "Profesor-Matrícula",
    "icono": "fa-chart-pie",
    "tipo": 6,
    "url_path": "sitio:listarsssads",
    "estado": true,
    "grupos": [
      1
    ]
  }
},
{
  "model": "sitio.modulo",
  "pk": 28,
  "fields": {
    "nombre": "Listado de Cursos",
    "icono": "fa-comments",
    "tipo": 11,
    "url_path": "estudiante:listar-curso",
    "estado": true,
    "grupos": [
      2
    ]
  }
},
{
  "model": "sitio.modulo",
  "pk": 29,
  "fields": {
    "nombre": "Matricular",
    "icono": "fa-chart-pie",
    "tipo": 11,
    "url_path": "sitio:listarsdgfd",
    "estado": true,
    "grupos": [
      2
    ]
  }
},
{
  "model": "sitio.modulo",
  "pk": 30,
  "fields": {
    "nombre": "Mis Cursos",
    "icono": "fa-battery-full",
    "tipo": 11,
    "url_path": "sitio:listarertrewt",
    "estado": true,
    "grupos": [
      2
    ]
  }
},
{
  "model": "sitio.modulo",
  "pk": 31,
  "fields": {
    "nombre": "Ver perfil",
    "icono": "fa-plus",
    "tipo": 12,
    "url_path": "sitio:listarweqweqwe",
    "estado": true,
    "grupos": [
      2
    ]
  }
},
{
  "model": "sitio.modulo",
  "pk": 32,
  "fields": {
    "nombre": "Editar perfil",
    "icono": "fa-bell",
    "tipo": 12,
    "url_path": "sitio:listarerewtwe",
    "estado": true,
    "grupos": [
      2
    ]
  }
},
{
  "model": "sitio.modulo",
  "pk": 33,
  "fields": {
    "nombre": "Chat",
    "icono": "fa-comments",
    "tipo": 13,
    "url_path": "sitio:listarsds",
    "estado": true,
    "grupos": [
      2
    ]
  }
},
{
  "model": "sitio.modulo",
  "pk": 34,
  "fields": {
    "nombre": "Mensajes",
    "icono": "fa-cogs",
    "tipo": 13,
    "url_path": "sitio:listarsddsd",
    "estado": true,
    "grupos": [
      2
    ]
  }
},
{
  "model": "sitio.modulo",
  "pk": 35,
  "fields": {
    "nombre": "Contáctenos",
    "icono": "fa-bell",
    "tipo": 13,
    "url_path": "sitio:listardsaas",
    "estado": true,
    "grupos": [
      2
    ]
  }
},
{
  "model": "sitio.modulo",
  "pk": 36,
  "fields": {
    "nombre": "Directorio JCC",
    "icono": "far fa-circle",
    "tipo": 13,
    "url_path": "sitio:listareffewfew",
    "estado": true,
    "grupos": [
      2
    ]
  }
},
{
  "model": "sitio.modulo",
  "pk": 37,
  "fields": {
    "nombre": "Detalle Matrícula",
    "icono": "fa-bolt",
    "tipo": 6,
    "url_path": "prematricula:matricula-page",
    "estado": true,
    "grupos": [
      1,
      2
    ]
  }
},
{
  "model": "sitio.modulo",
  "pk": 38,
  "fields": {
    "nombre": "Gestionar Gestor",
    "icono": "far fa-circle",
    "tipo": 1,
    "url_path": "prematricula:gestor",
    "estado": true,
    "grupos": [
      1
    ]
  }
},
{
  "model": "sitio.modulo",
  "pk": 39,
  "fields": {
    "nombre": "Gestionar Admin",
    "icono": "far fa-circle",
    "tipo": 1,
    "url_path": "prematricula:admin",
    "estado": true,
    "grupos": [
      1
    ]
  }
},
{
  "model": "user.perfil",
  "pk": 1,
  "fields": {
    "user": 1,
    "ci": 84093018929,
    "nombre": "Roaldyss",
    "apellido1": "Garcia",
    "apellido2": "Robaina",
    "direccion": "potosi #1 /ambron y la piedra",
    "municipio": 1,
    "telefono": "77943740",
    "correo": "roaldis.garcia@cha.jovenclub.cu",
    "avatar": "users/avatar/avatar4_9r0OWfO_NCJz3pk.png",
    "tipo": "AD",
    "gestor": false
  }
},
{
  "model": "user.perfil",
  "pk": 13,
  "fields": {
    "user": 15,
    "ci": 31343242343,
    "nombre": "Frank",
    "apellido1": "Garcia",
    "apellido2": "Rodriguez",
    "direccion": "dsfkjsdllsdlsdfsdfdsf",
    "municipio": 2,
    "telefono": "34324234234234",
    "correo": "frank@nauta.com",
    "avatar": "users/avatar/avatar5_unLxN62.png",
    "tipo": "ES",
    "gestor": false
  }
},
{
  "model": "user.perfil",
  "pk": 23,
  "fields": {
    "user": 25,
    "ci": 22233333333,
    "nombre": "Petronila",
    "apellido1": "Luanda",
    "apellido2": "Paris",
    "direccion": "Calle4 / 5ta y 4ta",
    "municipio": 1,
    "telefono": "3333333",
    "correo": "petronila@nauta.com.cu",
    "avatar": "users/avatar/team-2.jpg",
    "tipo": "ES",
    "gestor": false
  }
},
{
  "model": "user.perfil",
  "pk": 24,
  "fields": {
    "user": 26,
    "ci": 11111111111,
    "nombre": "Guillermo",
    "apellido1": "Garcia",
    "apellido2": "Frias",
    "direccion": "dsadasdsad",
    "municipio": 1,
    "telefono": "24321423",
    "correo": "roaldis.garcia1@cha.jovenclub.cu",
    "avatar": "users/avatar/team-1.jpg",
    "tipo": "ES",
    "gestor": false
  }
},
{
  "model": "user.perfil",
  "pk": 27,
  "fields": {
    "user": 29,
    "ci": 34534534534,
    "nombre": "Anaaaa",
    "apellido1": "Alveresa",
    "apellido2": "lopez",
    "direccion": "Potosi #1 / Corral Falso y Pento",
    "municipio": 3,
    "telefono": "455555",
    "correo": "lopo@nauta.cu",
    "avatar": "users/avatar/team-4_5S5Xcmd.jpg",
    "tipo": "ES",
    "gestor": false
  }
},
{
  "model": "user.perfil",
  "pk": 30,
  "fields": {
    "user": 35,
    "ci": 33366666666,
    "nombre": "Yamila",
    "apellido1": "Rodriguez",
    "apellido2": "Rodriguez",
    "direccion": "Poto si #1 /corralfalso y barreto",
    "municipio": 1,
    "telefono": "343433434334434",
    "correo": "yami@nauta.com",
    "avatar": "default.png",
    "tipo": "ES",
    "gestor": false
  }
},
{
  "model": "user.perfil",
  "pk": 31,
  "fields": {
    "user": 36,
    "ci": 89898989898,
    "nombre": "Francisco",
    "apellido1": "Garcia",
    "apellido2": "Guerra",
    "direccion": "xcvcxvcvcvxcvc",
    "municipio": 3,
    "telefono": "77943740",
    "correo": "frank12@ddd.com",
    "avatar": "users/avatar/DSC_0001.JPG",
    "tipo": "PR",
    "gestor": false
  }
},
{
  "model": "user.perfil",
  "pk": 32,
  "fields": {
    "user": 37,
    "ci": 55656565656,
    "nombre": "Maria",
    "apellido1": "Verdecia",
    "apellido2": "Lopez",
    "direccion": "xcvxcvxcvxcxc",
    "municipio": 1,
    "telefono": "545433",
    "correo": "marialopez@ccc.com",
    "avatar": "users/avatar/team-4.jpg",
    "tipo": "PR",
    "gestor": false
  }
},
{
  "model": "user.perfil",
  "pk": 34,
  "fields": {
    "user": 39,
    "ci": 65432123432,
    "nombre": "Lucrecia",
    "apellido1": "Des yano",
    "apellido2": "Alvarez",
    "direccion": "Vivo en la playa",
    "municipio": 5,
    "telefono": "4567889",
    "correo": "lucre@nauta.cu",
    "avatar": "default.png",
    "tipo": "ES",
    "gestor": false
  }
},
{
  "model": "user.perfil",
  "pk": 44,
  "fields": {
    "user": 49,
    "ci": 33335342222,
    "nombre": "rrrrrrrrrrrrrrrrr",
    "apellido1": "rrrrrrrrrrrrrrrrrrrrrrr",
    "apellido2": "rrrrrrrrrrrrrrrrr",
    "direccion": "rrrrrrrrrrrrrrrr",
    "municipio": 1,
    "telefono": "3434343434",
    "correo": "rrrrrrrrrr@ffdsf.co",
    "avatar": "default.png",
    "tipo": "ES",
    "gestor": false
  }
},
{
  "model": "user.perfil",
  "pk": 45,
  "fields": {
    "user": 50,
    "ci": 43423423466,
    "nombre": "sadasda",
    "apellido1": "asdsad",
    "apellido2": "asdsad",
    "direccion": "fsdfsdfdsf",
    "municipio": 1,
    "telefono": "3432432",
    "correo": "ssdfsd@fsdfdsf.com",
    "avatar": "default.png",
    "tipo": "IN",
    "gestor": false
  }
},
{
  "model": "user.perfil",
  "pk": 51,
  "fields": {
    "user": 56,
    "ci": 45345454332,
    "nombre": "fdgfhvvxcvx",
    "apellido1": "vcxvxcv",
    "apellido2": "cvxdfsfsf",
    "direccion": "cxvcvcxvxcvvc",
    "municipio": 1,
    "telefono": "5645654654654",
    "correo": "sdfdsfdsfsd@fgfdgdfg.dfgdfg",
    "avatar": "default.png",
    "tipo": "ES",
    "gestor": false
  }
},
{
  "model": "user.perfil",
  "pk": 52,
  "fields": {
    "user": 57,
    "ci": 56565656588,
    "nombre": "sdfsfsdf",
    "apellido1": "vcxvcxcv",
    "apellido2": "xcvcxvxcv",
    "direccion": "3eererwrewrerw",
    "municipio": 1,
    "telefono": "345454534543534",
    "correo": "sfddfsdf@sdfdfs.fdf",
    "avatar": "default.png",
    "tipo": "ES",
    "gestor": false
  }
},
{
  "model": "user.perfil",
  "pk": 53,
  "fields": {
    "user": 58,
    "ci": 45435345344,
    "nombre": "cxdcxvcvxc",
    "apellido1": "vxcvxcv",
    "apellido2": "xcvxcvxcvc",
    "direccion": "sdfdsfsdfsdf",
    "municipio": 3,
    "telefono": "34543534",
    "correo": "dfgdfgdg@dffsdfds.ds",
    "avatar": "default.png",
    "tipo": "ES",
    "gestor": false
  }
},
{
  "model": "user.perfil",
  "pk": 54,
  "fields": {
    "user": 59,
    "ci": 45454455555,
    "nombre": "dfgdgdf",
    "apellido1": "dfgdfg",
    "apellido2": "dfgdfgdfgdfg",
    "direccion": "sdfsdfdfsdf",
    "municipio": 1,
    "telefono": "55454545",
    "correo": "gfdgdfdfgdfgfd@dfsdfds.fgfdg",
    "avatar": "default.png",
    "tipo": "IN",
    "gestor": false
  }
},
{
  "model": "user.perfil",
  "pk": 55,
  "fields": {
    "user": 60,
    "ci": 76875423232,
    "nombre": "Ramon",
    "apellido1": "Lopez",
    "apellido2": "Garcia",
    "direccion": "ddddddcdcd ccdcdc",
    "municipio": 1,
    "telefono": "2232344444",
    "correo": "csdsd@dssd.com",
    "avatar": "users/avatar/team-1_LdTgIqY.jpg",
    "tipo": "GE",
    "gestor": false
  }
},
{
  "model": "user.perfil",
  "pk": 63,
  "fields": {
    "user": 68,
    "ci": 23423432433,
    "nombre": "saddasd",
    "apellido1": "asdasda",
    "apellido2": "sdasdasd",
    "direccion": "sdf dsfsdfsdf s sdf sdf sdfs dfs d",
    "municipio": 1,
    "telefono": "234234234",
    "correo": "sadass@dfds.csddf",
    "avatar": "default.png",
    "tipo": "AD",
    "gestor": false
  }
},
{
  "model": "preMatricula.provincia",
  "pk": 1,
  "fields": {
    "nombre": "La Habana"
  }
},
{
  "model": "preMatricula.provincia",
  "pk": 2,
  "fields": {
    "nombre": "Las Tunas"
  }
},
{
  "model": "preMatricula.provincia",
  "pk": 3,
  "fields": {
    "nombre": "Camaguey"
  }
},
{
  "model": "preMatricula.municipio",
  "pk": 1,
  "fields": {
    "nombre": "Regla",
    "provincia": 1
  }
},
{
  "model": "preMatricula.municipio",
  "pk": 2,
  "fields": {
    "nombre": "Puerto Padre",
    "provincia": 2
  }
},
{
  "model": "preMatricula.municipio",
  "pk": 3,
  "fields": {
    "nombre": "Guanabacoa",
    "provincia": 1
  }
},
{
  "model": "preMatricula.municipio",
  "pk": 5,
  "fields": {
    "nombre": "Playa",
    "provincia": 1
  }
},
{
  "model": "preMatricula.entidad",
  "pk": 6,
  "fields": {
    "nombre": "Joven Club La Habana",
    "telefono": "77978787",
    "direccion": "aaaaaaaaaa",
    "municipio": 1
  }
},
{
  "model": "preMatricula.entidad",
  "pk": 7,
  "fields": {
    "nombre": "Joven Club Las Tunas",
    "telefono": "43342444",
    "direccion": "fsdfsdfdhdhf",
    "municipio": 2
  }
},
{
  "model": "preMatricula.entidad",
  "pk": 14,
  "fields": {
    "nombre": "Joven Club Regla",
    "telefono": "77978787",
    "direccion": "fgggddb  dffgdfg  ghgfh",
    "municipio": 1
  }
},
{
  "model": "preMatricula.entidad",
  "pk": 15,
  "fields": {
    "nombre": "Joven Club Guanabacoa",
    "telefono": "23442344",
    "direccion": "dbhfghgh fdgfdg fgfgh",
    "municipio": 3
  }
},
{
  "model": "preMatricula.entidad",
  "pk": 30,
  "fields": {
    "nombre": "Regla1",
    "telefono": "77978787",
    "direccion": "Marti #375 / Aranguren y Perdomo",
    "municipio": 1
  }
},
{
  "model": "preMatricula.entidad",
  "pk": 33,
  "fields": {
    "nombre": "Guanabacoa1",
    "telefono": "5353545",
    "direccion": "fdfgdf dfg dfgdf g",
    "municipio": 3
  }
},
{
  "model": "preMatricula.jcp",
  "pk": 8,
  "fields": {
    "codigo_jcp": "1234",
    "entidad": 6
  }
},
{
  "model": "preMatricula.jcp",
  "pk": 9,
  "fields": {
    "codigo_jcp": "15456",
    "entidad": 7
  }
},
{
  "model": "preMatricula.region",
  "pk": 3,
  "fields": {
    "codigo_region": "Este-123",
    "nombre": "Este",
    "jcp": 8
  }
},
{
  "model": "preMatricula.region",
  "pk": 6,
  "fields": {
    "codigo_region": "2244w2",
    "nombre": "Este",
    "jcp": 9
  }
},
{
  "model": "preMatricula.region",
  "pk": 7,
  "fields": {
    "codigo_region": "dddw324234",
    "nombre": "Oeste",
    "jcp": 8
  }
},
{
  "model": "preMatricula.jcm",
  "pk": 6,
  "fields": {
    "codigo_jcm": "454rrr",
    "entidad": 14,
    "region": 3
  }
},
{
  "model": "preMatricula.jcm",
  "pk": 7,
  "fields": {
    "codigo_jcm": "eererere23",
    "entidad": 15,
    "region": 7
  }
},
{
  "model": "preMatricula.jcb",
  "pk": 1,
  "fields": {
    "codigo_jcb": "3dfd33343d",
    "entidad": 30,
    "jcm": 6
  }
},
{
  "model": "preMatricula.jcb",
  "pk": 4,
  "fields": {
    "codigo_jcb": "rew3445",
    "entidad": 33,
    "jcm": 7
  }
},
{
  "model": "preMatricula.cargo",
  "pk": 1,
  "fields": {
    "nombre": "Instructor C"
  }
},
{
  "model": "preMatricula.cargo",
  "pk": 2,
  "fields": {
    "nombre": "Instructor D"
  }
},
{
  "model": "preMatricula.instructor",
  "pk": 36,
  "fields": {
    "usuario_siscae": "rerereee",
    "jcb": 1,
    "cargo": 1
  }
},
{
  "model": "preMatricula.instructor",
  "pk": 37,
  "fields": {
    "usuario_siscae": "rrrrrrrrrr",
    "jcb": 1,
    "cargo": 2
  }
},
{
  "model": "preMatricula.instructor",
  "pk": 50,
  "fields": {
    "usuario_siscae": "ssssdfdfd",
    "jcb": 4,
    "cargo": 1
  }
},
{
  "model": "preMatricula.instructor",
  "pk": 59,
  "fields": {
    "usuario_siscae": "sdfsdfsdfsdf",
    "jcb": 1,
    "cargo": 1
  }
},
{
  "model": "preMatricula.maestro",
  "pk": 36,
  "fields": {}
},
{
  "model": "preMatricula.maestro",
  "pk": 37,
  "fields": {}
},
{
  "model": "preMatricula.ocupacion",
  "pk": 5,
  "fields": {
    "nombre": "Estudiante"
  }
},
{
  "model": "preMatricula.ocupacion",
  "pk": 6,
  "fields": {
    "nombre": "Trabajador"
  }
},
{
  "model": "preMatricula.ocupacion",
  "pk": 7,
  "fields": {
    "nombre": "TCP"
  }
},
{
  "model": "preMatricula.discapacidad",
  "pk": 3,
  "fields": {
    "nombre": "Cojo"
  }
},
{
  "model": "preMatricula.discapacidad",
  "pk": 4,
  "fields": {
    "nombre": "No tiene"
  }
},
{
  "model": "preMatricula.categoriaocupacional",
  "pk": 3,
  "fields": {
    "nombre": "cat-estudiante"
  }
},
{
  "model": "preMatricula.estudiante",
  "pk": 15,
  "fields": {
    "usuario_sisce": null,
    "discapacidad": 3,
    "categoria_ocupacional": 3,
    "creado_por": null,
    "ocupacion": 5
  }
},
{
  "model": "preMatricula.estudiante",
  "pk": 25,
  "fields": {
    "usuario_sisce": null,
    "discapacidad": 3,
    "categoria_ocupacional": 3,
    "creado_por": null,
    "ocupacion": 5
  }
},
{
  "model": "preMatricula.estudiante",
  "pk": 26,
  "fields": {
    "usuario_sisce": null,
    "discapacidad": 3,
    "categoria_ocupacional": 3,
    "creado_por": null,
    "ocupacion": 5
  }
},
{
  "model": "preMatricula.estudiante",
  "pk": 29,
  "fields": {
    "usuario_sisce": null,
    "discapacidad": 3,
    "categoria_ocupacional": 3,
    "creado_por": 1,
    "ocupacion": 5
  }
},
{
  "model": "preMatricula.estudiante",
  "pk": 35,
  "fields": {
    "usuario_sisce": null,
    "discapacidad": 3,
    "categoria_ocupacional": 3,
    "creado_por": 1,
    "ocupacion": 5
  }
},
{
  "model": "preMatricula.estudiante",
  "pk": 39,
  "fields": {
    "usuario_sisce": null,
    "discapacidad": 3,
    "categoria_ocupacional": 3,
    "creado_por": 1,
    "ocupacion": 5
  }
},
{
  "model": "preMatricula.estudiante",
  "pk": 49,
  "fields": {
    "usuario_sisce": "rrrrrrr",
    "discapacidad": 3,
    "categoria_ocupacional": 3,
    "creado_por": 1,
    "ocupacion": 5
  }
},
{
  "model": "preMatricula.estudiante",
  "pk": 56,
  "fields": {
    "usuario_sisce": "xvsdfdsfdsf",
    "discapacidad": 3,
    "categoria_ocupacional": 3,
    "creado_por": 1,
    "ocupacion": 5
  }
},
{
  "model": "preMatricula.estudiante",
  "pk": 57,
  "fields": {
    "usuario_sisce": "dfgdfgargdgdg",
    "discapacidad": 3,
    "categoria_ocupacional": 3,
    "creado_por": 1,
    "ocupacion": 5
  }
},
{
  "model": "preMatricula.estudiante",
  "pk": 58,
  "fields": {
    "usuario_sisce": "dgfsdgfgsdf",
    "discapacidad": 3,
    "categoria_ocupacional": 3,
    "creado_por": 1,
    "ocupacion": 5
  }
},
{
  "model": "preMatricula.gestor",
  "pk": 36,
  "fields": {
    "jcm": 6
  }
},
{
  "model": "preMatricula.gestor",
  "pk": 50,
  "fields": {
    "jcm": 7
  }
},
{
  "model": "preMatricula.gestor",
  "pk": 59,
  "fields": {
    "jcm": 6
  }
},
{
  "model": "preMatricula.gestor",
  "pk": 60,
  "fields": {
    "jcm": 7
  }
},
{
  "model": "preMatricula.curso",
  "pk": 2,
  "fields": {
    "nombre": "Aprendiendo Django",
    "duracion": 24,
    "descripcion": "Curso orientado a los que saben python update",
    "corto": true,
    "nextCurso": null,
    "foto": "curso_default.png"
  }
},
{
  "model": "preMatricula.curso",
  "pk": 3,
  "fields": {
    "nombre": "Operador de micro computadora",
    "duracion": 63,
    "descripcion": "Se aprende mucho sobre el manejo de la pc.",
    "corto": false,
    "nextCurso": null,
    "foto": "curso/foto/windows.png"
  }
},
{
  "model": "preMatricula.curso",
  "pk": 4,
  "fields": {
    "nombre": "Todo sobre ecured",
    "duracion": 24,
    "descripcion": "Se abordaran los temas necesario para realizar artículos para Ecured.",
    "corto": true,
    "nextCurso": 2,
    "foto": "curso/foto/ecured.jpg"
  }
},
{
  "model": "preMatricula.curso",
  "pk": 5,
  "fields": {
    "nombre": "Mi Tablet",
    "duracion": 24,
    "descripcion": "Sobre los tables",
    "corto": false,
    "nextCurso": 2,
    "foto": "curso_default.png"
  }
},
{
  "model": "preMatricula.modalidad",
  "pk": 1,
  "fields": {
    "nombre": "Presencial"
  }
},
{
  "model": "preMatricula.modalidad",
  "pk": 2,
  "fields": {
    "nombre": "Distancia"
  }
},
{
  "model": "preMatricula.estadomatricula",
  "pk": 1,
  "fields": {
    "nombre": "abierto"
  }
},
{
  "model": "preMatricula.estadomatricula",
  "pk": 2,
  "fields": {
    "nombre": "en proceso"
  }
},
{
  "model": "preMatricula.estadomatricula",
  "pk": 3,
  "fields": {
    "nombre": "cerrado"
  }
},
{
  "model": "preMatricula.tipogrupo",
  "pk": 1,
  "fields": {
    "nombre": "24h"
  }
},
{
  "model": "preMatricula.tipogrupo",
  "pk": 2,
  "fields": {
    "nombre": "64h"
  }
},
{
  "model": "preMatricula.tipogrupo",
  "pk": 3,
  "fields": {
    "nombre": "36h"
  }
},
{
  "model": "preMatricula.prematricula",
  "pk": 1,
  "fields": {
    "curso": 2,
    "jcb": 1,
    "capacidad": 2,
    "frecuencia": 2,
    "fecha_inicio": "2021-09-23",
    "fecha_fin": "2021-09-29",
    "estado": 1,
    "modalidad": 1,
    "tipo_grupo": 1,
    "fecha_creado": "2021-10-19T11:57:07.254Z",
    "likes": [
      1
    ]
  }
},
{
  "model": "preMatricula.prematricula",
  "pk": 2,
  "fields": {
    "curso": 3,
    "jcb": 1,
    "capacidad": 2,
    "frecuencia": 2,
    "fecha_inicio": "2021-09-23",
    "fecha_fin": "2021-09-28",
    "estado": 1,
    "modalidad": 1,
    "tipo_grupo": 1,
    "fecha_creado": "2021-09-24T23:09:15.585Z",
    "likes": [
      1,
      15
    ]
  }
},
{
  "model": "preMatricula.prematricula",
  "pk": 3,
  "fields": {
    "curso": 4,
    "jcb": 1,
    "capacidad": 5,
    "frecuencia": 3,
    "fecha_inicio": "2021-09-24",
    "fecha_fin": "2021-09-30",
    "estado": 1,
    "modalidad": 1,
    "tipo_grupo": 1,
    "fecha_creado": "2021-09-24T23:58:27.019Z",
    "likes": [
      15
    ]
  }
},
{
  "model": "preMatricula.prematriculamaestro",
  "pk": 4,
  "fields": {
    "preMatricula": 1,
    "maestro": 37
  }
},
{
  "model": "preMatricula.prematriculamaestro",
  "pk": 5,
  "fields": {
    "preMatricula": 2,
    "maestro": 37
  }
},
{
  "model": "preMatricula.prematriculamaestro",
  "pk": 7,
  "fields": {
    "preMatricula": 1,
    "maestro": 36
  }
},
{
  "model": "preMatricula.prematriculaestudiante",
  "pk": 68,
  "fields": {
    "preMatricula": 1,
    "estudiante": 26,
    "activo": false
  }
},
{
  "model": "preMatricula.prematriculaestudiante",
  "pk": 73,
  "fields": {
    "preMatricula": 2,
    "estudiante": 15,
    "activo": false
  }
},
{
  "model": "preMatricula.comentario",
  "pk": 265,
  "fields": {
    "texto": "sdsfsdff",
    "fecha_comentario": "2021-10-04T04:33:15.394Z",
    "preMatricula": 1,
    "usuario": 1,
    "respuestaA": null,
    "aprobado": true,
    "leido": false
  }
},
{
  "model": "preMatricula.comentario",
  "pk": 266,
  "fields": {
    "texto": "soy hijo oosdfdsfdsfsdfasdasdasdasdsad",
    "fecha_comentario": "2021-10-04T05:36:19.040Z",
    "preMatricula": 1,
    "usuario": 15,
    "respuestaA": 265,
    "aprobado": true,
    "leido": false
  }
},
{
  "model": "preMatricula.comentario",
  "pk": 267,
  "fields": {
    "texto": "hjhjh",
    "fecha_comentario": "2021-10-04T04:51:17.952Z",
    "preMatricula": 1,
    "usuario": 1,
    "respuestaA": 265,
    "aprobado": true,
    "leido": false
  }
},
{
  "model": "preMatricula.comentario",
  "pk": 268,
  "fields": {
    "texto": "llklk",
    "fecha_comentario": "2021-10-04T04:52:59.011Z",
    "preMatricula": 1,
    "usuario": 1,
    "respuestaA": 265,
    "aprobado": true,
    "leido": false
  }
},
{
  "model": "preMatricula.comentario",
  "pk": 269,
  "fields": {
    "texto": ";lkj;lj;lkj;lkj",
    "fecha_comentario": "2021-10-04T04:54:29.847Z",
    "preMatricula": 1,
    "usuario": 1,
    "respuestaA": 265,
    "aprobado": true,
    "leido": false
  }
},
{
  "model": "preMatricula.comentario",
  "pk": 270,
  "fields": {
    "texto": "ffff",
    "fecha_comentario": "2021-10-04T05:31:51.864Z",
    "preMatricula": 1,
    "usuario": 1,
    "respuestaA": null,
    "aprobado": true,
    "leido": false
  }
},
{
  "model": "preMatricula.comentario",
  "pk": 271,
  "fields": {
    "texto": "3333333",
    "fecha_comentario": "2021-10-04T05:41:11.843Z",
    "preMatricula": 1,
    "usuario": 15,
    "respuestaA": 270,
    "aprobado": true,
    "leido": false
  }
},
{
  "model": "preMatricula.comentario",
  "pk": 272,
  "fields": {
    "texto": "qqqqqqqqqqqqqqqqqqq",
    "fecha_comentario": "2021-10-04T05:39:30.425Z",
    "preMatricula": 1,
    "usuario": 15,
    "respuestaA": 270,
    "aprobado": true,
    "leido": false
  }
},
{
  "model": "preMatricula.comentario",
  "pk": 273,
  "fields": {
    "texto": "sssssssssssssssssssssssssssssssss",
    "fecha_comentario": "2021-10-04T05:51:34.075Z",
    "preMatricula": 1,
    "usuario": 15,
    "respuestaA": 270,
    "aprobado": true,
    "leido": false
  }
},
{
  "model": "preMatricula.comentario",
  "pk": 274,
  "fields": {
    "texto": "fsfddfsdf",
    "fecha_comentario": "2021-10-04T05:52:45.077Z",
    "preMatricula": 1,
    "usuario": 15,
    "respuestaA": 270,
    "aprobado": true,
    "leido": false
  }
},
{
  "model": "preMatricula.comentario",
  "pk": 275,
  "fields": {
    "texto": "sdfsdfsdfdsfsd",
    "fecha_comentario": "2021-10-04T05:53:23.758Z",
    "preMatricula": 1,
    "usuario": 1,
    "respuestaA": null,
    "aprobado": true,
    "leido": false
  }
},
{
  "model": "preMatricula.comentario",
  "pk": 276,
  "fields": {
    "texto": "no entiendo nada",
    "fecha_comentario": "2021-10-04T05:54:00.445Z",
    "preMatricula": 1,
    "usuario": 15,
    "respuestaA": 275,
    "aprobado": true,
    "leido": false
  }
},
{
  "model": "preMatricula.comentario",
  "pk": 277,
  "fields": {
    "texto": "poco a poco ",
    "fecha_comentario": "2021-10-04T05:54:49.774Z",
    "preMatricula": 1,
    "usuario": 1,
    "respuestaA": 275,
    "aprobado": true,
    "leido": false
  }
},
{
  "model": "preMatricula.comentario",
  "pk": 278,
  "fields": {
    "texto": "utiliza mejos la via del chat para mejor experiencia",
    "fecha_comentario": "2021-10-04T05:55:19.610Z",
    "preMatricula": 1,
    "usuario": 1,
    "respuestaA": 275,
    "aprobado": true,
    "leido": false
  }
},
{
  "model": "preMatricula.comentario",
  "pk": 279,
  "fields": {
    "texto": "zdzxcxzc",
    "fecha_comentario": "2021-10-04T05:56:59.984Z",
    "preMatricula": 1,
    "usuario": 1,
    "respuestaA": null,
    "aprobado": true,
    "leido": false
  }
},
{
  "model": "preMatricula.comentario",
  "pk": 280,
  "fields": {
    "texto": "sdfsdfsdfsd",
    "fecha_comentario": "2021-10-04T05:57:39.036Z",
    "preMatricula": 1,
    "usuario": 1,
    "respuestaA": null,
    "aprobado": true,
    "leido": false
  }
},
{
  "model": "preMatricula.comentario",
  "pk": 281,
  "fields": {
    "texto": "sdfsdfsdfsdf",
    "fecha_comentario": "2021-10-04T05:58:13.316Z",
    "preMatricula": 1,
    "usuario": 1,
    "respuestaA": null,
    "aprobado": true,
    "leido": false
  }
},
{
  "model": "preMatricula.comentario",
  "pk": 282,
  "fields": {
    "texto": "dgfdfgdfg",
    "fecha_comentario": "2021-10-04T05:58:31.334Z",
    "preMatricula": 1,
    "usuario": 15,
    "respuestaA": 281,
    "aprobado": true,
    "leido": false
  }
},
{
  "model": "preMatricula.comentario",
  "pk": 283,
  "fields": {
    "texto": "sdfsfds",
    "fecha_comentario": "2021-10-04T07:10:23.420Z",
    "preMatricula": 1,
    "usuario": 1,
    "respuestaA": null,
    "aprobado": true,
    "leido": false
  }
},
{
  "model": "preMatricula.comentario",
  "pk": 284,
  "fields": {
    "texto": "bcvbcvb",
    "fecha_comentario": "2021-10-04T07:10:28.263Z",
    "preMatricula": 1,
    "usuario": 1,
    "respuestaA": 283,
    "aprobado": true,
    "leido": false
  }
},
{
  "model": "preMatricula.comentario",
  "pk": 285,
  "fields": {
    "texto": "xffdgfgfdf",
    "fecha_comentario": "2021-10-04T07:10:48.789Z",
    "preMatricula": 1,
    "usuario": 1,
    "respuestaA": 265,
    "aprobado": true,
    "leido": false
  }
},
{
  "model": "preMatricula.comentario",
  "pk": 286,
  "fields": {
    "texto": "jgfjgfhjfg\\",
    "fecha_comentario": "2021-10-04T18:40:45.770Z",
    "preMatricula": 1,
    "usuario": 1,
    "respuestaA": null,
    "aprobado": true,
    "leido": false
  }
},
{
  "model": "preMatricula.comentario",
  "pk": 287,
  "fields": {
    "texto": "kjhgkjgjh",
    "fecha_comentario": "2021-10-04T18:40:54.155Z",
    "preMatricula": 1,
    "usuario": 1,
    "respuestaA": 286,
    "aprobado": true,
    "leido": false
  }
},
{
  "model": "preMatricula.comentario",
  "pk": 288,
  "fields": {
    "texto": "gfgdfgfdg",
    "fecha_comentario": "2021-10-05T04:55:43.298Z",
    "preMatricula": 1,
    "usuario": 1,
    "respuestaA": null,
    "aprobado": true,
    "leido": false
  }
},
{
  "model": "preMatricula.comentario",
  "pk": 289,
  "fields": {
    "texto": "dfdsfsdf",
    "fecha_comentario": "2021-10-05T08:47:01.444Z",
    "preMatricula": 1,
    "usuario": 1,
    "respuestaA": null,
    "aprobado": true,
    "leido": false
  }
},
{
  "model": "preMatricula.comentario",
  "pk": 290,
  "fields": {
    "texto": "sfsdfds",
    "fecha_comentario": "2021-10-05T08:47:11.826Z",
    "preMatricula": 1,
    "usuario": 1,
    "respuestaA": 289,
    "aprobado": true,
    "leido": false
  }
},
{
  "model": "preMatricula.comentario",
  "pk": 291,
  "fields": {
    "texto": "fgdfgfgdfgfd",
    "fecha_comentario": "2021-10-05T12:03:18.624Z",
    "preMatricula": 1,
    "usuario": 1,
    "respuestaA": null,
    "aprobado": true,
    "leido": false
  }
},
{
  "model": "preMatricula.comentario",
  "pk": 292,
  "fields": {
    "texto": "dfgdfgdfgfdg",
    "fecha_comentario": "2021-10-05T22:17:44.367Z",
    "preMatricula": 1,
    "usuario": 15,
    "respuestaA": null,
    "aprobado": true,
    "leido": false
  }
},
{
  "model": "preMatricula.comentario",
  "pk": 293,
  "fields": {
    "texto": "sdfvfdgcvdfg",
    "fecha_comentario": "2021-10-05T21:52:40.121Z",
    "preMatricula": 1,
    "usuario": 1,
    "respuestaA": null,
    "aprobado": true,
    "leido": false
  }
},
{
  "model": "preMatricula.comentario",
  "pk": 294,
  "fields": {
    "texto": "dsfsfdffd",
    "fecha_comentario": "2021-10-05T22:17:58.229Z",
    "preMatricula": 1,
    "usuario": 15,
    "respuestaA": null,
    "aprobado": true,
    "leido": false
  }
},
{
  "model": "preMatricula.comentario",
  "pk": 295,
  "fields": {
    "texto": "Soy un papa de comentario",
    "fecha_comentario": "2021-10-11T07:20:11.627Z",
    "preMatricula": 1,
    "usuario": 1,
    "respuestaA": null,
    "aprobado": true,
    "leido": false
  }
},
{
  "model": "preMatricula.comentario",
  "pk": 296,
  "fields": {
    "texto": "jkkljkjlkjkk",
    "fecha_comentario": "2021-10-09T00:26:30.911Z",
    "preMatricula": 1,
    "usuario": 1,
    "respuestaA": 295,
    "aprobado": true,
    "leido": false
  }
},
{
  "model": "preMatricula.comentario",
  "pk": 297,
  "fields": {
    "texto": "comentario hijo de roal",
    "fecha_comentario": "2021-10-11T07:08:14.701Z",
    "preMatricula": 1,
    "usuario": 1,
    "respuestaA": 295,
    "aprobado": true,
    "leido": false
  }
},
{
  "model": "preMatricula.comentario",
  "pk": 298,
  "fields": {
    "texto": "Hola quiero saber mas sobre este",
    "fecha_comentario": "2021-10-16T00:46:47.830Z",
    "preMatricula": 1,
    "usuario": 15,
    "respuestaA": null,
    "aprobado": true,
    "leido": false
  }
},
{
  "model": "preMatricula.comentario",
  "pk": 299,
  "fields": {
    "texto": "mas y mas",
    "fecha_comentario": "2021-10-16T00:47:16.024Z",
    "preMatricula": 1,
    "usuario": 1,
    "respuestaA": 298,
    "aprobado": true,
    "leido": false
  }
},
{
  "model": "preMatricula.comentario",
  "pk": 300,
  "fields": {
    "texto": ",jhgkjgjgjhg",
    "fecha_comentario": "2021-10-19T11:58:29.474Z",
    "preMatricula": 1,
    "usuario": 1,
    "respuestaA": null,
    "aprobado": true,
    "leido": false
  }
},
{
  "model": "preMatricula.comentario",
  "pk": 301,
  "fields": {
    "texto": "hola profe me eareestoy tirando muchos peb",
    "fecha_comentario": "2021-10-19T12:00:20.075Z",
    "preMatricula": 1,
    "usuario": 15,
    "respuestaA": null,
    "aprobado": true,
    "leido": false
  }
},
{
  "model": "preMatricula.cursointeres",
  "pk": 1,
  "fields": {
    "frecuencia": 2,
    "curso": 2,
    "municipio": 1
  }
},
{
  "model": "preMatricula.cursointeres",
  "pk": 2,
  "fields": {
    "frecuencia": 2,
    "curso": 3,
    "municipio": 3
  }
},
{
  "model": "preMatricula.estudiantecursointeres",
  "pk": 1,
  "fields": {
    "cursoInteres": 1,
    "sugerencia": "estoy interesado",
    "fecha_creado": "2021-09-17",
    "estudiante": 29
  }
},
{
  "model": "preMatricula.estudiantecursointeres",
  "pk": 2,
  "fields": {
    "cursoInteres": 2,
    "sugerencia": "hola fgsgdfgdf df gdfg",
    "fecha_creado": "2021-09-17",
    "estudiante": 29
  }
}
]
